run_seed,episode,epsilon,maze,scenario_seed,win,moves,captures,score
11,1,0.8,room,110000,True,13,2,387
11,2,0.7997,corridors,110001,False,120,0,-120
11,3,0.7994,detour,110002,True,22,2,378
11,4,0.7991,room,110003,True,36,2,364
11,5,0.7988,corridors,110004,True,62,2,338
11,6,0.7984,detour,110005,True,110,2,290
11,7,0.7981,room,110006,True,34,2,366
11,8,0.7978,corridors,110007,True,46,2,354
11,9,0.7975,detour,110008,False,120,1,80
11,10,0.7972,room,110009,True,29,2,371
11,11,0.7969,corridors,110010,True,61,2,339
11,12,0.7966,detour,110011,True,74,2,326
11,13,0.7963,room,110012,True,75,2,325
11,14,0.7959,corridors,110013,True,65,2,335
11,15,0.7956,detour,110014,False,120,1,80
11,16,0.7953,room,110015,True,33,2,367
11,17,0.795,corridors,110016,True,14,2,386
11,18,0.7947,detour,110017,True,20,2,380
11,19,0.7944,room,110018,True,45,2,355
11,20,0.7941,corridors,110019,False,120,1,80
11,21,0.7938,detour,110020,True,74,2,326
11,22,0.7934,room,110021,True,50,2,350
11,23,0.7931,corridors,110022,True,9,2,391
11,24,0.7928,detour,110023,False,120,1,80
11,25,0.7925,room,110024,True,89,2,311
11,26,0.7922,corridors,110025,True,41,2,359
11,27,0.7919,detour,110026,True,84,2,316
11,28,0.7916,room,110027,True,30,2,370
11,29,0.7913,corridors,110028,True,67,2,333
11,30,0.7909,detour,110029,True,79,2,321
11,31,0.7906,room,110030,True,102,2,298
11,32,0.7903,corridors,110031,True,42,2,358
11,33,0.79,detour,110032,True,53,2,347
11,34,0.7897,room,110033,True,28,2,372
11,35,0.7894,corridors,110034,True,48,2,352
11,36,0.7891,detour,110035,True,27,2,373
11,37,0.7888,room,110036,True,31,2,369
11,38,0.7884,corridors,110037,True,25,2,375
11,39,0.7881,detour,110038,False,120,0,-120
11,40,0.7878,room,110039,True,32,2,368
11,41,0.7875,corridors,110040,True,62,2,338
11,42,0.7872,detour,110041,False,120,1,80
11,43,0.7869,room,110042,True,59,2,341
11,44,0.7866,corridors,110043,True,23,2,377
11,45,0.7863,detour,110044,False,120,1,80
11,46,0.7859,room,110045,True,79,2,321
11,47,0.7856,corridors,110046,True,114,2,286
11,48,0.7853,detour,110047,True,48,2,352
11,49,0.785,room,110048,True,75,2,325
11,50,0.7847,corridors,110049,True,59,2,341
11,51,0.7844,detour,110050,True,24,2,376
11,52,0.7841,room,110051,True,36,2,364
11,53,0.7838,corridors,110052,True,109,2,291
11,54,0.7834,detour,110053,True,50,2,350
11,55,0.7831,room,110054,True,111,2,289
11,56,0.7828,corridors,110055,True,43,2,357
11,57,0.7825,detour,110056,False,120,0,-120
11,58,0.7822,room,110057,True,55,2,345
11,59,0.7819,corridors,110058,True,45,2,355
11,60,0.7816,detour,110059,False,120,1,80
11,61,0.7812,room,110060,True,38,2,362
11,62,0.7809,corridors,110061,False,120,1,80
11,63,0.7806,detour,110062,True,25,2,375
11,64,0.7803,room,110063,True,41,2,359
11,65,0.78,corridors,110064,True,43,2,357
11,66,0.7797,detour,110065,True,58,2,342
11,67,0.7794,room,110066,True,35,2,365
11,68,0.7791,corridors,110067,False,120,1,80
11,69,0.7788,detour,110068,True,60,2,340
11,70,0.7784,room,110069,True,39,2,361
11,71,0.7781,corridors,110070,True,49,2,351
11,72,0.7778,detour,110071,True,31,2,369
11,73,0.7775,room,110072,True,97,2,303
11,74,0.7772,corridors,110073,True,23,2,377
11,75,0.7769,detour,110074,True,103,2,297
11,76,0.7766,room,110075,True,33,2,367
11,77,0.7762,corridors,110076,True,15,2,385
11,78,0.7759,detour,110077,True,18,2,382
11,79,0.7756,room,110078,True,12,2,388
11,80,0.7753,corridors,110079,True,105,2,295
11,81,0.775,detour,110080,True,96,2,304
11,82,0.7747,room,110081,True,37,2,363
11,83,0.7744,corridors,110082,True,11,2,389
11,84,0.7741,detour,110083,True,111,2,289
11,85,0.7738,room,110084,False,120,1,80
11,86,0.7734,corridors,110085,True,55,2,345
11,87,0.7731,detour,110086,False,120,0,-120
11,88,0.7728,room,110087,True,58,2,342
11,89,0.7725,corridors,110088,True,14,2,386
11,90,0.7722,detour,110089,True,52,2,348
11,91,0.7719,room,110090,True,72,2,328
11,92,0.7716,corridors,110091,True,22,2,378
11,93,0.7712,detour,110092,True,35,2,365
11,94,0.7709,room,110093,True,21,2,379
11,95,0.7706,corridors,110094,True,15,2,385
11,96,0.7703,detour,110095,True,22,2,378
11,97,0.77,room,110096,True,27,2,373
11,98,0.7697,corridors,110097,True,36,2,364
11,99,0.7694,detour,110098,True,37,2,363
11,100,0.7691,room,110099,True,32,2,368
11,101,0.7688,corridors,110100,True,9,2,391
11,102,0.7684,detour,110101,False,120,1,80
11,103,0.7681,room,110102,True,47,2,353
11,104,0.7678,corridors,110103,True,78,2,322
11,105,0.7675,detour,110104,True,22,2,378
11,106,0.7672,room,110105,True,14,2,386
11,107,0.7669,corridors,110106,True,57,2,343
11,108,0.7666,detour,110107,True,26,2,374
11,109,0.7663,room,110108,True,70,2,330
11,110,0.7659,corridors,110109,True,22,2,378
11,111,0.7656,detour,110110,True,49,2,351
11,112,0.7653,room,110111,True,3,2,397
11,113,0.765,corridors,110112,True,19,2,381
11,114,0.7647,detour,110113,True,65,2,335
11,115,0.7644,room,110114,True,77,2,323
11,116,0.7641,corridors,110115,True,67,2,333
11,117,0.7638,detour,110116,False,120,0,-120
11,118,0.7634,room,110117,True,6,2,394
11,119,0.7631,corridors,110118,True,51,2,349
11,120,0.7628,detour,110119,True,53,2,347
11,121,0.7625,room,110120,True,22,2,378
11,122,0.7622,corridors,110121,True,22,2,378
11,123,0.7619,detour,110122,True,27,2,373
11,124,0.7616,room,110123,True,40,2,360
11,125,0.7613,corridors,110124,True,46,2,354
11,126,0.7609,detour,110125,True,66,2,334
11,127,0.7606,room,110126,True,37,2,363
11,128,0.7603,corridors,110127,True,90,2,310
11,129,0.76,detour,110128,True,29,2,371
11,130,0.7597,room,110129,True,36,2,364
11,131,0.7594,corridors,110130,True,63,2,337
11,132,0.7591,detour,110131,True,42,2,358
11,133,0.7588,room,110132,True,32,2,368
11,134,0.7584,corridors,110133,True,46,2,354
11,135,0.7581,detour,110134,True,80,2,320
11,136,0.7578,room,110135,True,14,2,386
11,137,0.7575,corridors,110136,True,20,2,380
11,138,0.7572,detour,110137,True,115,2,285
11,139,0.7569,room,110138,True,71,2,329
11,140,0.7566,corridors,110139,True,81,2,319
11,141,0.7563,detour,110140,True,46,2,354
11,142,0.7559,room,110141,True,44,2,356
11,143,0.7556,corridors,110142,True,29,2,371
11,144,0.7553,detour,110143,True,25,2,375
11,145,0.755,room,110144,True,92,2,308
11,146,0.7547,corridors,110145,True,39,2,361
11,147,0.7544,detour,110146,True,72,2,328
11,148,0.7541,room,110147,True,38,2,362
11,149,0.7538,corridors,110148,True,52,2,348
11,150,0.7534,detour,110149,True,5,2,395
11,151,0.7531,room,110150,True,20,2,380
11,152,0.7528,corridors,110151,True,59,2,341
11,153,0.7525,detour,110152,True,5,2,395
11,154,0.7522,room,110153,True,28,2,372
11,155,0.7519,corridors,110154,True,70,2,330
11,156,0.7516,detour,110155,True,23,2,377
11,157,0.7513,room,110156,True,21,2,379
11,158,0.7509,corridors,110157,True,42,2,358
11,159,0.7506,detour,110158,True,111,2,289
11,160,0.7503,room,110159,True,14,2,386
11,161,0.75,corridors,110160,True,12,2,388
11,162,0.7497,detour,110161,True,33,2,367
11,163,0.7494,room,110162,True,44,2,356
11,164,0.7491,corridors,110163,True,12,2,388
11,165,0.7488,detour,110164,True,66,2,334
11,166,0.7484,room,110165,True,30,2,370
11,167,0.7481,corridors,110166,True,19,2,381
11,168,0.7478,detour,110167,True,76,2,324
11,169,0.7475,room,110168,True,34,2,366
11,170,0.7472,corridors,110169,True,55,2,345
11,171,0.7469,detour,110170,True,38,2,362
11,172,0.7466,room,110171,True,12,2,388
11,173,0.7463,corridors,110172,True,56,2,344
11,174,0.7459,detour,110173,True,49,2,351
11,175,0.7456,room,110174,True,82,2,318
11,176,0.7453,corridors,110175,True,19,2,381
11,177,0.745,detour,110176,True,88,2,312
11,178,0.7447,room,110177,True,112,2,288
11,179,0.7444,corridors,110178,True,33,2,367
11,180,0.7441,detour,110179,True,29,2,371
11,181,0.7438,room,110180,True,30,2,370
11,182,0.7434,corridors,110181,True,118,2,282
11,183,0.7431,detour,110182,True,28,2,372
11,184,0.7428,room,110183,True,15,2,385
11,185,0.7425,corridors,110184,True,53,2,347
11,186,0.7422,detour,110185,True,79,2,321
11,187,0.7419,room,110186,True,18,2,382
11,188,0.7416,corridors,110187,True,9,2,391
11,189,0.7413,detour,110188,True,27,2,373
11,190,0.7409,room,110189,True,57,2,343
11,191,0.7406,corridors,110190,True,96,2,304
11,192,0.7403,detour,110191,False,120,1,80
11,193,0.74,room,110192,True,32,2,368
11,194,0.7397,corridors,110193,True,24,2,376
11,195,0.7394,detour,110194,True,48,2,352
11,196,0.7391,room,110195,True,14,2,386
11,197,0.7388,corridors,110196,True,54,2,346
11,198,0.7384,detour,110197,True,3,2,397
11,199,0.7381,room,110198,True,44,2,356
11,200,0.7378,corridors,110199,True,56,2,344
11,201,0.7375,detour,110200,True,70,2,330
11,202,0.7372,room,110201,True,24,2,376
11,203,0.7369,corridors,110202,True,33,2,367
11,204,0.7366,detour,110203,True,28,2,372
11,205,0.7363,room,110204,True,62,2,338
11,206,0.7359,corridors,110205,True,49,2,351
11,207,0.7356,detour,110206,True,55,2,345
11,208,0.7353,room,110207,True,25,2,375
11,209,0.735,corridors,110208,True,21,2,379
11,210,0.7347,detour,110209,True,69,2,331
11,211,0.7344,room,110210,True,37,2,363
11,212,0.7341,corridors,110211,True,8,2,392
11,213,0.7338,detour,110212,True,12,2,388
11,214,0.7334,room,110213,True,61,2,339
11,215,0.7331,corridors,110214,True,10,2,390
11,216,0.7328,detour,110215,True,45,2,355
11,217,0.7325,room,110216,True,17,2,383
11,218,0.7322,corridors,110217,False,120,1,80
11,219,0.7319,detour,110218,True,31,2,369
11,220,0.7316,room,110219,True,46,2,354
11,221,0.7313,corridors,110220,True,35,2,365
11,222,0.7309,detour,110221,True,24,2,376
11,223,0.7306,room,110222,True,23,2,377
11,224,0.7303,corridors,110223,False,120,1,80
11,225,0.73,detour,110224,True,88,2,312
11,226,0.7297,room,110225,True,56,2,344
11,227,0.7294,corridors,110226,True,40,2,360
11,228,0.7291,detour,110227,True,31,2,369
11,229,0.7288,room,110228,True,47,2,353
11,230,0.7284,corridors,110229,True,27,2,373
11,231,0.7281,detour,110230,True,6,2,394
11,232,0.7278,room,110231,True,35,2,365
11,233,0.7275,corridors,110232,True,61,2,339
11,234,0.7272,detour,110233,True,84,2,316
11,235,0.7269,room,110234,True,23,2,377
11,236,0.7266,corridors,110235,True,39,2,361
11,237,0.7263,detour,110236,True,9,2,391
11,238,0.7259,room,110237,True,29,2,371
11,239,0.7256,corridors,110238,True,11,2,389
11,240,0.7253,detour,110239,True,66,2,334
11,241,0.725,room,110240,True,12,2,388
11,242,0.7247,corridors,110241,True,69,2,331
11,243,0.7244,detour,110242,False,120,1,80
11,244,0.7241,room,110243,True,9,2,391
11,245,0.7238,corridors,110244,True,10,2,390
11,246,0.7234,detour,110245,True,50,2,350
11,247,0.7231,room,110246,True,17,2,383
11,248,0.7228,corridors,110247,True,5,2,395
11,249,0.7225,detour,110248,True,98,2,302
11,250,0.7222,room,110249,True,9,2,391
11,251,0.7219,corridors,110250,True,29,2,371
11,252,0.7216,detour,110251,True,17,2,383
11,253,0.7213,room,110252,True,22,2,378
11,254,0.7209,corridors,110253,True,80,2,320
11,255,0.7206,detour,110254,True,48,2,352
11,256,0.7203,room,110255,True,30,2,370
11,257,0.72,corridors,110256,True,29,2,371
11,258,0.7197,detour,110257,True,41,2,359
11,259,0.7194,room,110258,True,37,2,363
11,260,0.7191,corridors,110259,True,41,2,359
11,261,0.7188,detour,110260,True,39,2,361
11,262,0.7184,room,110261,True,20,2,380
11,263,0.7181,corridors,110262,True,105,2,295
11,264,0.7178,detour,110263,True,94,2,306
11,265,0.7175,room,110264,True,33,2,367
11,266,0.7172,corridors,110265,True,21,2,379
11,267,0.7169,detour,110266,True,23,2,377
11,268,0.7166,room,110267,True,8,2,392
11,269,0.7163,corridors,110268,True,23,2,377
11,270,0.7159,detour,110269,True,56,2,344
11,271,0.7156,room,110270,True,25,2,375
11,272,0.7153,corridors,110271,True,28,2,372
11,273,0.715,detour,110272,True,36,2,364
11,274,0.7147,room,110273,True,27,2,373
11,275,0.7144,corridors,110274,True,15,2,385
11,276,0.7141,detour,110275,True,113,2,287
11,277,0.7137,room,110276,True,29,2,371
11,278,0.7134,corridors,110277,True,33,2,367
11,279,0.7131,detour,110278,True,77,2,323
11,280,0.7128,room,110279,True,21,2,379
11,281,0.7125,corridors,110280,True,33,2,367
11,282,0.7122,detour,110281,True,22,2,378
11,283,0.7119,room,110282,True,25,2,375
11,284,0.7116,corridors,110283,True,18,2,382
11,285,0.7113,detour,110284,True,25,2,375
11,286,0.7109,room,110285,True,66,2,334
11,287,0.7106,corridors,110286,True,29,2,371
11,288,0.7103,detour,110287,True,24,2,376
11,289,0.71,room,110288,True,11,2,389
11,290,0.7097,corridors,110289,True,14,2,386
11,291,0.7094,detour,110290,True,14,2,386
11,292,0.7091,room,110291,True,6,2,394
11,293,0.7087,corridors,110292,True,48,2,352
11,294,0.7084,detour,110293,True,45,2,355
11,295,0.7081,room,110294,True,25,2,375
11,296,0.7078,corridors,110295,True,22,2,378
11,297,0.7075,detour,110296,True,66,2,334
11,298,0.7072,room,110297,True,9,2,391
11,299,0.7069,corridors,110298,True,39,2,361
11,300,0.7066,detour,110299,True,64,2,336
11,301,0.7063,room,110300,True,28,2,372
11,302,0.7059,corridors,110301,True,39,2,361
11,303,0.7056,detour,110302,True,34,2,366
11,304,0.7053,room,110303,True,23,2,377
11,305,0.705,corridors,110304,True,24,2,376
11,306,0.7047,detour,110305,True,79,2,321
11,307,0.7044,room,110306,True,38,2,362
11,308,0.7041,corridors,110307,True,34,2,366
11,309,0.7038,detour,110308,True,55,2,345
11,310,0.7034,room,110309,True,15,2,385
11,311,0.7031,corridors,110310,True,31,2,369
11,312,0.7028,detour,110311,True,78,2,322
11,313,0.7025,room,110312,True,14,2,386
11,314,0.7022,corridors,110313,True,19,2,381
11,315,0.7019,detour,110314,True,42,2,358
11,316,0.7016,room,110315,True,14,2,386
11,317,0.7013,corridors,110316,True,23,2,377
11,318,0.7009,detour,110317,True,84,2,316
11,319,0.7006,room,110318,True,38,2,362
11,320,0.7003,corridors,110319,True,34,2,366
11,321,0.7,detour,110320,True,65,2,335
11,322,0.6997,room,110321,True,50,2,350
11,323,0.6994,corridors,110322,True,9,2,391
11,324,0.6991,detour,110323,True,83,2,317
11,325,0.6987,room,110324,True,12,2,388
11,326,0.6984,corridors,110325,True,29,2,371
11,327,0.6981,detour,110326,True,28,2,372
11,328,0.6978,room,110327,True,29,2,371
11,329,0.6975,corridors,110328,True,40,2,360
11,330,0.6972,detour,110329,True,9,2,391
11,331,0.6969,room,110330,True,29,2,371
11,332,0.6966,corridors,110331,True,64,2,336
11,333,0.6963,detour,110332,True,52,2,348
11,334,0.6959,room,110333,True,19,2,381
11,335,0.6956,corridors,110334,True,20,2,380
11,336,0.6953,detour,110335,True,16,2,384
11,337,0.695,room,110336,True,25,2,375
11,338,0.6947,corridors,110337,True,4,2,396
11,339,0.6944,detour,110338,True,105,2,295
11,340,0.6941,room,110339,True,15,2,385
11,341,0.6938,corridors,110340,True,43,2,357
11,342,0.6934,detour,110341,True,117,2,283
11,343,0.6931,room,110342,True,17,2,383
11,344,0.6928,corridors,110343,True,17,2,383
11,345,0.6925,detour,110344,True,31,2,369
11,346,0.6922,room,110345,True,20,2,380
11,347,0.6919,corridors,110346,True,21,2,379
11,348,0.6916,detour,110347,True,26,2,374
11,349,0.6913,room,110348,True,14,2,386
11,350,0.6909,corridors,110349,True,57,2,343
11,351,0.6906,detour,110350,True,12,2,388
11,352,0.6903,room,110351,True,17,2,383
11,353,0.69,corridors,110352,True,18,2,382
11,354,0.6897,detour,110353,True,46,2,354
11,355,0.6894,room,110354,True,95,2,305
11,356,0.6891,corridors,110355,True,13,2,387
11,357,0.6887,detour,110356,True,51,2,349
11,358,0.6884,room,110357,True,49,2,351
11,359,0.6881,corridors,110358,True,43,2,357
11,360,0.6878,detour,110359,True,13,2,387
11,361,0.6875,room,110360,True,26,2,374
11,362,0.6872,corridors,110361,True,42,2,358
11,363,0.6869,detour,110362,True,93,2,307
11,364,0.6866,room,110363,True,16,2,384
11,365,0.6863,corridors,110364,True,62,2,338
11,366,0.6859,detour,110365,True,41,2,359
11,367,0.6856,room,110366,True,14,2,386
11,368,0.6853,corridors,110367,True,4,2,396
11,369,0.685,detour,110368,True,20,2,380
11,370,0.6847,room,110369,True,6,2,394
11,371,0.6844,corridors,110370,True,16,2,384
11,372,0.6841,detour,110371,True,15,2,385
11,373,0.6838,room,110372,True,42,2,358
11,374,0.6834,corridors,110373,True,31,2,369
11,375,0.6831,detour,110374,True,53,2,347
11,376,0.6828,room,110375,True,17,2,383
11,377,0.6825,corridors,110376,True,15,2,385
11,378,0.6822,detour,110377,True,61,2,339
11,379,0.6819,room,110378,True,31,2,369
11,380,0.6816,corridors,110379,True,30,2,370
11,381,0.6813,detour,110380,True,57,2,343
11,382,0.6809,room,110381,True,27,2,373
11,383,0.6806,corridors,110382,True,44,2,356
11,384,0.6803,detour,110383,True,30,2,370
11,385,0.68,room,110384,True,73,2,327
11,386,0.6797,corridors,110385,True,32,2,368
11,387,0.6794,detour,110386,True,79,2,321
11,388,0.6791,room,110387,True,20,2,380
11,389,0.6788,corridors,110388,True,109,2,291
11,390,0.6784,detour,110389,True,79,2,321
11,391,0.6781,room,110390,True,10,2,390
11,392,0.6778,corridors,110391,True,29,2,371
11,393,0.6775,detour,110392,True,10,2,390
11,394,0.6772,room,110393,True,8,2,392
11,395,0.6769,corridors,110394,True,5,2,395
11,396,0.6766,detour,110395,True,14,2,386
11,397,0.6763,room,110396,True,19,2,381
11,398,0.6759,corridors,110397,True,8,2,392
11,399,0.6756,detour,110398,True,42,2,358
11,400,0.6753,room,110399,True,20,2,380
11,401,0.675,corridors,110400,True,19,2,381
11,402,0.6747,detour,110401,True,20,2,380
11,403,0.6744,room,110402,True,50,2,350
11,404,0.6741,corridors,110403,True,34,2,366
11,405,0.6738,detour,110404,True,21,2,379
11,406,0.6734,room,110405,True,19,2,381
11,407,0.6731,corridors,110406,True,10,2,390
11,408,0.6728,detour,110407,True,17,2,383
11,409,0.6725,room,110408,True,49,2,351
11,410,0.6722,corridors,110409,True,55,2,345
11,411,0.6719,detour,110410,True,23,2,377
11,412,0.6716,room,110411,True,32,2,368
11,413,0.6713,corridors,110412,True,48,2,352
11,414,0.6709,detour,110413,True,29,2,371
11,415,0.6706,room,110414,True,32,2,368
11,416,0.6703,corridors,110415,True,8,2,392
11,417,0.67,detour,110416,True,27,2,373
11,418,0.6697,room,110417,True,21,2,379
11,419,0.6694,corridors,110418,True,16,2,384
11,420,0.6691,detour,110419,True,51,2,349
11,421,0.6688,room,110420,True,4,2,396
11,422,0.6684,corridors,110421,True,19,2,381
11,423,0.6681,detour,110422,True,63,2,337
11,424,0.6678,room,110423,True,4,2,396
11,425,0.6675,corridors,110424,True,13,2,387
11,426,0.6672,detour,110425,True,20,2,380
11,427,0.6669,room,110426,True,10,2,390
11,428,0.6666,corridors,110427,True,5,2,395
11,429,0.6663,detour,110428,True,10,2,390
11,430,0.6659,room,110429,True,7,2,393
11,431,0.6656,corridors,110430,True,53,2,347
11,432,0.6653,detour,110431,True,16,2,384
11,433,0.665,room,110432,True,42,2,358
11,434,0.6647,corridors,110433,True,27,2,373
11,435,0.6644,detour,110434,True,14,2,386
11,436,0.6641,room,110435,True,9,2,391
11,437,0.6638,corridors,110436,True,41,2,359
11,438,0.6634,detour,110437,True,11,2,389
11,439,0.6631,room,110438,True,29,2,371
11,440,0.6628,corridors,110439,True,6,2,394
11,441,0.6625,detour,110440,True,88,2,312
11,442,0.6622,room,110441,True,8,2,392
11,443,0.6619,corridors,110442,True,3,2,397
11,444,0.6616,detour,110443,True,22,2,378
11,445,0.6613,room,110444,True,31,2,369
11,446,0.6609,corridors,110445,True,9,2,391
11,447,0.6606,detour,110446,True,26,2,374
11,448,0.6603,room,110447,True,24,2,376
11,449,0.66,corridors,110448,True,43,2,357
11,450,0.6597,detour,110449,True,52,2,348
11,451,0.6594,room,110450,True,76,2,324
11,452,0.6591,corridors,110451,True,28,2,372
11,453,0.6588,detour,110452,True,25,2,375
11,454,0.6584,room,110453,True,15,2,385
11,455,0.6581,corridors,110454,True,26,2,374
11,456,0.6578,detour,110455,True,9,2,391
11,457,0.6575,room,110456,True,23,2,377
11,458,0.6572,corridors,110457,True,13,2,387
11,459,0.6569,detour,110458,True,40,2,360
11,460,0.6566,room,110459,True,43,2,357
11,461,0.6562,corridors,110460,True,24,2,376
11,462,0.6559,detour,110461,True,20,2,380
11,463,0.6556,room,110462,True,48,2,352
11,464,0.6553,corridors,110463,True,35,2,365
11,465,0.655,detour,110464,True,14,2,386
11,466,0.6547,room,110465,True,17,2,383
11,467,0.6544,corridors,110466,True,63,2,337
11,468,0.6541,detour,110467,True,3,2,397
11,469,0.6538,room,110468,True,32,2,368
11,470,0.6534,corridors,110469,True,32,2,368
11,471,0.6531,detour,110470,True,33,2,367
11,472,0.6528,room,110471,True,2,2,398
11,473,0.6525,corridors,110472,True,14,2,386
11,474,0.6522,detour,110473,True,17,2,383
11,475,0.6519,room,110474,True,28,2,372
11,476,0.6516,corridors,110475,True,11,2,389
11,477,0.6513,detour,110476,True,62,2,338
11,478,0.6509,room,110477,True,10,2,390
11,479,0.6506,corridors,110478,True,10,2,390
11,480,0.6503,detour,110479,True,39,2,361
11,481,0.65,room,110480,True,6,2,394
11,482,0.6497,corridors,110481,True,28,2,372
11,483,0.6494,detour,110482,True,10,2,390
11,484,0.6491,room,110483,True,14,2,386
11,485,0.6488,corridors,110484,True,27,2,373
11,486,0.6484,detour,110485,True,51,2,349
11,487,0.6481,room,110486,True,19,2,381
11,488,0.6478,corridors,110487,True,47,2,353
11,489,0.6475,detour,110488,True,31,2,369
11,490,0.6472,room,110489,True,12,2,388
11,491,0.6469,corridors,110490,True,41,2,359
11,492,0.6466,detour,110491,True,44,2,356
11,493,0.6462,room,110492,True,30,2,370
11,494,0.6459,corridors,110493,True,19,2,381
11,495,0.6456,detour,110494,True,23,2,377
11,496,0.6453,room,110495,True,4,2,396
11,497,0.645,corridors,110496,True,17,2,383
11,498,0.6447,detour,110497,True,13,2,387
11,499,0.6444,room,110498,True,3,2,397
11,500,0.6441,corridors,110499,True,13,2,387
11,501,0.6438,detour,110500,True,24,2,376
11,502,0.6434,room,110501,True,9,2,391
11,503,0.6431,corridors,110502,True,14,2,386
11,504,0.6428,detour,110503,True,32,2,368
11,505,0.6425,room,110504,True,38,2,362
11,506,0.6422,corridors,110505,True,32,2,368
11,507,0.6419,detour,110506,True,13,2,387
11,508,0.6416,room,110507,False,120,1,80
11,509,0.6413,corridors,110508,True,11,2,389
11,510,0.6409,detour,110509,True,35,2,365
11,511,0.6406,room,110510,True,22,2,378
11,512,0.6403,corridors,110511,True,52,2,348
11,513,0.64,detour,110512,True,32,2,368
11,514,0.6397,room,110513,True,21,2,379
11,515,0.6394,corridors,110514,True,35,2,365
11,516,0.6391,detour,110515,True,12,2,388
11,517,0.6388,room,110516,True,18,2,382
11,518,0.6384,corridors,110517,True,31,2,369
11,519,0.6381,detour,110518,True,48,2,352
11,520,0.6378,room,110519,True,11,2,389
11,521,0.6375,corridors,110520,True,15,2,385
11,522,0.6372,detour,110521,True,45,2,355
11,523,0.6369,room,110522,True,15,2,385
11,524,0.6366,corridors,110523,True,31,2,369
11,525,0.6362,detour,110524,True,49,2,351
11,526,0.6359,room,110525,True,5,2,395
11,527,0.6356,corridors,110526,True,18,2,382
11,528,0.6353,detour,110527,True,21,2,379
11,529,0.635,room,110528,True,25,2,375
11,530,0.6347,corridors,110529,True,49,2,351
11,531,0.6344,detour,110530,True,21,2,379
11,532,0.6341,room,110531,True,3,2,397
11,533,0.6338,corridors,110532,True,41,2,359
11,534,0.6334,detour,110533,True,37,2,363
11,535,0.6331,room,110534,True,15,2,385
11,536,0.6328,corridors,110535,True,26,2,374
11,537,0.6325,detour,110536,True,64,2,336
11,538,0.6322,room,110537,True,15,2,385
11,539,0.6319,corridors,110538,True,27,2,373
11,540,0.6316,detour,110539,True,47,2,353
11,541,0.6313,room,110540,True,16,2,384
11,542,0.6309,corridors,110541,True,89,2,311
11,543,0.6306,detour,110542,True,28,2,372
11,544,0.6303,room,110543,True,25,2,375
11,545,0.63,corridors,110544,True,21,2,379
11,546,0.6297,detour,110545,True,57,2,343
11,547,0.6294,room,110546,True,14,2,386
11,548,0.6291,corridors,110547,True,13,2,387
11,549,0.6288,detour,110548,True,31,2,369
11,550,0.6284,room,110549,True,44,2,356
11,551,0.6281,corridors,110550,True,35,2,365
11,552,0.6278,detour,110551,True,11,2,389
11,553,0.6275,room,110552,True,28,2,372
11,554,0.6272,corridors,110553,True,11,2,389
11,555,0.6269,detour,110554,True,54,2,346
11,556,0.6266,room,110555,True,29,2,371
11,557,0.6263,corridors,110556,True,10,2,390
11,558,0.6259,detour,110557,True,37,2,363
11,559,0.6256,room,110558,True,17,2,383
11,560,0.6253,corridors,110559,True,16,2,384
11,561,0.625,detour,110560,True,19,2,381
11,562,0.6247,room,110561,True,31,2,369
11,563,0.6244,corridors,110562,True,51,2,349
11,564,0.6241,detour,110563,True,41,2,359
11,565,0.6238,room,110564,True,18,2,382
11,566,0.6234,corridors,110565,True,28,2,372
11,567,0.6231,detour,110566,True,32,2,368
11,568,0.6228,room,110567,True,7,2,393
11,569,0.6225,corridors,110568,True,20,2,380
11,570,0.6222,detour,110569,True,5,2,395
11,571,0.6219,room,110570,True,37,2,363
11,572,0.6216,corridors,110571,True,27,2,373
11,573,0.6213,detour,110572,True,8,2,392
11,574,0.6209,room,110573,True,16,2,384
11,575,0.6206,corridors,110574,True,9,2,391
11,576,0.6203,detour,110575,True,34,2,366
11,577,0.62,room,110576,True,4,2,396
11,578,0.6197,corridors,110577,True,12,2,388
11,579,0.6194,detour,110578,True,26,2,374
11,580,0.6191,room,110579,True,25,2,375
11,581,0.6188,corridors,110580,True,7,2,393
11,582,0.6184,detour,110581,True,17,2,383
11,583,0.6181,room,110582,True,51,2,349
11,584,0.6178,corridors,110583,True,21,2,379
11,585,0.6175,detour,110584,True,35,2,365
11,586,0.6172,room,110585,True,27,2,373
11,587,0.6169,corridors,110586,True,10,2,390
11,588,0.6166,detour,110587,True,36,2,364
11,589,0.6163,room,110588,True,3,2,397
11,590,0.6159,corridors,110589,True,13,2,387
11,591,0.6156,detour,110590,True,35,2,365
11,592,0.6153,room,110591,True,51,2,349
11,593,0.615,corridors,110592,True,24,2,376
11,594,0.6147,detour,110593,True,29,2,371
11,595,0.6144,room,110594,True,7,2,393
11,596,0.6141,corridors,110595,True,35,2,365
11,597,0.6138,detour,110596,True,19,2,381
11,598,0.6134,room,110597,True,18,2,382
11,599,0.6131,corridors,110598,True,18,2,382
11,600,0.6128,detour,110599,True,46,2,354
11,601,0.6125,room,110600,True,21,2,379
11,602,0.6122,corridors,110601,True,11,2,389
11,603,0.6119,detour,110602,True,55,2,345
11,604,0.6116,room,110603,True,25,2,375
11,605,0.6113,corridors,110604,True,15,2,385
11,606,0.6109,detour,110605,True,27,2,373
11,607,0.6106,room,110606,True,6,2,394
11,608,0.6103,corridors,110607,True,5,2,395
11,609,0.61,detour,110608,True,20,2,380
11,610,0.6097,room,110609,True,30,2,370
11,611,0.6094,corridors,110610,True,8,2,392
11,612,0.6091,detour,110611,True,9,2,391
11,613,0.6088,room,110612,True,53,2,347
11,614,0.6084,corridors,110613,True,19,2,381
11,615,0.6081,detour,110614,True,18,2,382
11,616,0.6078,room,110615,True,50,2,350
11,617,0.6075,corridors,110616,True,30,2,370
11,618,0.6072,detour,110617,True,34,2,366
11,619,0.6069,room,110618,True,37,2,363
11,620,0.6066,corridors,110619,True,11,2,389
11,621,0.6062,detour,110620,True,50,2,350
11,622,0.6059,room,110621,True,12,2,388
11,623,0.6056,corridors,110622,True,25,2,375
11,624,0.6053,detour,110623,True,11,2,389
11,625,0.605,room,110624,True,12,2,388
11,626,0.6047,corridors,110625,True,87,2,313
11,627,0.6044,detour,110626,True,30,2,370
11,628,0.6041,room,110627,True,38,2,362
11,629,0.6038,corridors,110628,True,42,2,358
11,630,0.6034,detour,110629,True,5,2,395
11,631,0.6031,room,110630,True,30,2,370
11,632,0.6028,corridors,110631,True,44,2,356
11,633,0.6025,detour,110632,True,44,2,356
11,634,0.6022,room,110633,True,16,2,384
11,635,0.6019,corridors,110634,True,17,2,383
11,636,0.6016,detour,110635,True,14,2,386
11,637,0.6013,room,110636,True,45,2,355
11,638,0.6009,corridors,110637,True,7,2,393
11,639,0.6006,detour,110638,True,43,2,357
11,640,0.6003,room,110639,True,21,2,379
11,641,0.6,corridors,110640,True,8,2,392
11,642,0.5997,detour,110641,True,19,2,381
11,643,0.5994,room,110642,True,21,2,379
11,644,0.5991,corridors,110643,True,47,2,353
11,645,0.5988,detour,110644,True,4,2,396
11,646,0.5984,room,110645,True,16,2,384
11,647,0.5981,corridors,110646,True,20,2,380
11,648,0.5978,detour,110647,True,22,2,378
11,649,0.5975,room,110648,True,14,2,386
11,650,0.5972,corridors,110649,True,25,2,375
11,651,0.5969,detour,110650,True,11,2,389
11,652,0.5966,room,110651,True,32,2,368
11,653,0.5963,corridors,110652,True,22,2,378
11,654,0.5959,detour,110653,True,11,2,389
11,655,0.5956,room,110654,True,28,2,372
11,656,0.5953,corridors,110655,True,11,2,389
11,657,0.595,detour,110656,True,13,2,387
11,658,0.5947,room,110657,True,3,2,397
11,659,0.5944,corridors,110658,True,54,2,346
11,660,0.5941,detour,110659,True,13,2,387
11,661,0.5938,room,110660,True,39,2,361
11,662,0.5934,corridors,110661,True,11,2,389
11,663,0.5931,detour,110662,True,27,2,373
11,664,0.5928,room,110663,True,30,2,370
11,665,0.5925,corridors,110664,True,44,2,356
11,666,0.5922,detour,110665,True,17,2,383
11,667,0.5919,room,110666,True,11,2,389
11,668,0.5916,corridors,110667,True,12,2,388
11,669,0.5913,detour,110668,True,17,2,383
11,670,0.5909,room,110669,True,10,2,390
11,671,0.5906,corridors,110670,True,17,2,383
11,672,0.5903,detour,110671,True,23,2,377
11,673,0.59,room,110672,True,11,2,389
11,674,0.5897,corridors,110673,True,32,2,368
11,675,0.5894,detour,110674,True,25,2,375
11,676,0.5891,room,110675,True,27,2,373
11,677,0.5888,corridors,110676,True,9,2,391
11,678,0.5884,detour,110677,True,20,2,380
11,679,0.5881,room,110678,True,25,2,375
11,680,0.5878,corridors,110679,True,15,2,385
11,681,0.5875,detour,110680,True,25,2,375
11,682,0.5872,room,110681,True,32,2,368
11,683,0.5869,corridors,110682,True,8,2,392
11,684,0.5866,detour,110683,True,22,2,378
11,685,0.5863,room,110684,True,18,2,382
11,686,0.5859,corridors,110685,True,13,2,387
11,687,0.5856,detour,110686,True,18,2,382
11,688,0.5853,room,110687,True,10,2,390
11,689,0.585,corridors,110688,True,42,2,358
11,690,0.5847,detour,110689,True,13,2,387
11,691,0.5844,room,110690,True,13,2,387
11,692,0.5841,corridors,110691,True,22,2,378
11,693,0.5837,detour,110692,True,28,2,372
11,694,0.5834,room,110693,True,38,2,362
11,695,0.5831,corridors,110694,True,19,2,381
11,696,0.5828,detour,110695,True,36,2,364
11,697,0.5825,room,110696,True,22,2,378
11,698,0.5822,corridors,110697,True,30,2,370
11,699,0.5819,detour,110698,True,74,2,326
11,700,0.5816,room,110699,True,12,2,388
11,701,0.5813,corridors,110700,True,30,2,370
11,702,0.5809,detour,110701,True,8,2,392
11,703,0.5806,room,110702,True,24,2,376
11,704,0.5803,corridors,110703,True,37,2,363
11,705,0.58,detour,110704,True,69,2,331
11,706,0.5797,room,110705,True,8,2,392
11,707,0.5794,corridors,110706,True,20,2,380
11,708,0.5791,detour,110707,True,17,2,383
11,709,0.5788,room,110708,True,51,2,349
11,710,0.5784,corridors,110709,True,34,2,366
11,711,0.5781,detour,110710,True,62,2,338
11,712,0.5778,room,110711,True,16,2,384
11,713,0.5775,corridors,110712,True,34,2,366
11,714,0.5772,detour,110713,True,44,2,356
11,715,0.5769,room,110714,True,10,2,390
11,716,0.5766,corridors,110715,True,13,2,387
11,717,0.5763,detour,110716,True,45,2,355
11,718,0.5759,room,110717,True,11,2,389
11,719,0.5756,corridors,110718,True,21,2,379
11,720,0.5753,detour,110719,True,31,2,369
11,721,0.575,room,110720,True,22,2,378
11,722,0.5747,corridors,110721,True,28,2,372
11,723,0.5744,detour,110722,True,33,2,367
11,724,0.5741,room,110723,True,29,2,371
11,725,0.5737,corridors,110724,True,51,2,349
11,726,0.5734,detour,110725,True,60,2,340
11,727,0.5731,room,110726,True,35,2,365
11,728,0.5728,corridors,110727,True,22,2,378
11,729,0.5725,detour,110728,True,14,2,386
11,730,0.5722,room,110729,True,5,2,395
11,731,0.5719,corridors,110730,True,9,2,391
11,732,0.5716,detour,110731,True,23,2,377
11,733,0.5713,room,110732,True,5,2,395
11,734,0.5709,corridors,110733,True,46,2,354
11,735,0.5706,detour,110734,True,13,2,387
11,736,0.5703,room,110735,True,35,2,365
11,737,0.57,corridors,110736,True,67,2,333
11,738,0.5697,detour,110737,True,28,2,372
11,739,0.5694,room,110738,True,27,2,373
11,740,0.5691,corridors,110739,True,25,2,375
11,741,0.5688,detour,110740,True,18,2,382
11,742,0.5684,room,110741,True,11,2,389
11,743,0.5681,corridors,110742,True,36,2,364
11,744,0.5678,detour,110743,True,30,2,370
11,745,0.5675,room,110744,True,11,2,389
11,746,0.5672,corridors,110745,True,18,2,382
11,747,0.5669,detour,110746,True,27,2,373
11,748,0.5666,room,110747,True,22,2,378
11,749,0.5663,corridors,110748,True,15,2,385
11,750,0.5659,detour,110749,True,36,2,364
11,751,0.5656,room,110750,True,13,2,387
11,752,0.5653,corridors,110751,True,33,2,367
11,753,0.565,detour,110752,True,30,2,370
11,754,0.5647,room,110753,True,20,2,380
11,755,0.5644,corridors,110754,True,20,2,380
11,756,0.5641,detour,110755,True,33,2,367
11,757,0.5637,room,110756,True,25,2,375
11,758,0.5634,corridors,110757,True,31,2,369
11,759,0.5631,detour,110758,True,15,2,385
11,760,0.5628,room,110759,True,5,2,395
11,761,0.5625,corridors,110760,True,25,2,375
11,762,0.5622,detour,110761,True,11,2,389
11,763,0.5619,room,110762,True,52,2,348
11,764,0.5616,corridors,110763,True,15,2,385
11,765,0.5613,detour,110764,True,44,2,356
11,766,0.5609,room,110765,True,36,2,364
11,767,0.5606,corridors,110766,True,58,2,342
11,768,0.5603,detour,110767,True,15,2,385
11,769,0.56,room,110768,True,12,2,388
11,770,0.5597,corridors,110769,True,16,2,384
11,771,0.5594,detour,110770,True,10,2,390
11,772,0.5591,room,110771,True,16,2,384
11,773,0.5588,corridors,110772,True,12,2,388
11,774,0.5584,detour,110773,True,13,2,387
11,775,0.5581,room,110774,True,7,2,393
11,776,0.5578,corridors,110775,True,25,2,375
11,777,0.5575,detour,110776,True,76,2,324
11,778,0.5572,room,110777,True,23,2,377
11,779,0.5569,corridors,110778,True,17,2,383
11,780,0.5566,detour,110779,True,4,2,396
11,781,0.5563,room,110780,True,37,2,363
11,782,0.5559,corridors,110781,True,10,2,390
11,783,0.5556,detour,110782,True,58,2,342
11,784,0.5553,room,110783,True,22,2,378
11,785,0.555,corridors,110784,True,18,2,382
11,786,0.5547,detour,110785,True,46,2,354
11,787,0.5544,room,110786,True,6,2,394
11,788,0.5541,corridors,110787,True,4,2,396
11,789,0.5538,detour,110788,True,13,2,387
11,790,0.5534,room,110789,True,7,2,393
11,791,0.5531,corridors,110790,True,35,2,365
11,792,0.5528,detour,110791,True,16,2,384
11,793,0.5525,room,110792,True,12,2,388
11,794,0.5522,corridors,110793,True,20,2,380
11,795,0.5519,detour,110794,True,11,2,389
11,796,0.5516,room,110795,True,22,2,378
11,797,0.5513,corridors,110796,True,38,2,362
11,798,0.5509,detour,110797,True,33,2,367
11,799,0.5506,room,110798,True,18,2,382
11,800,0.5503,corridors,110799,True,8,2,392
11,801,0.55,detour,110800,True,55,2,345
11,802,0.5497,room,110801,True,11,2,389
11,803,0.5494,corridors,110802,True,21,2,379
11,804,0.5491,detour,110803,True,35,2,365
11,805,0.5488,room,110804,True,70,2,330
11,806,0.5484,corridors,110805,True,30,2,370
11,807,0.5481,detour,110806,True,14,2,386
11,808,0.5478,room,110807,True,18,2,382
11,809,0.5475,corridors,110808,True,45,2,355
11,810,0.5472,detour,110809,True,47,2,353
11,811,0.5469,room,110810,True,7,2,393
11,812,0.5466,corridors,110811,True,7,2,393
11,813,0.5463,detour,110812,True,18,2,382
11,814,0.5459,room,110813,True,31,2,369
11,815,0.5456,corridors,110814,True,7,2,393
11,816,0.5453,detour,110815,True,33,2,367
11,817,0.545,room,110816,True,5,2,395
11,818,0.5447,corridors,110817,True,11,2,389
11,819,0.5444,detour,110818,True,19,2,381
11,820,0.5441,room,110819,True,19,2,381
11,821,0.5438,corridors,110820,True,39,2,361
11,822,0.5434,detour,110821,True,5,2,395
11,823,0.5431,room,110822,True,19,2,381
11,824,0.5428,corridors,110823,True,14,2,386
11,825,0.5425,detour,110824,True,43,2,357
11,826,0.5422,room,110825,True,11,2,389
11,827,0.5419,corridors,110826,True,36,2,364
11,828,0.5416,detour,110827,True,29,2,371
11,829,0.5413,room,110828,True,13,2,387
11,830,0.5409,corridors,110829,True,20,2,380
11,831,0.5406,detour,110830,True,29,2,371
11,832,0.5403,room,110831,True,5,2,395
11,833,0.54,corridors,110832,True,26,2,374
11,834,0.5397,detour,110833,True,9,2,391
11,835,0.5394,room,110834,True,26,2,374
11,836,0.5391,corridors,110835,True,10,2,390
11,837,0.5388,detour,110836,True,19,2,381
11,838,0.5384,room,110837,True,7,2,393
11,839,0.5381,corridors,110838,True,9,2,391
11,840,0.5378,detour,110839,True,38,2,362
11,841,0.5375,room,110840,True,2,2,398
11,842,0.5372,corridors,110841,True,5,2,395
11,843,0.5369,detour,110842,True,25,2,375
11,844,0.5366,room,110843,True,16,2,384
11,845,0.5363,corridors,110844,True,11,2,389
11,846,0.5359,detour,110845,True,24,2,376
11,847,0.5356,room,110846,True,8,2,392
11,848,0.5353,corridors,110847,True,42,2,358
11,849,0.535,detour,110848,True,14,2,386
11,850,0.5347,room,110849,True,28,2,372
11,851,0.5344,corridors,110850,True,14,2,386
11,852,0.5341,detour,110851,True,17,2,383
11,853,0.5338,room,110852,True,33,2,367
11,854,0.5334,corridors,110853,True,48,2,352
11,855,0.5331,detour,110854,True,40,2,360
11,856,0.5328,room,110855,True,18,2,382
11,857,0.5325,corridors,110856,True,12,2,388
11,858,0.5322,detour,110857,True,10,2,390
11,859,0.5319,room,110858,True,9,2,391
11,860,0.5316,corridors,110859,True,49,2,351
11,861,0.5312,detour,110860,True,8,2,392
11,862,0.5309,room,110861,True,13,2,387
11,863,0.5306,corridors,110862,True,26,2,374
11,864,0.5303,detour,110863,True,40,2,360
11,865,0.53,room,110864,True,33,2,367
11,866,0.5297,corridors,110865,True,5,2,395
11,867,0.5294,detour,110866,True,51,2,349
11,868,0.5291,room,110867,True,20,2,380
11,869,0.5288,corridors,110868,True,15,2,385
11,870,0.5284,detour,110869,True,18,2,382
11,871,0.5281,room,110870,True,11,2,389
11,872,0.5278,corridors,110871,True,23,2,377
11,873,0.5275,detour,110872,True,14,2,386
11,874,0.5272,room,110873,True,33,2,367
11,875,0.5269,corridors,110874,True,15,2,385
11,876,0.5266,detour,110875,True,57,2,343
11,877,0.5263,room,110876,True,16,2,384
11,878,0.5259,corridors,110877,True,26,2,374
11,879,0.5256,detour,110878,True,16,2,384
11,880,0.5253,room,110879,True,23,2,377
11,881,0.525,corridors,110880,True,17,2,383
11,882,0.5247,detour,110881,True,41,2,359
11,883,0.5244,room,110882,True,9,2,391
11,884,0.5241,corridors,110883,True,12,2,388
11,885,0.5238,detour,110884,True,34,2,366
11,886,0.5234,room,110885,True,37,2,363
11,887,0.5231,corridors,110886,True,22,2,378
11,888,0.5228,detour,110887,True,33,2,367
11,889,0.5225,room,110888,True,16,2,384
11,890,0.5222,corridors,110889,True,34,2,366
11,891,0.5219,detour,110890,True,49,2,351
11,892,0.5216,room,110891,True,2,2,398
11,893,0.5212,corridors,110892,True,18,2,382
11,894,0.5209,detour,110893,True,3,2,397
11,895,0.5206,room,110894,True,29,2,371
11,896,0.5203,corridors,110895,True,16,2,384
11,897,0.52,detour,110896,True,26,2,374
11,898,0.5197,room,110897,True,33,2,367
11,899,0.5194,corridors,110898,True,37,2,363
11,900,0.5191,detour,110899,True,24,2,376
11,901,0.5188,room,110900,True,15,2,385
11,902,0.5184,corridors,110901,True,31,2,369
11,903,0.5181,detour,110902,True,23,2,377
11,904,0.5178,room,110903,True,5,2,395
11,905,0.5175,corridors,110904,True,21,2,379
11,906,0.5172,detour,110905,True,36,2,364
11,907,0.5169,room,110906,True,9,2,391
11,908,0.5166,corridors,110907,True,23,2,377
11,909,0.5163,detour,110908,True,64,2,336
11,910,0.5159,room,110909,True,27,2,373
11,911,0.5156,corridors,110910,True,4,2,396
11,912,0.5153,detour,110911,True,8,2,392
11,913,0.515,room,110912,True,30,2,370
11,914,0.5147,corridors,110913,True,22,2,378
11,915,0.5144,detour,110914,True,6,2,394
11,916,0.5141,room,110915,True,13,2,387
11,917,0.5138,corridors,110916,True,21,2,379
11,918,0.5134,detour,110917,True,14,2,386
11,919,0.5131,room,110918,True,24,2,376
11,920,0.5128,corridors,110919,True,13,2,387
11,921,0.5125,detour,110920,True,30,2,370
11,922,0.5122,room,110921,True,24,2,376
11,923,0.5119,corridors,110922,True,8,2,392
11,924,0.5116,detour,110923,True,24,2,376
11,925,0.5112,room,110924,True,13,2,387
11,926,0.5109,corridors,110925,True,33,2,367
11,927,0.5106,detour,110926,True,30,2,370
11,928,0.5103,room,110927,True,22,2,378
11,929,0.51,corridors,110928,True,25,2,375
11,930,0.5097,detour,110929,True,25,2,375
11,931,0.5094,room,110930,True,12,2,388
11,932,0.5091,corridors,110931,True,37,2,363
11,933,0.5088,detour,110932,True,33,2,367
11,934,0.5084,room,110933,True,30,2,370
11,935,0.5081,corridors,110934,True,16,2,384
11,936,0.5078,detour,110935,True,3,2,397
11,937,0.5075,room,110936,True,23,2,377
11,938,0.5072,corridors,110937,True,28,2,372
11,939,0.5069,detour,110938,True,32,2,368
11,940,0.5066,room,110939,True,23,2,377
11,941,0.5063,corridors,110940,True,17,2,383
11,942,0.5059,detour,110941,True,32,2,368
11,943,0.5056,room,110942,True,25,2,375
11,944,0.5053,corridors,110943,True,59,2,341
11,945,0.505,detour,110944,True,22,2,378
11,946,0.5047,room,110945,True,13,2,387
11,947,0.5044,corridors,110946,True,22,2,378
11,948,0.5041,detour,110947,True,16,2,384
11,949,0.5038,room,110948,True,12,2,388
11,950,0.5034,corridors,110949,True,24,2,376
11,951,0.5031,detour,110950,True,30,2,370
11,952,0.5028,room,110951,True,19,2,381
11,953,0.5025,corridors,110952,True,9,2,391
11,954,0.5022,detour,110953,True,23,2,377
11,955,0.5019,room,110954,True,27,2,373
11,956,0.5016,corridors,110955,True,37,2,363
11,957,0.5013,detour,110956,True,24,2,376
11,958,0.5009,room,110957,True,11,2,389
11,959,0.5006,corridors,110958,True,52,2,348
11,960,0.5003,detour,110959,True,8,2,392
11,961,0.5,room,110960,True,41,2,359
11,962,0.4997,corridors,110961,True,5,2,395
11,963,0.4994,detour,110962,True,20,2,380
11,964,0.4991,room,110963,True,15,2,385
11,965,0.4988,corridors,110964,True,30,2,370
11,966,0.4984,detour,110965,True,11,2,389
11,967,0.4981,room,110966,True,20,2,380
11,968,0.4978,corridors,110967,True,17,2,383
11,969,0.4975,detour,110968,True,24,2,376
11,970,0.4972,room,110969,True,16,2,384
11,971,0.4969,corridors,110970,True,18,2,382
11,972,0.4966,detour,110971,True,24,2,376
11,973,0.4963,room,110972,True,14,2,386
11,974,0.4959,corridors,110973,True,40,2,360
11,975,0.4956,detour,110974,True,35,2,365
11,976,0.4953,room,110975,True,25,2,375
11,977,0.495,corridors,110976,True,18,2,382
11,978,0.4947,detour,110977,True,28,2,372
11,979,0.4944,room,110978,True,11,2,389
11,980,0.4941,corridors,110979,True,41,2,359
11,981,0.4938,detour,110980,True,40,2,360
11,982,0.4934,room,110981,True,24,2,376
11,983,0.4931,corridors,110982,True,20,2,380
11,984,0.4928,detour,110983,True,30,2,370
11,985,0.4925,room,110984,True,17,2,383
11,986,0.4922,corridors,110985,True,21,2,379
11,987,0.4919,detour,110986,True,24,2,376
11,988,0.4916,room,110987,True,14,2,386
11,989,0.4913,corridors,110988,True,8,2,392
11,990,0.4909,detour,110989,True,17,2,383
11,991,0.4906,room,110990,True,5,2,395
11,992,0.4903,corridors,110991,True,30,2,370
11,993,0.49,detour,110992,True,26,2,374
11,994,0.4897,room,110993,True,20,2,380
11,995,0.4894,corridors,110994,True,20,2,380
11,996,0.4891,detour,110995,True,24,2,376
11,997,0.4888,room,110996,True,15,2,385
11,998,0.4884,corridors,110997,True,7,2,393
11,999,0.4881,detour,110998,True,34,2,366
11,1000,0.4878,room,110999,True,21,2,379
11,1001,0.4875,corridors,111000,True,19,2,381
11,1002,0.4872,detour,111001,True,25,2,375
11,1003,0.4869,room,111002,True,9,2,391
11,1004,0.4866,corridors,111003,True,35,2,365
11,1005,0.4863,detour,111004,True,14,2,386
11,1006,0.4859,room,111005,True,8,2,392
11,1007,0.4856,corridors,111006,True,16,2,384
11,1008,0.4853,detour,111007,True,20,2,380
11,1009,0.485,room,111008,True,10,2,390
11,1010,0.4847,corridors,111009,True,43,2,357
11,1011,0.4844,detour,111010,True,23,2,377
11,1012,0.4841,room,111011,True,11,2,389
11,1013,0.4838,corridors,111012,True,26,2,374
11,1014,0.4834,detour,111013,True,8,2,392
11,1015,0.4831,room,111014,True,4,2,396
11,1016,0.4828,corridors,111015,True,13,2,387
11,1017,0.4825,detour,111016,True,10,2,390
11,1018,0.4822,room,111017,True,11,2,389
11,1019,0.4819,corridors,111018,True,9,2,391
11,1020,0.4816,detour,111019,True,15,2,385
11,1021,0.4813,room,111020,True,31,2,369
11,1022,0.4809,corridors,111021,True,12,2,388
11,1023,0.4806,detour,111022,True,37,2,363
11,1024,0.4803,room,111023,True,10,2,390
11,1025,0.48,corridors,111024,True,31,2,369
11,1026,0.4797,detour,111025,True,27,2,373
11,1027,0.4794,room,111026,True,9,2,391
11,1028,0.4791,corridors,111027,True,65,2,335
11,1029,0.4788,detour,111028,True,14,2,386
11,1030,0.4784,room,111029,True,24,2,376
11,1031,0.4781,corridors,111030,True,13,2,387
11,1032,0.4778,detour,111031,True,22,2,378
11,1033,0.4775,room,111032,True,8,2,392
11,1034,0.4772,corridors,111033,True,25,2,375
11,1035,0.4769,detour,111034,True,36,2,364
11,1036,0.4766,room,111035,True,6,2,394
11,1037,0.4763,corridors,111036,True,32,2,368
11,1038,0.4759,detour,111037,True,68,2,332
11,1039,0.4756,room,111038,True,20,2,380
11,1040,0.4753,corridors,111039,True,14,2,386
11,1041,0.475,detour,111040,True,40,2,360
11,1042,0.4747,room,111041,True,5,2,395
11,1043,0.4744,corridors,111042,True,15,2,385
11,1044,0.4741,detour,111043,True,2,2,398
11,1045,0.4738,room,111044,True,42,2,358
11,1046,0.4734,corridors,111045,True,14,2,386
11,1047,0.4731,detour,111046,True,13,2,387
11,1048,0.4728,room,111047,True,17,2,383
11,1049,0.4725,corridors,111048,True,12,2,388
11,1050,0.4722,detour,111049,True,15,2,385
11,1051,0.4719,room,111050,True,11,2,389
11,1052,0.4716,corridors,111051,True,14,2,386
11,1053,0.4713,detour,111052,True,38,2,362
11,1054,0.4709,room,111053,True,11,2,389
11,1055,0.4706,corridors,111054,True,20,2,380
11,1056,0.4703,detour,111055,True,31,2,369
11,1057,0.47,room,111056,True,15,2,385
11,1058,0.4697,corridors,111057,True,24,2,376
11,1059,0.4694,detour,111058,True,16,2,384
11,1060,0.4691,room,111059,True,12,2,388
11,1061,0.4688,corridors,111060,True,6,2,394
11,1062,0.4684,detour,111061,True,7,2,393
11,1063,0.4681,room,111062,True,14,2,386
11,1064,0.4678,corridors,111063,True,12,2,388
11,1065,0.4675,detour,111064,True,21,2,379
11,1066,0.4672,room,111065,True,31,2,369
11,1067,0.4669,corridors,111066,True,30,2,370
11,1068,0.4666,detour,111067,True,31,2,369
11,1069,0.4663,room,111068,True,8,2,392
11,1070,0.4659,corridors,111069,True,23,2,377
11,1071,0.4656,detour,111070,True,12,2,388
11,1072,0.4653,room,111071,True,13,2,387
11,1073,0.465,corridors,111072,True,33,2,367
11,1074,0.4647,detour,111073,True,21,2,379
11,1075,0.4644,room,111074,True,13,2,387
11,1076,0.4641,corridors,111075,True,17,2,383
11,1077,0.4638,detour,111076,True,20,2,380
11,1078,0.4634,room,111077,True,10,2,390
11,1079,0.4631,corridors,111078,True,10,2,390
11,1080,0.4628,detour,111079,True,21,2,379
11,1081,0.4625,room,111080,True,20,2,380
11,1082,0.4622,corridors,111081,True,8,2,392
11,1083,0.4619,detour,111082,True,3,2,397
11,1084,0.4616,room,111083,True,5,2,395
11,1085,0.4613,corridors,111084,True,24,2,376
11,1086,0.4609,detour,111085,True,20,2,380
11,1087,0.4606,room,111086,True,18,2,382
11,1088,0.4603,corridors,111087,True,19,2,381
11,1089,0.46,detour,111088,True,9,2,391
11,1090,0.4597,room,111089,True,4,2,396
11,1091,0.4594,corridors,111090,True,18,2,382
11,1092,0.4591,detour,111091,True,27,2,373
11,1093,0.4588,room,111092,True,6,2,394
11,1094,0.4584,corridors,111093,True,15,2,385
11,1095,0.4581,detour,111094,True,19,2,381
11,1096,0.4578,room,111095,True,13,2,387
11,1097,0.4575,corridors,111096,True,19,2,381
11,1098,0.4572,detour,111097,True,31,2,369
11,1099,0.4569,room,111098,True,12,2,388
11,1100,0.4566,corridors,111099,True,20,2,380
11,1101,0.4563,detour,111100,True,31,2,369
11,1102,0.4559,room,111101,True,12,2,388
11,1103,0.4556,corridors,111102,True,10,2,390
11,1104,0.4553,detour,111103,True,24,2,376
11,1105,0.455,room,111104,True,15,2,385
11,1106,0.4547,corridors,111105,True,5,2,395
11,1107,0.4544,detour,111106,True,51,2,349
11,1108,0.4541,room,111107,True,13,2,387
11,1109,0.4538,corridors,111108,True,22,2,378
11,1110,0.4534,detour,111109,True,38,2,362
11,1111,0.4531,room,111110,True,12,2,388
11,1112,0.4528,corridors,111111,True,7,2,393
11,1113,0.4525,detour,111112,True,5,2,395
11,1114,0.4522,room,111113,True,20,2,380
11,1115,0.4519,corridors,111114,True,8,2,392
11,1116,0.4516,detour,111115,True,35,2,365
11,1117,0.4513,room,111116,True,8,2,392
11,1118,0.4509,corridors,111117,True,16,2,384
11,1119,0.4506,detour,111118,True,22,2,378
11,1120,0.4503,room,111119,True,8,2,392
11,1121,0.45,corridors,111120,True,25,2,375
11,1122,0.4497,detour,111121,True,48,2,352
11,1123,0.4494,room,111122,True,33,2,367
11,1124,0.4491,corridors,111123,True,13,2,387
11,1125,0.4488,detour,111124,True,37,2,363
11,1126,0.4484,room,111125,True,4,2,396
11,1127,0.4481,corridors,111126,True,11,2,389
11,1128,0.4478,detour,111127,True,50,2,350
11,1129,0.4475,room,111128,True,10,2,390
11,1130,0.4472,corridors,111129,True,5,2,395
11,1131,0.4469,detour,111130,True,23,2,377
11,1132,0.4466,room,111131,True,29,2,371
11,1133,0.4463,corridors,111132,True,23,2,377
11,1134,0.4459,detour,111133,True,9,2,391
11,1135,0.4456,room,111134,True,17,2,383
11,1136,0.4453,corridors,111135,True,15,2,385
11,1137,0.445,detour,111136,True,35,2,365
11,1138,0.4447,room,111137,True,8,2,392
11,1139,0.4444,corridors,111138,True,33,2,367
11,1140,0.4441,detour,111139,True,41,2,359
11,1141,0.4438,room,111140,True,20,2,380
11,1142,0.4434,corridors,111141,True,14,2,386
11,1143,0.4431,detour,111142,True,8,2,392
11,1144,0.4428,room,111143,True,13,2,387
11,1145,0.4425,corridors,111144,True,9,2,391
11,1146,0.4422,detour,111145,True,36,2,364
11,1147,0.4419,room,111146,True,14,2,386
11,1148,0.4416,corridors,111147,True,21,2,379
11,1149,0.4413,detour,111148,True,33,2,367
11,1150,0.4409,room,111149,True,13,2,387
11,1151,0.4406,corridors,111150,True,9,2,391
11,1152,0.4403,detour,111151,True,16,2,384
11,1153,0.44,room,111152,True,8,2,392
11,1154,0.4397,corridors,111153,True,39,2,361
11,1155,0.4394,detour,111154,True,16,2,384
11,1156,0.4391,room,111155,True,4,2,396
11,1157,0.4388,corridors,111156,True,9,2,391
11,1158,0.4384,detour,111157,True,35,2,365
11,1159,0.4381,room,111158,True,16,2,384
11,1160,0.4378,corridors,111159,True,16,2,384
11,1161,0.4375,detour,111160,True,2,2,398
11,1162,0.4372,room,111161,True,21,2,379
11,1163,0.4369,corridors,111162,True,26,2,374
11,1164,0.4366,detour,111163,True,35,2,365
11,1165,0.4363,room,111164,True,26,2,374
11,1166,0.4359,corridors,111165,True,4,2,396
11,1167,0.4356,detour,111166,True,16,2,384
11,1168,0.4353,room,111167,True,28,2,372
11,1169,0.435,corridors,111168,True,12,2,388
11,1170,0.4347,detour,111169,True,21,2,379
11,1171,0.4344,room,111170,True,7,2,393
11,1172,0.4341,corridors,111171,True,8,2,392
11,1173,0.4338,detour,111172,True,26,2,374
11,1174,0.4334,room,111173,True,7,2,393
11,1175,0.4331,corridors,111174,True,28,2,372
11,1176,0.4328,detour,111175,True,41,2,359
11,1177,0.4325,room,111176,True,20,2,380
11,1178,0.4322,corridors,111177,True,10,2,390
11,1179,0.4319,detour,111178,True,18,2,382
11,1180,0.4316,room,111179,True,18,2,382
11,1181,0.4313,corridors,111180,True,5,2,395
11,1182,0.4309,detour,111181,True,13,2,387
11,1183,0.4306,room,111182,True,16,2,384
11,1184,0.4303,corridors,111183,True,13,2,387
11,1185,0.43,detour,111184,True,43,2,357
11,1186,0.4297,room,111185,True,17,2,383
11,1187,0.4294,corridors,111186,True,11,2,389
11,1188,0.4291,detour,111187,True,8,2,392
11,1189,0.4288,room,111188,True,8,2,392
11,1190,0.4284,corridors,111189,True,22,2,378
11,1191,0.4281,detour,111190,True,13,2,387
11,1192,0.4278,room,111191,True,9,2,391
11,1193,0.4275,corridors,111192,True,54,2,346
11,1194,0.4272,detour,111193,True,35,2,365
11,1195,0.4269,room,111194,True,17,2,383
11,1196,0.4266,corridors,111195,True,6,2,394
11,1197,0.4263,detour,111196,True,21,2,379
11,1198,0.4259,room,111197,True,7,2,393
11,1199,0.4256,corridors,111198,True,36,2,364
11,1200,0.4253,detour,111199,True,25,2,375
11,1201,0.425,room,111200,True,11,2,389
11,1202,0.4247,corridors,111201,True,14,2,386
11,1203,0.4244,detour,111202,True,14,2,386
11,1204,0.4241,room,111203,True,26,2,374
11,1205,0.4238,corridors,111204,True,27,2,373
11,1206,0.4234,detour,111205,True,12,2,388
11,1207,0.4231,room,111206,True,4,2,396
11,1208,0.4228,corridors,111207,True,16,2,384
11,1209,0.4225,detour,111208,True,22,2,378
11,1210,0.4222,room,111209,True,10,2,390
11,1211,0.4219,corridors,111210,True,9,2,391
11,1212,0.4216,detour,111211,True,17,2,383
11,1213,0.4213,room,111212,True,10,2,390
11,1214,0.4209,corridors,111213,True,13,2,387
11,1215,0.4206,detour,111214,True,36,2,364
11,1216,0.4203,room,111215,True,9,2,391
11,1217,0.42,corridors,111216,True,15,2,385
11,1218,0.4197,detour,111217,True,24,2,376
11,1219,0.4194,room,111218,True,27,2,373
11,1220,0.4191,corridors,111219,True,14,2,386
11,1221,0.4188,detour,111220,True,19,2,381
11,1222,0.4184,room,111221,True,2,2,398
11,1223,0.4181,corridors,111222,True,11,2,389
11,1224,0.4178,detour,111223,True,16,2,384
11,1225,0.4175,room,111224,True,33,2,367
11,1226,0.4172,corridors,111225,True,17,2,383
11,1227,0.4169,detour,111226,True,32,2,368
11,1228,0.4166,room,111227,True,4,2,396
11,1229,0.4163,corridors,111228,True,18,2,382
11,1230,0.4159,detour,111229,True,17,2,383
11,1231,0.4156,room,111230,True,6,2,394
11,1232,0.4153,corridors,111231,True,10,2,390
11,1233,0.415,detour,111232,True,10,2,390
11,1234,0.4147,room,111233,True,20,2,380
11,1235,0.4144,corridors,111234,True,30,2,370
11,1236,0.4141,detour,111235,True,17,2,383
11,1237,0.4138,room,111236,True,7,2,393
11,1238,0.4134,corridors,111237,True,3,2,397
11,1239,0.4131,detour,111238,True,8,2,392
11,1240,0.4128,room,111239,True,19,2,381
11,1241,0.4125,corridors,111240,True,16,2,384
11,1242,0.4122,detour,111241,True,28,2,372
11,1243,0.4119,room,111242,True,6,2,394
11,1244,0.4116,corridors,111243,True,28,2,372
11,1245,0.4113,detour,111244,True,29,2,371
11,1246,0.4109,room,111245,True,11,2,389
11,1247,0.4106,corridors,111246,True,11,2,389
11,1248,0.4103,detour,111247,True,13,2,387
11,1249,0.41,room,111248,True,30,2,370
11,1250,0.4097,corridors,111249,True,29,2,371
11,1251,0.4094,detour,111250,True,5,2,395
11,1252,0.4091,room,111251,True,20,2,380
11,1253,0.4088,corridors,111252,True,26,2,374
11,1254,0.4084,detour,111253,True,21,2,379
11,1255,0.4081,room,111254,True,8,2,392
11,1256,0.4078,corridors,111255,True,8,2,392
11,1257,0.4075,detour,111256,True,22,2,378
11,1258,0.4072,room,111257,True,4,2,396
11,1259,0.4069,corridors,111258,True,25,2,375
11,1260,0.4066,detour,111259,True,33,2,367
11,1261,0.4062,room,111260,True,12,2,388
11,1262,0.4059,corridors,111261,True,16,2,384
11,1263,0.4056,detour,111262,True,14,2,386
11,1264,0.4053,room,111263,True,6,2,394
11,1265,0.405,corridors,111264,True,23,2,377
11,1266,0.4047,detour,111265,True,12,2,388
11,1267,0.4044,room,111266,True,5,2,395
11,1268,0.4041,corridors,111267,True,28,2,372
11,1269,0.4038,detour,111268,True,28,2,372
11,1270,0.4034,room,111269,True,11,2,389
11,1271,0.4031,corridors,111270,True,10,2,390
11,1272,0.4028,detour,111271,True,2,2,398
11,1273,0.4025,room,111272,True,20,2,380
11,1274,0.4022,corridors,111273,True,20,2,380
11,1275,0.4019,detour,111274,True,7,2,393
11,1276,0.4016,room,111275,True,16,2,384
11,1277,0.4013,corridors,111276,True,12,2,388
11,1278,0.4009,detour,111277,True,24,2,376
11,1279,0.4006,room,111278,True,4,2,396
11,1280,0.4003,corridors,111279,True,18,2,382
11,1281,0.4,detour,111280,True,17,2,383
11,1282,0.3997,room,111281,True,32,2,368
11,1283,0.3994,corridors,111282,True,28,2,372
11,1284,0.3991,detour,111283,True,22,2,378
11,1285,0.3988,room,111284,True,6,2,394
11,1286,0.3984,corridors,111285,True,11,2,389
11,1287,0.3981,detour,111286,True,15,2,385
11,1288,0.3978,room,111287,True,2,2,398
11,1289,0.3975,corridors,111288,True,18,2,382
11,1290,0.3972,detour,111289,True,22,2,378
11,1291,0.3969,room,111290,True,12,2,388
11,1292,0.3966,corridors,111291,True,13,2,387
11,1293,0.3963,detour,111292,True,19,2,381
11,1294,0.3959,room,111293,True,3,2,397
11,1295,0.3956,corridors,111294,True,30,2,370
11,1296,0.3953,detour,111295,True,31,2,369
11,1297,0.395,room,111296,True,11,2,389
11,1298,0.3947,corridors,111297,True,28,2,372
11,1299,0.3944,detour,111298,True,11,2,389
11,1300,0.3941,room,111299,True,11,2,389
11,1301,0.3938,corridors,111300,True,17,2,383
11,1302,0.3934,detour,111301,True,27,2,373
11,1303,0.3931,room,111302,True,10,2,390
11,1304,0.3928,corridors,111303,True,21,2,379
11,1305,0.3925,detour,111304,True,10,2,390
11,1306,0.3922,room,111305,True,16,2,384
11,1307,0.3919,corridors,111306,True,28,2,372
11,1308,0.3916,detour,111307,True,16,2,384
11,1309,0.3912,room,111308,True,21,2,379
11,1310,0.3909,corridors,111309,True,4,2,396
11,1311,0.3906,detour,111310,True,26,2,374
11,1312,0.3903,room,111311,True,10,2,390
11,1313,0.39,corridors,111312,True,16,2,384
11,1314,0.3897,detour,111313,True,16,2,384
11,1315,0.3894,room,111314,True,8,2,392
11,1316,0.3891,corridors,111315,True,13,2,387
11,1317,0.3888,detour,111316,True,36,2,364
11,1318,0.3884,room,111317,True,18,2,382
11,1319,0.3881,corridors,111318,True,13,2,387
11,1320,0.3878,detour,111319,True,12,2,388
11,1321,0.3875,room,111320,True,14,2,386
11,1322,0.3872,corridors,111321,True,12,2,388
11,1323,0.3869,detour,111322,True,26,2,374
11,1324,0.3866,room,111323,True,17,2,383
11,1325,0.3863,corridors,111324,True,14,2,386
11,1326,0.3859,detour,111325,True,26,2,374
11,1327,0.3856,room,111326,True,7,2,393
11,1328,0.3853,corridors,111327,True,16,2,384
11,1329,0.385,detour,111328,True,34,2,366
11,1330,0.3847,room,111329,True,10,2,390
11,1331,0.3844,corridors,111330,True,11,2,389
11,1332,0.3841,detour,111331,True,31,2,369
11,1333,0.3838,room,111332,True,6,2,394
11,1334,0.3834,corridors,111333,True,14,2,386
11,1335,0.3831,detour,111334,True,20,2,380
11,1336,0.3828,room,111335,True,15,2,385
11,1337,0.3825,corridors,111336,True,12,2,388
11,1338,0.3822,detour,111337,True,35,2,365
11,1339,0.3819,room,111338,True,15,2,385
11,1340,0.3816,corridors,111339,True,9,2,391
11,1341,0.3813,detour,111340,True,10,2,390
11,1342,0.3809,room,111341,True,18,2,382
11,1343,0.3806,corridors,111342,True,12,2,388
11,1344,0.3803,detour,111343,True,7,2,393
11,1345,0.38,room,111344,True,7,2,393
11,1346,0.3797,corridors,111345,True,22,2,378
11,1347,0.3794,detour,111346,True,16,2,384
11,1348,0.3791,room,111347,True,16,2,384
11,1349,0.3788,corridors,111348,True,23,2,377
11,1350,0.3784,detour,111349,True,19,2,381
11,1351,0.3781,room,111350,True,19,2,381
11,1352,0.3778,corridors,111351,True,34,2,366
11,1353,0.3775,detour,111352,True,15,2,385
11,1354,0.3772,room,111353,True,12,2,388
11,1355,0.3769,corridors,111354,True,19,2,381
11,1356,0.3766,detour,111355,True,8,2,392
11,1357,0.3763,room,111356,True,6,2,394
11,1358,0.3759,corridors,111357,True,9,2,391
11,1359,0.3756,detour,111358,True,21,2,379
11,1360,0.3753,room,111359,True,11,2,389
11,1361,0.375,corridors,111360,True,10,2,390
11,1362,0.3747,detour,111361,True,16,2,384
11,1363,0.3744,room,111362,True,15,2,385
11,1364,0.3741,corridors,111363,True,18,2,382
11,1365,0.3738,detour,111364,True,14,2,386
11,1366,0.3734,room,111365,True,13,2,387
11,1367,0.3731,corridors,111366,True,21,2,379
11,1368,0.3728,detour,111367,True,15,2,385
11,1369,0.3725,room,111368,True,7,2,393
11,1370,0.3722,corridors,111369,True,7,2,393
11,1371,0.3719,detour,111370,True,5,2,395
11,1372,0.3716,room,111371,True,14,2,386
11,1373,0.3713,corridors,111372,True,30,2,370
11,1374,0.3709,detour,111373,True,15,2,385
11,1375,0.3706,room,111374,True,7,2,393
11,1376,0.3703,corridors,111375,True,22,2,378
11,1377,0.37,detour,111376,True,22,2,378
11,1378,0.3697,room,111377,True,16,2,384
11,1379,0.3694,corridors,111378,True,17,2,383
11,1380,0.3691,detour,111379,True,32,2,368
11,1381,0.3688,room,111380,True,9,2,391
11,1382,0.3684,corridors,111381,True,33,2,367
11,1383,0.3681,detour,111382,True,31,2,369
11,1384,0.3678,room,111383,True,8,2,392
11,1385,0.3675,corridors,111384,True,5,2,395
11,1386,0.3672,detour,111385,True,3,2,397
11,1387,0.3669,room,111386,True,5,2,395
11,1388,0.3666,corridors,111387,True,17,2,383
11,1389,0.3663,detour,111388,True,13,2,387
11,1390,0.3659,room,111389,True,14,2,386
11,1391,0.3656,corridors,111390,True,10,2,390
11,1392,0.3653,detour,111391,True,37,2,363
11,1393,0.365,room,111392,True,13,2,387
11,1394,0.3647,corridors,111393,True,13,2,387
11,1395,0.3644,detour,111394,True,11,2,389
11,1396,0.3641,room,111395,True,4,2,396
11,1397,0.3638,corridors,111396,True,12,2,388
11,1398,0.3634,detour,111397,True,18,2,382
11,1399,0.3631,room,111398,True,5,2,395
11,1400,0.3628,corridors,111399,True,7,2,393
11,1401,0.3625,detour,111400,True,12,2,388
11,1402,0.3622,room,111401,True,9,2,391
11,1403,0.3619,corridors,111402,True,16,2,384
11,1404,0.3616,detour,111403,True,32,2,368
11,1405,0.3613,room,111404,True,8,2,392
11,1406,0.3609,corridors,111405,True,15,2,385
11,1407,0.3606,detour,111406,True,15,2,385
11,1408,0.3603,room,111407,True,9,2,391
11,1409,0.36,corridors,111408,True,16,2,384
11,1410,0.3597,detour,111409,True,6,2,394
11,1411,0.3594,room,111410,True,8,2,392
11,1412,0.3591,corridors,111411,True,15,2,385
11,1413,0.3588,detour,111412,True,3,2,397
11,1414,0.3584,room,111413,True,3,2,397
11,1415,0.3581,corridors,111414,True,24,2,376
11,1416,0.3578,detour,111415,True,5,2,395
11,1417,0.3575,room,111416,True,20,2,380
11,1418,0.3572,corridors,111417,True,7,2,393
11,1419,0.3569,detour,111418,True,18,2,382
11,1420,0.3566,room,111419,True,10,2,390
11,1421,0.3563,corridors,111420,True,9,2,391
11,1422,0.3559,detour,111421,True,26,2,374
11,1423,0.3556,room,111422,True,7,2,393
11,1424,0.3553,corridors,111423,True,16,2,384
11,1425,0.355,detour,111424,True,24,2,376
11,1426,0.3547,room,111425,True,3,2,397
11,1427,0.3544,corridors,111426,True,21,2,379
11,1428,0.3541,detour,111427,True,24,2,376
11,1429,0.3538,room,111428,True,8,2,392
11,1430,0.3534,corridors,111429,True,34,2,366
11,1431,0.3531,detour,111430,True,18,2,382
11,1432,0.3528,room,111431,True,8,2,392
11,1433,0.3525,corridors,111432,True,24,2,376
11,1434,0.3522,detour,111433,True,17,2,383
11,1435,0.3519,room,111434,True,5,2,395
11,1436,0.3516,corridors,111435,True,12,2,388
11,1437,0.3513,detour,111436,True,10,2,390
11,1438,0.3509,room,111437,True,3,2,397
11,1439,0.3506,corridors,111438,True,22,2,378
11,1440,0.3503,detour,111439,True,22,2,378
11,1441,0.35,room,111440,True,15,2,385
11,1442,0.3497,corridors,111441,True,31,2,369
11,1443,0.3494,detour,111442,True,16,2,384
11,1444,0.3491,room,111443,True,12,2,388
11,1445,0.3488,corridors,111444,True,19,2,381
11,1446,0.3484,detour,111445,True,23,2,377
11,1447,0.3481,room,111446,True,16,2,384
11,1448,0.3478,corridors,111447,True,8,2,392
11,1449,0.3475,detour,111448,True,14,2,386
11,1450,0.3472,room,111449,True,9,2,391
11,1451,0.3469,corridors,111450,True,10,2,390
11,1452,0.3466,detour,111451,True,3,2,397
11,1453,0.3463,room,111452,True,4,2,396
11,1454,0.3459,corridors,111453,True,33,2,367
11,1455,0.3456,detour,111454,True,27,2,373
11,1456,0.3453,room,111455,True,10,2,390
11,1457,0.345,corridors,111456,True,24,2,376
11,1458,0.3447,detour,111457,True,28,2,372
11,1459,0.3444,room,111458,True,13,2,387
11,1460,0.3441,corridors,111459,True,25,2,375
11,1461,0.3438,detour,111460,True,19,2,381
11,1462,0.3434,room,111461,True,12,2,388
11,1463,0.3431,corridors,111462,True,10,2,390
11,1464,0.3428,detour,111463,True,19,2,381
11,1465,0.3425,room,111464,True,12,2,388
11,1466,0.3422,corridors,111465,True,21,2,379
11,1467,0.3419,detour,111466,True,19,2,381
11,1468,0.3416,room,111467,True,11,2,389
11,1469,0.3413,corridors,111468,True,16,2,384
11,1470,0.3409,detour,111469,True,18,2,382
11,1471,0.3406,room,111470,True,17,2,383
11,1472,0.3403,corridors,111471,True,8,2,392
11,1473,0.34,detour,111472,True,23,2,377
11,1474,0.3397,room,111473,True,8,2,392
11,1475,0.3394,corridors,111474,True,6,2,394
11,1476,0.3391,detour,111475,True,19,2,381
11,1477,0.3388,room,111476,True,9,2,391
11,1478,0.3384,corridors,111477,True,35,2,365
11,1479,0.3381,detour,111478,True,17,2,383
11,1480,0.3378,room,111479,True,14,2,386
11,1481,0.3375,corridors,111480,True,47,2,353
11,1482,0.3372,detour,111481,True,40,2,360
11,1483,0.3369,room,111482,True,9,2,391
11,1484,0.3366,corridors,111483,True,11,2,389
11,1485,0.3363,detour,111484,True,23,2,377
11,1486,0.3359,room,111485,True,10,2,390
11,1487,0.3356,corridors,111486,True,21,2,379
11,1488,0.3353,detour,111487,True,13,2,387
11,1489,0.335,room,111488,True,13,2,387
11,1490,0.3347,corridors,111489,True,29,2,371
11,1491,0.3344,detour,111490,True,20,2,380
11,1492,0.3341,room,111491,True,11,2,389
11,1493,0.3337,corridors,111492,True,9,2,391
11,1494,0.3334,detour,111493,True,11,2,389
11,1495,0.3331,room,111494,True,4,2,396
11,1496,0.3328,corridors,111495,True,13,2,387
11,1497,0.3325,detour,111496,True,27,2,373
11,1498,0.3322,room,111497,True,17,2,383
11,1499,0.3319,corridors,111498,True,10,2,390
11,1500,0.3316,detour,111499,True,22,2,378
11,1501,0.3313,room,111500,True,10,2,390
11,1502,0.3309,corridors,111501,True,10,2,390
11,1503,0.3306,detour,111502,True,10,2,390
11,1504,0.3303,room,111503,True,10,2,390
11,1505,0.33,corridors,111504,True,15,2,385
11,1506,0.3297,detour,111505,True,19,2,381
11,1507,0.3294,room,111506,True,16,2,384
11,1508,0.3291,corridors,111507,True,20,2,380
11,1509,0.3288,detour,111508,True,6,2,394
11,1510,0.3284,room,111509,True,11,2,389
11,1511,0.3281,corridors,111510,True,5,2,395
11,1512,0.3278,detour,111511,True,16,2,384
11,1513,0.3275,room,111512,True,12,2,388
11,1514,0.3272,corridors,111513,True,10,2,390
11,1515,0.3269,detour,111514,True,25,2,375
11,1516,0.3266,room,111515,True,8,2,392
11,1517,0.3263,corridors,111516,True,6,2,394
11,1518,0.3259,detour,111517,True,17,2,383
11,1519,0.3256,room,111518,True,12,2,388
11,1520,0.3253,corridors,111519,True,16,2,384
11,1521,0.325,detour,111520,True,15,2,385
11,1522,0.3247,room,111521,True,18,2,382
11,1523,0.3244,corridors,111522,True,29,2,371
11,1524,0.3241,detour,111523,True,11,2,389
11,1525,0.3238,room,111524,True,16,2,384
11,1526,0.3234,corridors,111525,True,19,2,381
11,1527,0.3231,detour,111526,True,20,2,380
11,1528,0.3228,room,111527,True,9,2,391
11,1529,0.3225,corridors,111528,True,5,2,395
11,1530,0.3222,detour,111529,True,7,2,393
11,1531,0.3219,room,111530,True,18,2,382
11,1532,0.3216,corridors,111531,True,12,2,388
11,1533,0.3213,detour,111532,True,13,2,387
11,1534,0.3209,room,111533,True,15,2,385
11,1535,0.3206,corridors,111534,True,35,2,365
11,1536,0.3203,detour,111535,True,33,2,367
11,1537,0.32,room,111536,True,18,2,382
11,1538,0.3197,corridors,111537,True,7,2,393
11,1539,0.3194,detour,111538,True,41,2,359
11,1540,0.3191,room,111539,True,4,2,396
11,1541,0.3187,corridors,111540,True,26,2,374
11,1542,0.3184,detour,111541,True,7,2,393
11,1543,0.3181,room,111542,True,10,2,390
11,1544,0.3178,corridors,111543,True,12,2,388
11,1545,0.3175,detour,111544,True,28,2,372
11,1546,0.3172,room,111545,True,8,2,392
11,1547,0.3169,corridors,111546,True,10,2,390
11,1548,0.3166,detour,111547,True,7,2,393
11,1549,0.3163,room,111548,True,8,2,392
11,1550,0.3159,corridors,111549,True,15,2,385
11,1551,0.3156,detour,111550,True,9,2,391
11,1552,0.3153,room,111551,True,10,2,390
11,1553,0.315,corridors,111552,True,11,2,389
11,1554,0.3147,detour,111553,True,6,2,394
11,1555,0.3144,room,111554,True,10,2,390
11,1556,0.3141,corridors,111555,True,17,2,383
11,1557,0.3138,detour,111556,True,5,2,395
11,1558,0.3134,room,111557,True,6,2,394
11,1559,0.3131,corridors,111558,True,18,2,382
11,1560,0.3128,detour,111559,True,12,2,388
11,1561,0.3125,room,111560,True,7,2,393
11,1562,0.3122,corridors,111561,True,17,2,383
11,1563,0.3119,detour,111562,True,15,2,385
11,1564,0.3116,room,111563,True,14,2,386
11,1565,0.3113,corridors,111564,True,11,2,389
11,1566,0.3109,detour,111565,True,28,2,372
11,1567,0.3106,room,111566,True,7,2,393
11,1568,0.3103,corridors,111567,True,16,2,384
11,1569,0.31,detour,111568,True,4,2,396
11,1570,0.3097,room,111569,True,10,2,390
11,1571,0.3094,corridors,111570,True,11,2,389
11,1572,0.3091,detour,111571,True,19,2,381
11,1573,0.3088,room,111572,True,13,2,387
11,1574,0.3084,corridors,111573,True,18,2,382
11,1575,0.3081,detour,111574,True,15,2,385
11,1576,0.3078,room,111575,True,10,2,390
11,1577,0.3075,corridors,111576,True,8,2,392
11,1578,0.3072,detour,111577,True,8,2,392
11,1579,0.3069,room,111578,True,17,2,383
11,1580,0.3066,corridors,111579,True,20,2,380
11,1581,0.3063,detour,111580,True,18,2,382
11,1582,0.3059,room,111581,True,7,2,393
11,1583,0.3056,corridors,111582,True,10,2,390
11,1584,0.3053,detour,111583,True,21,2,379
11,1585,0.305,room,111584,True,11,2,389
11,1586,0.3047,corridors,111585,True,13,2,387
11,1587,0.3044,detour,111586,True,14,2,386
11,1588,0.3041,room,111587,True,9,2,391
11,1589,0.3038,corridors,111588,True,7,2,393
11,1590,0.3034,detour,111589,True,18,2,382
11,1591,0.3031,room,111590,True,5,2,395
11,1592,0.3028,corridors,111591,True,9,2,391
11,1593,0.3025,detour,111592,True,24,2,376
11,1594,0.3022,room,111593,True,10,2,390
11,1595,0.3019,corridors,111594,True,12,2,388
11,1596,0.3016,detour,111595,True,8,2,392
11,1597,0.3013,room,111596,True,8,2,392
11,1598,0.3009,corridors,111597,True,22,2,378
11,1599,0.3006,detour,111598,True,3,2,397
11,1600,0.3003,room,111599,True,12,2,388
11,1601,0.3,corridors,111600,True,18,2,382
11,1602,0.2997,detour,111601,True,7,2,393
11,1603,0.2994,room,111602,True,12,2,388
11,1604,0.2991,corridors,111603,True,23,2,377
11,1605,0.2988,detour,111604,True,10,2,390
11,1606,0.2984,room,111605,True,14,2,386
11,1607,0.2981,corridors,111606,True,11,2,389
11,1608,0.2978,detour,111607,True,7,2,393
11,1609,0.2975,room,111608,True,7,2,393
11,1610,0.2972,corridors,111609,True,18,2,382
11,1611,0.2969,detour,111610,True,20,2,380
11,1612,0.2966,room,111611,True,9,2,391
11,1613,0.2963,corridors,111612,True,5,2,395
11,1614,0.2959,detour,111613,True,27,2,373
11,1615,0.2956,room,111614,True,31,2,369
11,1616,0.2953,corridors,111615,True,8,2,392
11,1617,0.295,detour,111616,True,11,2,389
11,1618,0.2947,room,111617,True,18,2,382
11,1619,0.2944,corridors,111618,True,14,2,386
11,1620,0.2941,detour,111619,True,12,2,388
11,1621,0.2937,room,111620,True,16,2,384
11,1622,0.2934,corridors,111621,True,17,2,383
11,1623,0.2931,detour,111622,True,20,2,380
11,1624,0.2928,room,111623,True,11,2,389
11,1625,0.2925,corridors,111624,True,13,2,387
11,1626,0.2922,detour,111625,True,8,2,392
11,1627,0.2919,room,111626,True,7,2,393
11,1628,0.2916,corridors,111627,True,15,2,385
11,1629,0.2913,detour,111628,True,18,2,382
11,1630,0.2909,room,111629,True,13,2,387
11,1631,0.2906,corridors,111630,True,20,2,380
11,1632,0.2903,detour,111631,True,10,2,390
11,1633,0.29,room,111632,True,4,2,396
11,1634,0.2897,corridors,111633,True,17,2,383
11,1635,0.2894,detour,111634,True,13,2,387
11,1636,0.2891,room,111635,True,5,2,395
11,1637,0.2888,corridors,111636,True,11,2,389
11,1638,0.2884,detour,111637,True,5,2,395
11,1639,0.2881,room,111638,True,9,2,391
11,1640,0.2878,corridors,111639,True,14,2,386
11,1641,0.2875,detour,111640,True,3,2,397
11,1642,0.2872,room,111641,True,10,2,390
11,1643,0.2869,corridors,111642,True,17,2,383
11,1644,0.2866,detour,111643,True,27,2,373
11,1645,0.2863,room,111644,True,7,2,393
11,1646,0.2859,corridors,111645,True,15,2,385
11,1647,0.2856,detour,111646,True,14,2,386
11,1648,0.2853,room,111647,True,5,2,395
11,1649,0.285,corridors,111648,True,2,2,398
11,1650,0.2847,detour,111649,True,25,2,375
11,1651,0.2844,room,111650,True,10,2,390
11,1652,0.2841,corridors,111651,True,14,2,386
11,1653,0.2838,detour,111652,True,7,2,393
11,1654,0.2834,room,111653,True,11,2,389
11,1655,0.2831,corridors,111654,True,10,2,390
11,1656,0.2828,detour,111655,True,19,2,381
11,1657,0.2825,room,111656,True,8,2,392
11,1658,0.2822,corridors,111657,True,10,2,390
11,1659,0.2819,detour,111658,True,17,2,383
11,1660,0.2816,room,111659,True,12,2,388
11,1661,0.2812,corridors,111660,True,11,2,389
11,1662,0.2809,detour,111661,True,19,2,381
11,1663,0.2806,room,111662,True,13,2,387
11,1664,0.2803,corridors,111663,True,24,2,376
11,1665,0.28,detour,111664,True,15,2,385
11,1666,0.2797,room,111665,True,14,2,386
11,1667,0.2794,corridors,111666,True,18,2,382
11,1668,0.2791,detour,111667,True,17,2,383
11,1669,0.2788,room,111668,True,13,2,387
11,1670,0.2784,corridors,111669,True,13,2,387
11,1671,0.2781,detour,111670,True,15,2,385
11,1672,0.2778,room,111671,True,9,2,391
11,1673,0.2775,corridors,111672,True,11,2,389
11,1674,0.2772,detour,111673,True,15,2,385
11,1675,0.2769,room,111674,True,18,2,382
11,1676,0.2766,corridors,111675,True,8,2,392
11,1677,0.2762,detour,111676,True,23,2,377
11,1678,0.2759,room,111677,True,11,2,389
11,1679,0.2756,corridors,111678,True,16,2,384
11,1680,0.2753,detour,111679,True,22,2,378
11,1681,0.275,room,111680,True,5,2,395
11,1682,0.2747,corridors,111681,True,6,2,394
11,1683,0.2744,detour,111682,True,9,2,391
11,1684,0.2741,room,111683,True,7,2,393
11,1685,0.2738,corridors,111684,True,15,2,385
11,1686,0.2734,detour,111685,True,32,2,368
11,1687,0.2731,room,111686,True,21,2,379
11,1688,0.2728,corridors,111687,True,9,2,391
11,1689,0.2725,detour,111688,True,9,2,391
11,1690,0.2722,room,111689,True,11,2,389
11,1691,0.2719,corridors,111690,True,13,2,387
11,1692,0.2716,detour,111691,True,30,2,370
11,1693,0.2713,room,111692,True,9,2,391
11,1694,0.2709,corridors,111693,True,35,2,365
11,1695,0.2706,detour,111694,True,17,2,383
11,1696,0.2703,room,111695,True,8,2,392
11,1697,0.27,corridors,111696,True,20,2,380
11,1698,0.2697,detour,111697,True,2,2,398
11,1699,0.2694,room,111698,True,10,2,390
11,1700,0.2691,corridors,111699,True,8,2,392
11,1701,0.2688,detour,111700,True,16,2,384
11,1702,0.2684,room,111701,True,5,2,395
11,1703,0.2681,corridors,111702,True,7,2,393
11,1704,0.2678,detour,111703,True,12,2,388
11,1705,0.2675,room,111704,True,24,2,376
11,1706,0.2672,corridors,111705,True,44,2,356
11,1707,0.2669,detour,111706,True,18,2,382
11,1708,0.2666,room,111707,True,10,2,390
11,1709,0.2663,corridors,111708,True,9,2,391
11,1710,0.2659,detour,111709,True,17,2,383
11,1711,0.2656,room,111710,True,3,2,397
11,1712,0.2653,corridors,111711,True,16,2,384
11,1713,0.265,detour,111712,True,10,2,390
11,1714,0.2647,room,111713,True,24,2,376
11,1715,0.2644,corridors,111714,True,4,2,396
11,1716,0.2641,detour,111715,True,12,2,388
11,1717,0.2638,room,111716,True,4,2,396
11,1718,0.2634,corridors,111717,True,21,2,379
11,1719,0.2631,detour,111718,True,11,2,389
11,1720,0.2628,room,111719,True,11,2,389
11,1721,0.2625,corridors,111720,True,17,2,383
11,1722,0.2622,detour,111721,True,7,2,393
11,1723,0.2619,room,111722,True,8,2,392
11,1724,0.2616,corridors,111723,True,14,2,386
11,1725,0.2612,detour,111724,True,21,2,379
11,1726,0.2609,room,111725,True,12,2,388
11,1727,0.2606,corridors,111726,True,15,2,385
11,1728,0.2603,detour,111727,True,17,2,383
11,1729,0.26,room,111728,True,7,2,393
11,1730,0.2597,corridors,111729,True,12,2,388
11,1731,0.2594,detour,111730,True,5,2,395
11,1732,0.2591,room,111731,True,3,2,397
11,1733,0.2588,corridors,111732,True,19,2,381
11,1734,0.2584,detour,111733,True,23,2,377
11,1735,0.2581,room,111734,True,19,2,381
11,1736,0.2578,corridors,111735,True,5,2,395
11,1737,0.2575,detour,111736,True,17,2,383
11,1738,0.2572,room,111737,True,7,2,393
11,1739,0.2569,corridors,111738,True,22,2,378
11,1740,0.2566,detour,111739,True,15,2,385
11,1741,0.2563,room,111740,True,11,2,389
11,1742,0.2559,corridors,111741,True,4,2,396
11,1743,0.2556,detour,111742,True,6,2,394
11,1744,0.2553,room,111743,True,8,2,392
11,1745,0.255,corridors,111744,True,5,2,395
11,1746,0.2547,detour,111745,True,27,2,373
11,1747,0.2544,room,111746,True,14,2,386
11,1748,0.2541,corridors,111747,True,8,2,392
11,1749,0.2538,detour,111748,True,8,2,392
11,1750,0.2534,room,111749,True,14,2,386
11,1751,0.2531,corridors,111750,True,18,2,382
11,1752,0.2528,detour,111751,True,22,2,378
11,1753,0.2525,room,111752,True,5,2,395
11,1754,0.2522,corridors,111753,True,13,2,387
11,1755,0.2519,detour,111754,True,18,2,382
11,1756,0.2516,room,111755,True,11,2,389
11,1757,0.2512,corridors,111756,True,11,2,389
11,1758,0.2509,detour,111757,True,11,2,389
11,1759,0.2506,room,111758,True,12,2,388
11,1760,0.2503,corridors,111759,True,19,2,381
11,1761,0.25,detour,111760,True,14,2,386
11,1762,0.2497,room,111761,True,7,2,393
11,1763,0.2494,corridors,111762,True,11,2,389
11,1764,0.2491,detour,111763,True,10,2,390
11,1765,0.2488,room,111764,True,8,2,392
11,1766,0.2484,corridors,111765,True,7,2,393
11,1767,0.2481,detour,111766,True,14,2,386
11,1768,0.2478,room,111767,True,7,2,393
11,1769,0.2475,corridors,111768,True,13,2,387
11,1770,0.2472,detour,111769,True,10,2,390
11,1771,0.2469,room,111770,True,7,2,393
11,1772,0.2466,corridors,111771,True,5,2,395
11,1773,0.2463,detour,111772,True,8,2,392
11,1774,0.2459,room,111773,True,8,2,392
11,1775,0.2456,corridors,111774,True,8,2,392
11,1776,0.2453,detour,111775,True,3,2,397
11,1777,0.245,room,111776,True,10,2,390
11,1778,0.2447,corridors,111777,True,8,2,392
11,1779,0.2444,detour,111778,True,12,2,388
11,1780,0.2441,room,111779,True,4,2,396
11,1781,0.2438,corridors,111780,True,11,2,389
11,1782,0.2434,detour,111781,True,9,2,391
11,1783,0.2431,room,111782,True,6,2,394
11,1784,0.2428,corridors,111783,True,10,2,390
11,1785,0.2425,detour,111784,True,7,2,393
11,1786,0.2422,room,111785,True,3,2,397
11,1787,0.2419,corridors,111786,True,11,2,389
11,1788,0.2416,detour,111787,True,19,2,381
11,1789,0.2413,room,111788,True,16,2,384
11,1790,0.2409,corridors,111789,True,11,2,389
11,1791,0.2406,detour,111790,True,7,2,393
11,1792,0.2403,room,111791,True,12,2,388
11,1793,0.24,corridors,111792,True,19,2,381
11,1794,0.2397,detour,111793,True,12,2,388
11,1795,0.2394,room,111794,True,7,2,393
11,1796,0.2391,corridors,111795,True,18,2,382
11,1797,0.2388,detour,111796,True,7,2,393
11,1798,0.2384,room,111797,True,7,2,393
11,1799,0.2381,corridors,111798,True,16,2,384
11,1800,0.2378,detour,111799,True,23,2,377
11,1801,0.2375,room,111800,True,7,2,393
11,1802,0.2372,corridors,111801,True,11,2,389
11,1803,0.2369,detour,111802,True,15,2,385
11,1804,0.2366,room,111803,True,8,2,392
11,1805,0.2363,corridors,111804,True,12,2,388
11,1806,0.2359,detour,111805,True,26,2,374
11,1807,0.2356,room,111806,True,11,2,389
11,1808,0.2353,corridors,111807,True,2,2,398
11,1809,0.235,detour,111808,True,10,2,390
11,1810,0.2347,room,111809,True,8,2,392
11,1811,0.2344,corridors,111810,True,9,2,391
11,1812,0.2341,detour,111811,True,9,2,391
11,1813,0.2338,room,111812,True,11,2,389
11,1814,0.2334,corridors,111813,True,8,2,392
11,1815,0.2331,detour,111814,True,8,2,392
11,1816,0.2328,room,111815,True,18,2,382
11,1817,0.2325,corridors,111816,True,9,2,391
11,1818,0.2322,detour,111817,True,10,2,390
11,1819,0.2319,room,111818,True,14,2,386
11,1820,0.2316,corridors,111819,True,3,2,397
11,1821,0.2313,detour,111820,True,18,2,382
11,1822,0.2309,room,111821,True,8,2,392
11,1823,0.2306,corridors,111822,True,17,2,383
11,1824,0.2303,detour,111823,True,11,2,389
11,1825,0.23,room,111824,True,5,2,395
11,1826,0.2297,corridors,111825,True,8,2,392
11,1827,0.2294,detour,111826,True,9,2,391
11,1828,0.2291,room,111827,True,11,2,389
11,1829,0.2288,corridors,111828,True,10,2,390
11,1830,0.2284,detour,111829,True,13,2,387
11,1831,0.2281,room,111830,True,12,2,388
11,1832,0.2278,corridors,111831,True,8,2,392
11,1833,0.2275,detour,111832,True,29,2,371
11,1834,0.2272,room,111833,True,14,2,386
11,1835,0.2269,corridors,111834,True,23,2,377
11,1836,0.2266,detour,111835,True,21,2,379
11,1837,0.2263,room,111836,True,6,2,394
11,1838,0.2259,corridors,111837,True,7,2,393
11,1839,0.2256,detour,111838,True,8,2,392
11,1840,0.2253,room,111839,True,5,2,395
11,1841,0.225,corridors,111840,True,9,2,391
11,1842,0.2247,detour,111841,True,17,2,383
11,1843,0.2244,room,111842,True,12,2,388
11,1844,0.2241,corridors,111843,True,11,2,389
11,1845,0.2238,detour,111844,True,16,2,384
11,1846,0.2234,room,111845,True,12,2,388
11,1847,0.2231,corridors,111846,True,4,2,396
11,1848,0.2228,detour,111847,True,11,2,389
11,1849,0.2225,room,111848,True,5,2,395
11,1850,0.2222,corridors,111849,True,17,2,383
11,1851,0.2219,detour,111850,True,8,2,392
11,1852,0.2216,room,111851,True,8,2,392
11,1853,0.2213,corridors,111852,True,17,2,383
11,1854,0.2209,detour,111853,True,32,2,368
11,1855,0.2206,room,111854,True,14,2,386
11,1856,0.2203,corridors,111855,True,11,2,389
11,1857,0.22,detour,111856,True,14,2,386
11,1858,0.2197,room,111857,True,8,2,392
11,1859,0.2194,corridors,111858,True,6,2,394
11,1860,0.2191,detour,111859,True,15,2,385
11,1861,0.2188,room,111860,True,6,2,394
11,1862,0.2184,corridors,111861,True,16,2,384
11,1863,0.2181,detour,111862,True,19,2,381
11,1864,0.2178,room,111863,True,8,2,392
11,1865,0.2175,corridors,111864,True,14,2,386
11,1866,0.2172,detour,111865,True,15,2,385
11,1867,0.2169,room,111866,True,10,2,390
11,1868,0.2166,corridors,111867,True,4,2,396
11,1869,0.2163,detour,111868,True,4,2,396
11,1870,0.2159,room,111869,True,8,2,392
11,1871,0.2156,corridors,111870,True,13,2,387
11,1872,0.2153,detour,111871,True,10,2,390
11,1873,0.215,room,111872,True,7,2,393
11,1874,0.2147,corridors,111873,True,19,2,381
11,1875,0.2144,detour,111874,True,18,2,382
11,1876,0.2141,room,111875,True,16,2,384
11,1877,0.2138,corridors,111876,True,13,2,387
11,1878,0.2134,detour,111877,True,17,2,383
11,1879,0.2131,room,111878,True,13,2,387
11,1880,0.2128,corridors,111879,True,12,2,388
11,1881,0.2125,detour,111880,True,19,2,381
11,1882,0.2122,room,111881,True,9,2,391
11,1883,0.2119,corridors,111882,True,7,2,393
11,1884,0.2116,detour,111883,True,10,2,390
11,1885,0.2113,room,111884,True,5,2,395
11,1886,0.2109,corridors,111885,True,8,2,392
11,1887,0.2106,detour,111886,True,14,2,386
11,1888,0.2103,room,111887,True,13,2,387
11,1889,0.21,corridors,111888,True,10,2,390
11,1890,0.2097,detour,111889,True,11,2,389
11,1891,0.2094,room,111890,True,6,2,394
11,1892,0.2091,corridors,111891,True,17,2,383
11,1893,0.2087,detour,111892,True,10,2,390
11,1894,0.2084,room,111893,True,14,2,386
11,1895,0.2081,corridors,111894,True,11,2,389
11,1896,0.2078,detour,111895,True,9,2,391
11,1897,0.2075,room,111896,True,7,2,393
11,1898,0.2072,corridors,111897,True,18,2,382
11,1899,0.2069,detour,111898,True,5,2,395
11,1900,0.2066,room,111899,True,15,2,385
11,1901,0.2063,corridors,111900,True,20,2,380
11,1902,0.2059,detour,111901,True,6,2,394
11,1903,0.2056,room,111902,True,9,2,391
11,1904,0.2053,corridors,111903,True,16,2,384
11,1905,0.205,detour,111904,True,14,2,386
11,1906,0.2047,room,111905,True,11,2,389
11,1907,0.2044,corridors,111906,True,6,2,394
11,1908,0.2041,detour,111907,True,6,2,394
11,1909,0.2037,room,111908,True,12,2,388
11,1910,0.2034,corridors,111909,True,19,2,381
11,1911,0.2031,detour,111910,True,21,2,379
11,1912,0.2028,room,111911,True,10,2,390
11,1913,0.2025,corridors,111912,True,16,2,384
11,1914,0.2022,detour,111913,True,6,2,394
11,1915,0.2019,room,111914,True,3,2,397
11,1916,0.2016,corridors,111915,True,16,2,384
11,1917,0.2013,detour,111916,True,9,2,391
11,1918,0.2009,room,111917,True,6,2,394
11,1919,0.2006,corridors,111918,True,9,2,391
11,1920,0.2003,detour,111919,True,11,2,389
11,1921,0.2,room,111920,True,10,2,390
11,1922,0.1997,corridors,111921,True,14,2,386
11,1923,0.1994,detour,111922,True,12,2,388
11,1924,0.1991,room,111923,True,6,2,394
11,1925,0.1988,corridors,111924,True,14,2,386
11,1926,0.1984,detour,111925,True,11,2,389
11,1927,0.1981,room,111926,True,10,2,390
11,1928,0.1978,corridors,111927,True,10,2,390
11,1929,0.1975,detour,111928,True,12,2,388
11,1930,0.1972,room,111929,True,8,2,392
11,1931,0.1969,corridors,111930,True,12,2,388
11,1932,0.1966,detour,111931,True,17,2,383
11,1933,0.1963,room,111932,True,12,2,388
11,1934,0.1959,corridors,111933,True,14,2,386
11,1935,0.1956,detour,111934,True,11,2,389
11,1936,0.1953,room,111935,True,7,2,393
11,1937,0.195,corridors,111936,True,12,2,388
11,1938,0.1947,detour,111937,True,13,2,387
11,1939,0.1944,room,111938,True,9,2,391
11,1940,0.1941,corridors,111939,True,6,2,394
11,1941,0.1938,detour,111940,True,15,2,385
11,1942,0.1934,room,111941,True,9,2,391
11,1943,0.1931,corridors,111942,True,17,2,383
11,1944,0.1928,detour,111943,True,11,2,389
11,1945,0.1925,room,111944,True,10,2,390
11,1946,0.1922,corridors,111945,True,7,2,393
11,1947,0.1919,detour,111946,True,19,2,381
11,1948,0.1916,room,111947,True,7,2,393
11,1949,0.1913,corridors,111948,True,19,2,381
11,1950,0.1909,detour,111949,True,16,2,384
11,1951,0.1906,room,111950,True,10,2,390
11,1952,0.1903,corridors,111951,True,3,2,397
11,1953,0.19,detour,111952,True,16,2,384
11,1954,0.1897,room,111953,True,10,2,390
11,1955,0.1894,corridors,111954,True,18,2,382
11,1956,0.1891,detour,111955,True,15,2,385
11,1957,0.1888,room,111956,True,7,2,393
11,1958,0.1884,corridors,111957,True,18,2,382
11,1959,0.1881,detour,111958,True,11,2,389
11,1960,0.1878,room,111959,True,8,2,392
11,1961,0.1875,corridors,111960,True,4,2,396
11,1962,0.1872,detour,111961,True,13,2,387
11,1963,0.1869,room,111962,True,8,2,392
11,1964,0.1866,corridors,111963,True,12,2,388
11,1965,0.1863,detour,111964,True,9,2,391
11,1966,0.1859,room,111965,True,14,2,386
11,1967,0.1856,corridors,111966,True,8,2,392
11,1968,0.1853,detour,111967,True,10,2,390
11,1969,0.185,room,111968,True,9,2,391
11,1970,0.1847,corridors,111969,True,25,2,375
11,1971,0.1844,detour,111970,True,14,2,386
11,1972,0.1841,room,111971,True,9,2,391
11,1973,0.1838,corridors,111972,True,9,2,391
11,1974,0.1834,detour,111973,True,10,2,390
11,1975,0.1831,room,111974,True,5,2,395
11,1976,0.1828,corridors,111975,True,11,2,389
11,1977,0.1825,detour,111976,True,18,2,382
11,1978,0.1822,room,111977,True,7,2,393
11,1979,0.1819,corridors,111978,True,9,2,391
11,1980,0.1816,detour,111979,True,8,2,392
11,1981,0.1813,room,111980,True,6,2,394
11,1982,0.1809,corridors,111981,True,13,2,387
11,1983,0.1806,detour,111982,True,8,2,392
11,1984,0.1803,room,111983,True,13,2,387
11,1985,0.18,corridors,111984,True,18,2,382
11,1986,0.1797,detour,111985,True,8,2,392
11,1987,0.1794,room,111986,True,5,2,395
11,1988,0.1791,corridors,111987,True,10,2,390
11,1989,0.1787,detour,111988,True,5,2,395
11,1990,0.1784,room,111989,True,7,2,393
11,1991,0.1781,corridors,111990,True,16,2,384
11,1992,0.1778,detour,111991,True,31,2,369
11,1993,0.1775,room,111992,True,8,2,392
11,1994,0.1772,corridors,111993,True,9,2,391
11,1995,0.1769,detour,111994,True,9,2,391
11,1996,0.1766,room,111995,True,13,2,387
11,1997,0.1763,corridors,111996,True,13,2,387
11,1998,0.1759,detour,111997,True,18,2,382
11,1999,0.1756,room,111998,True,6,2,394
11,2000,0.1753,corridors,111999,True,3,2,397
11,2001,0.175,detour,112000,True,7,2,393
11,2002,0.1747,room,112001,True,11,2,389
11,2003,0.1744,corridors,112002,True,22,2,378
11,2004,0.1741,detour,112003,True,8,2,392
11,2005,0.1738,room,112004,True,9,2,391
11,2006,0.1734,corridors,112005,True,8,2,392
11,2007,0.1731,detour,112006,True,11,2,389
11,2008,0.1728,room,112007,True,11,2,389
11,2009,0.1725,corridors,112008,True,13,2,387
11,2010,0.1722,detour,112009,True,14,2,386
11,2011,0.1719,room,112010,True,8,2,392
11,2012,0.1716,corridors,112011,True,12,2,388
11,2013,0.1713,detour,112012,True,16,2,384
11,2014,0.1709,room,112013,True,5,2,395
11,2015,0.1706,corridors,112014,True,16,2,384
11,2016,0.1703,detour,112015,True,12,2,388
11,2017,0.17,room,112016,True,9,2,391
11,2018,0.1697,corridors,112017,True,15,2,385
11,2019,0.1694,detour,112018,True,13,2,387
11,2020,0.1691,room,112019,True,5,2,395
11,2021,0.1688,corridors,112020,True,3,2,397
11,2022,0.1684,detour,112021,True,13,2,387
11,2023,0.1681,room,112022,True,6,2,394
11,2024,0.1678,corridors,112023,True,11,2,389
11,2025,0.1675,detour,112024,True,19,2,381
11,2026,0.1672,room,112025,True,15,2,385
11,2027,0.1669,corridors,112026,True,8,2,392
11,2028,0.1666,detour,112027,True,18,2,382
11,2029,0.1663,room,112028,True,7,2,393
11,2030,0.1659,corridors,112029,True,13,2,387
11,2031,0.1656,detour,112030,True,18,2,382
11,2032,0.1653,room,112031,True,4,2,396
11,2033,0.165,corridors,112032,True,13,2,387
11,2034,0.1647,detour,112033,True,24,2,376
11,2035,0.1644,room,112034,True,8,2,392
11,2036,0.1641,corridors,112035,True,14,2,386
11,2037,0.1638,detour,112036,True,13,2,387
11,2038,0.1634,room,112037,True,9,2,391
11,2039,0.1631,corridors,112038,True,10,2,390
11,2040,0.1628,detour,112039,True,17,2,383
11,2041,0.1625,room,112040,True,7,2,393
11,2042,0.1622,corridors,112041,True,9,2,391
11,2043,0.1619,detour,112042,True,6,2,394
11,2044,0.1616,room,112043,True,10,2,390
11,2045,0.1613,corridors,112044,True,9,2,391
11,2046,0.1609,detour,112045,True,12,2,388
11,2047,0.1606,room,112046,True,8,2,392
11,2048,0.1603,corridors,112047,True,8,2,392
11,2049,0.16,detour,112048,True,13,2,387
11,2050,0.1597,room,112049,True,11,2,389
11,2051,0.1594,corridors,112050,True,10,2,390
11,2052,0.1591,detour,112051,True,8,2,392
11,2053,0.1588,room,112052,True,11,2,389
11,2054,0.1584,corridors,112053,True,6,2,394
11,2055,0.1581,detour,112054,True,10,2,390
11,2056,0.1578,room,112055,True,7,2,393
11,2057,0.1575,corridors,112056,True,13,2,387
11,2058,0.1572,detour,112057,True,18,2,382
11,2059,0.1569,room,112058,True,9,2,391
11,2060,0.1566,corridors,112059,True,15,2,385
11,2061,0.1563,detour,112060,True,12,2,388
11,2062,0.1559,room,112061,True,6,2,394
11,2063,0.1556,corridors,112062,True,11,2,389
11,2064,0.1553,detour,112063,True,11,2,389
11,2065,0.155,room,112064,True,9,2,391
11,2066,0.1547,corridors,112065,True,9,2,391
11,2067,0.1544,detour,112066,True,18,2,382
11,2068,0.1541,room,112067,True,5,2,395
11,2069,0.1538,corridors,112068,True,18,2,382
11,2070,0.1534,detour,112069,True,17,2,383
11,2071,0.1531,room,112070,True,7,2,393
11,2072,0.1528,corridors,112071,True,12,2,388
11,2073,0.1525,detour,112072,True,10,2,390
11,2074,0.1522,room,112073,True,15,2,385
11,2075,0.1519,corridors,112074,True,21,2,379
11,2076,0.1516,detour,112075,True,12,2,388
11,2077,0.1513,room,112076,True,11,2,389
11,2078,0.1509,corridors,112077,True,13,2,387
11,2079,0.1506,detour,112078,True,10,2,390
11,2080,0.1503,room,112079,True,17,2,383
11,2081,0.15,corridors,112080,True,4,2,396
11,2082,0.1497,detour,112081,True,16,2,384
11,2083,0.1494,room,112082,True,6,2,394
11,2084,0.1491,corridors,112083,True,8,2,392
11,2085,0.1488,detour,112084,True,13,2,387
11,2086,0.1484,room,112085,True,7,2,393
11,2087,0.1481,corridors,112086,True,4,2,396
11,2088,0.1478,detour,112087,True,14,2,386
11,2089,0.1475,room,112088,True,6,2,394
11,2090,0.1472,corridors,112089,True,16,2,384
11,2091,0.1469,detour,112090,True,10,2,390
11,2092,0.1466,room,112091,True,9,2,391
11,2093,0.1462,corridors,112092,True,8,2,392
11,2094,0.1459,detour,112093,True,10,2,390
11,2095,0.1456,room,112094,True,7,2,393
11,2096,0.1453,corridors,112095,True,15,2,385
11,2097,0.145,detour,112096,True,23,2,377
11,2098,0.1447,room,112097,True,12,2,388
11,2099,0.1444,corridors,112098,True,8,2,392
11,2100,0.1441,detour,112099,True,11,2,389
11,2101,0.1438,room,112100,True,7,2,393
11,2102,0.1434,corridors,112101,True,12,2,388
11,2103,0.1431,detour,112102,True,13,2,387
11,2104,0.1428,room,112103,True,6,2,394
11,2105,0.1425,corridors,112104,True,9,2,391
11,2106,0.1422,detour,112105,True,21,2,379
11,2107,0.1419,room,112106,True,13,2,387
11,2108,0.1416,corridors,112107,True,4,2,396
11,2109,0.1413,detour,112108,True,7,2,393
11,2110,0.1409,room,112109,True,12,2,388
11,2111,0.1406,corridors,112110,True,13,2,387
11,2112,0.1403,detour,112111,True,8,2,392
11,2113,0.14,room,112112,True,8,2,392
11,2114,0.1397,corridors,112113,True,20,2,380
11,2115,0.1394,detour,112114,True,23,2,377
11,2116,0.1391,room,112115,True,8,2,392
11,2117,0.1388,corridors,112116,True,8,2,392
11,2118,0.1384,detour,112117,True,9,2,391
11,2119,0.1381,room,112118,True,15,2,385
11,2120,0.1378,corridors,112119,True,12,2,388
11,2121,0.1375,detour,112120,True,5,2,395
11,2122,0.1372,room,112121,True,16,2,384
11,2123,0.1369,corridors,112122,True,16,2,384
11,2124,0.1366,detour,112123,True,13,2,387
11,2125,0.1362,room,112124,True,9,2,391
11,2126,0.1359,corridors,112125,True,6,2,394
11,2127,0.1356,detour,112126,True,5,2,395
11,2128,0.1353,room,112127,True,8,2,392
11,2129,0.135,corridors,112128,True,5,2,395
11,2130,0.1347,detour,112129,True,12,2,388
11,2131,0.1344,room,112130,True,8,2,392
11,2132,0.1341,corridors,112131,True,13,2,387
11,2133,0.1338,detour,112132,True,20,2,380
11,2134,0.1334,room,112133,True,12,2,388
11,2135,0.1331,corridors,112134,True,9,2,391
11,2136,0.1328,detour,112135,True,28,2,372
11,2137,0.1325,room,112136,True,7,2,393
11,2138,0.1322,corridors,112137,True,7,2,393
11,2139,0.1319,detour,112138,True,23,2,377
11,2140,0.1316,room,112139,True,13,2,387
11,2141,0.1312,corridors,112140,True,10,2,390
11,2142,0.1309,detour,112141,True,12,2,388
11,2143,0.1306,room,112142,True,12,2,388
11,2144,0.1303,corridors,112143,True,9,2,391
11,2145,0.13,detour,112144,True,15,2,385
11,2146,0.1297,room,112145,True,9,2,391
11,2147,0.1294,corridors,112146,True,8,2,392
11,2148,0.1291,detour,112147,True,3,2,397
11,2149,0.1288,room,112148,True,7,2,393
11,2150,0.1284,corridors,112149,True,6,2,394
11,2151,0.1281,detour,112150,True,16,2,384
11,2152,0.1278,room,112151,True,5,2,395
11,2153,0.1275,corridors,112152,True,14,2,386
11,2154,0.1272,detour,112153,True,5,2,395
11,2155,0.1269,room,112154,True,3,2,397
11,2156,0.1266,corridors,112155,True,12,2,388
11,2157,0.1263,detour,112156,True,18,2,382
11,2158,0.1259,room,112157,True,8,2,392
11,2159,0.1256,corridors,112158,True,9,2,391
11,2160,0.1253,detour,112159,True,17,2,383
11,2161,0.125,room,112160,True,10,2,390
11,2162,0.1247,corridors,112161,True,13,2,387
11,2163,0.1244,detour,112162,True,17,2,383
11,2164,0.1241,room,112163,True,10,2,390
11,2165,0.1238,corridors,112164,True,10,2,390
11,2166,0.1234,detour,112165,True,3,2,397
11,2167,0.1231,room,112166,True,7,2,393
11,2168,0.1228,corridors,112167,True,12,2,388
11,2169,0.1225,detour,112168,True,11,2,389
11,2170,0.1222,room,112169,True,8,2,392
11,2171,0.1219,corridors,112170,True,9,2,391
11,2172,0.1216,detour,112171,True,11,2,389
11,2173,0.1213,room,112172,True,3,2,397
11,2174,0.1209,corridors,112173,True,18,2,382
11,2175,0.1206,detour,112174,True,13,2,387
11,2176,0.1203,room,112175,True,2,2,398
11,2177,0.12,corridors,112176,True,5,2,395
11,2178,0.1197,detour,112177,True,8,2,392
11,2179,0.1194,room,112178,True,8,2,392
11,2180,0.1191,corridors,112179,True,12,2,388
11,2181,0.1188,detour,112180,True,10,2,390
11,2182,0.1184,room,112181,True,4,2,396
11,2183,0.1181,corridors,112182,True,8,2,392
11,2184,0.1178,detour,112183,True,16,2,384
11,2185,0.1175,room,112184,True,5,2,395
11,2186,0.1172,corridors,112185,True,13,2,387
11,2187,0.1169,detour,112186,True,11,2,389
11,2188,0.1166,room,112187,True,12,2,388
11,2189,0.1163,corridors,112188,True,9,2,391
11,2190,0.1159,detour,112189,True,18,2,382
11,2191,0.1156,room,112190,True,6,2,394
11,2192,0.1153,corridors,112191,True,19,2,381
11,2193,0.115,detour,112192,True,3,2,397
11,2194,0.1147,room,112193,True,7,2,393
11,2195,0.1144,corridors,112194,True,5,2,395
11,2196,0.1141,detour,112195,True,7,2,393
11,2197,0.1138,room,112196,True,5,2,395
11,2198,0.1134,corridors,112197,True,12,2,388
11,2199,0.1131,detour,112198,True,8,2,392
11,2200,0.1128,room,112199,True,9,2,391
11,2201,0.1125,corridors,112200,True,13,2,387
11,2202,0.1122,detour,112201,True,14,2,386
11,2203,0.1119,room,112202,True,5,2,395
11,2204,0.1116,corridors,112203,True,10,2,390
11,2205,0.1113,detour,112204,True,7,2,393
11,2206,0.1109,room,112205,True,8,2,392
11,2207,0.1106,corridors,112206,True,9,2,391
11,2208,0.1103,detour,112207,True,10,2,390
11,2209,0.11,room,112208,True,10,2,390
11,2210,0.1097,corridors,112209,True,5,2,395
11,2211,0.1094,detour,112210,True,17,2,383
11,2212,0.1091,room,112211,True,4,2,396
11,2213,0.1088,corridors,112212,True,6,2,394
11,2214,0.1084,detour,112213,True,12,2,388
11,2215,0.1081,room,112214,True,11,2,389
11,2216,0.1078,corridors,112215,True,4,2,396
11,2217,0.1075,detour,112216,True,7,2,393
11,2218,0.1072,room,112217,True,8,2,392
11,2219,0.1069,corridors,112218,True,9,2,391
11,2220,0.1066,detour,112219,True,19,2,381
11,2221,0.1062,room,112220,True,8,2,392
11,2222,0.1059,corridors,112221,True,13,2,387
11,2223,0.1056,detour,112222,True,6,2,394
11,2224,0.1053,room,112223,True,9,2,391
11,2225,0.105,corridors,112224,True,10,2,390
11,2226,0.1047,detour,112225,True,12,2,388
11,2227,0.1044,room,112226,True,7,2,393
11,2228,0.1041,corridors,112227,True,14,2,386
11,2229,0.1038,detour,112228,True,16,2,384
11,2230,0.1034,room,112229,True,5,2,395
11,2231,0.1031,corridors,112230,True,15,2,385
11,2232,0.1028,detour,112231,True,9,2,391
11,2233,0.1025,room,112232,True,11,2,389
11,2234,0.1022,corridors,112233,True,8,2,392
11,2235,0.1019,detour,112234,True,16,2,384
11,2236,0.1016,room,112235,True,8,2,392
11,2237,0.1013,corridors,112236,True,11,2,389
11,2238,0.1009,detour,112237,True,23,2,377
11,2239,0.1006,room,112238,True,14,2,386
11,2240,0.1003,corridors,112239,True,9,2,391
11,2241,0.1,detour,112240,True,13,2,387
11,2242,0.0997,room,112241,True,10,2,390
11,2243,0.0994,corridors,112242,True,10,2,390
11,2244,0.0991,detour,112243,True,17,2,383
11,2245,0.0988,room,112244,True,10,2,390
11,2246,0.0984,corridors,112245,True,7,2,393
11,2247,0.0981,detour,112246,True,11,2,389
11,2248,0.0978,room,112247,True,12,2,388
11,2249,0.0975,corridors,112248,True,14,2,386
11,2250,0.0972,detour,112249,True,10,2,390
11,2251,0.0969,room,112250,True,10,2,390
11,2252,0.0966,corridors,112251,True,13,2,387
11,2253,0.0963,detour,112252,True,4,2,396
11,2254,0.0959,room,112253,True,14,2,386
11,2255,0.0956,corridors,112254,True,15,2,385
11,2256,0.0953,detour,112255,True,11,2,389
11,2257,0.095,room,112256,True,9,2,391
11,2258,0.0947,corridors,112257,True,5,2,395
11,2259,0.0944,detour,112258,True,15,2,385
11,2260,0.0941,room,112259,True,4,2,396
11,2261,0.0938,corridors,112260,True,2,2,398
11,2262,0.0934,detour,112261,True,9,2,391
11,2263,0.0931,room,112262,True,7,2,393
11,2264,0.0928,corridors,112263,True,15,2,385
11,2265,0.0925,detour,112264,True,9,2,391
11,2266,0.0922,room,112265,True,9,2,391
11,2267,0.0919,corridors,112266,True,11,2,389
11,2268,0.0916,detour,112267,True,20,2,380
11,2269,0.0913,room,112268,True,4,2,396
11,2270,0.0909,corridors,112269,True,14,2,386
11,2271,0.0906,detour,112270,True,7,2,393
11,2272,0.0903,room,112271,True,9,2,391
11,2273,0.09,corridors,112272,True,10,2,390
11,2274,0.0897,detour,112273,True,17,2,383
11,2275,0.0894,room,112274,True,7,2,393
11,2276,0.0891,corridors,112275,True,11,2,389
11,2277,0.0887,detour,112276,True,7,2,393
11,2278,0.0884,room,112277,True,5,2,395
11,2279,0.0881,corridors,112278,True,10,2,390
11,2280,0.0878,detour,112279,True,3,2,397
11,2281,0.0875,room,112280,True,9,2,391
11,2282,0.0872,corridors,112281,True,15,2,385
11,2283,0.0869,detour,112282,True,3,2,397
11,2284,0.0866,room,112283,True,5,2,395
11,2285,0.0863,corridors,112284,True,12,2,388
11,2286,0.0859,detour,112285,True,6,2,394
11,2287,0.0856,room,112286,True,9,2,391
11,2288,0.0853,corridors,112287,True,7,2,393
11,2289,0.085,detour,112288,True,11,2,389
11,2290,0.0847,room,112289,True,12,2,388
11,2291,0.0844,corridors,112290,True,16,2,384
11,2292,0.0841,detour,112291,True,12,2,388
11,2293,0.0838,room,112292,True,2,2,398
11,2294,0.0834,corridors,112293,True,10,2,390
11,2295,0.0831,detour,112294,True,4,2,396
11,2296,0.0828,room,112295,True,10,2,390
11,2297,0.0825,corridors,112296,True,14,2,386
11,2298,0.0822,detour,112297,True,18,2,382
11,2299,0.0819,room,112298,True,9,2,391
11,2300,0.0816,corridors,112299,True,3,2,397
11,2301,0.0813,detour,112300,True,19,2,381
11,2302,0.0809,room,112301,True,9,2,391
11,2303,0.0806,corridors,112302,True,7,2,393
11,2304,0.0803,detour,112303,True,16,2,384
11,2305,0.08,room,112304,True,8,2,392
11,2306,0.0797,corridors,112305,True,7,2,393
11,2307,0.0794,detour,112306,True,16,2,384
11,2308,0.0791,room,112307,True,13,2,387
11,2309,0.0788,corridors,112308,True,10,2,390
11,2310,0.0784,detour,112309,True,13,2,387
11,2311,0.0781,room,112310,True,6,2,394
11,2312,0.0778,corridors,112311,True,16,2,384
11,2313,0.0775,detour,112312,True,10,2,390
11,2314,0.0772,room,112313,True,9,2,391
11,2315,0.0769,corridors,112314,True,13,2,387
11,2316,0.0766,detour,112315,True,17,2,383
11,2317,0.0763,room,112316,True,9,2,391
11,2318,0.0759,corridors,112317,True,12,2,388
11,2319,0.0756,detour,112318,True,4,2,396
11,2320,0.0753,room,112319,True,4,2,396
11,2321,0.075,corridors,112320,True,4,2,396
11,2322,0.0747,detour,112321,True,17,2,383
11,2323,0.0744,room,112322,True,7,2,393
11,2324,0.0741,corridors,112323,True,6,2,394
11,2325,0.0737,detour,112324,True,9,2,391
11,2326,0.0734,room,112325,True,7,2,393
11,2327,0.0731,corridors,112326,True,14,2,386
11,2328,0.0728,detour,112327,True,12,2,388
11,2329,0.0725,room,112328,True,14,2,386
11,2330,0.0722,corridors,112329,True,9,2,391
11,2331,0.0719,detour,112330,True,11,2,389
11,2332,0.0716,room,112331,True,3,2,397
11,2333,0.0713,corridors,112332,True,5,2,395
11,2334,0.0709,detour,112333,True,6,2,394
11,2335,0.0706,room,112334,True,8,2,392
11,2336,0.0703,corridors,112335,True,13,2,387
11,2337,0.07,detour,112336,True,17,2,383
11,2338,0.0697,room,112337,True,6,2,394
11,2339,0.0694,corridors,112338,True,12,2,388
11,2340,0.0691,detour,112339,True,9,2,391
11,2341,0.0688,room,112340,True,7,2,393
11,2342,0.0684,corridors,112341,True,6,2,394
11,2343,0.0681,detour,112342,True,18,2,382
11,2344,0.0678,room,112343,True,7,2,393
11,2345,0.0675,corridors,112344,True,7,2,393
11,2346,0.0672,detour,112345,True,20,2,380
11,2347,0.0669,room,112346,True,6,2,394
11,2348,0.0666,corridors,112347,True,9,2,391
11,2349,0.0663,detour,112348,True,16,2,384
11,2350,0.0659,room,112349,True,7,2,393
11,2351,0.0656,corridors,112350,True,5,2,395
11,2352,0.0653,detour,112351,True,14,2,386
11,2353,0.065,room,112352,True,9,2,391
11,2354,0.0647,corridors,112353,True,15,2,385
11,2355,0.0644,detour,112354,True,3,2,397
11,2356,0.0641,room,112355,True,11,2,389
11,2357,0.0637,corridors,112356,True,9,2,391
11,2358,0.0634,detour,112357,True,7,2,393
11,2359,0.0631,room,112358,True,12,2,388
11,2360,0.0628,corridors,112359,True,4,2,396
11,2361,0.0625,detour,112360,True,12,2,388
11,2362,0.0622,room,112361,True,4,2,396
11,2363,0.0619,corridors,112362,True,5,2,395
11,2364,0.0616,detour,112363,True,13,2,387
11,2365,0.0613,room,112364,True,8,2,392
11,2366,0.0609,corridors,112365,True,11,2,389
11,2367,0.0606,detour,112366,True,13,2,387
11,2368,0.0603,room,112367,True,11,2,389
11,2369,0.06,corridors,112368,True,9,2,391
11,2370,0.0597,detour,112369,True,29,2,371
11,2371,0.0594,room,112370,True,11,2,389
11,2372,0.0591,corridors,112371,True,11,2,389
11,2373,0.0588,detour,112372,True,12,2,388
11,2374,0.0584,room,112373,True,10,2,390
11,2375,0.0581,corridors,112374,True,14,2,386
11,2376,0.0578,detour,112375,True,7,2,393
11,2377,0.0575,room,112376,True,5,2,395
11,2378,0.0572,corridors,112377,True,6,2,394
11,2379,0.0569,detour,112378,True,12,2,388
11,2380,0.0566,room,112379,True,7,2,393
11,2381,0.0563,corridors,112380,True,14,2,386
11,2382,0.0559,detour,112381,True,8,2,392
11,2383,0.0556,room,112382,True,7,2,393
11,2384,0.0553,corridors,112383,True,11,2,389
11,2385,0.055,detour,112384,True,5,2,395
11,2386,0.0547,room,112385,True,13,2,387
11,2387,0.0544,corridors,112386,True,8,2,392
11,2388,0.0541,detour,112387,True,18,2,382
11,2389,0.0538,room,112388,True,10,2,390
11,2390,0.0534,corridors,112389,True,11,2,389
11,2391,0.0531,detour,112390,True,17,2,383
11,2392,0.0528,room,112391,True,5,2,395
11,2393,0.0525,corridors,112392,True,8,2,392
11,2394,0.0522,detour,112393,True,3,2,397
11,2395,0.0519,room,112394,True,6,2,394
11,2396,0.0516,corridors,112395,True,6,2,394
11,2397,0.0513,detour,112396,True,10,2,390
11,2398,0.0509,room,112397,True,3,2,397
11,2399,0.0506,corridors,112398,True,11,2,389
11,2400,0.0503,detour,112399,True,17,2,383
11,2401,0.05,room,112400,True,4,2,396
11,2402,0.05,corridors,112401,True,4,2,396
11,2403,0.05,detour,112402,True,2,2,398
11,2404,0.05,room,112403,True,8,2,392
11,2405,0.05,corridors,112404,True,15,2,385
11,2406,0.05,detour,112405,True,20,2,380
11,2407,0.05,room,112406,True,3,2,397
11,2408,0.05,corridors,112407,True,6,2,394
11,2409,0.05,detour,112408,True,9,2,391
11,2410,0.05,room,112409,True,6,2,394
11,2411,0.05,corridors,112410,True,12,2,388
11,2412,0.05,detour,112411,True,21,2,379
11,2413,0.05,room,112412,True,3,2,397
11,2414,0.05,corridors,112413,True,11,2,389
11,2415,0.05,detour,112414,True,12,2,388
11,2416,0.05,room,112415,True,16,2,384
11,2417,0.05,corridors,112416,True,9,2,391
11,2418,0.05,detour,112417,True,7,2,393
11,2419,0.05,room,112418,True,5,2,395
11,2420,0.05,corridors,112419,True,12,2,388
11,2421,0.05,detour,112420,True,12,2,388
11,2422,0.05,room,112421,True,10,2,390
11,2423,0.05,corridors,112422,True,18,2,382
11,2424,0.05,detour,112423,True,10,2,390
11,2425,0.05,room,112424,True,6,2,394
11,2426,0.05,corridors,112425,True,8,2,392
11,2427,0.05,detour,112426,True,16,2,384
11,2428,0.05,room,112427,True,6,2,394
11,2429,0.05,corridors,112428,True,13,2,387
11,2430,0.05,detour,112429,True,5,2,395
11,2431,0.05,room,112430,True,13,2,387
11,2432,0.05,corridors,112431,True,10,2,390
11,2433,0.05,detour,112432,True,9,2,391
11,2434,0.05,room,112433,True,6,2,394
11,2435,0.05,corridors,112434,True,14,2,386
11,2436,0.05,detour,112435,True,17,2,383
11,2437,0.05,room,112436,True,5,2,395
11,2438,0.05,corridors,112437,True,9,2,391
11,2439,0.05,detour,112438,True,10,2,390
11,2440,0.05,room,112439,True,7,2,393
11,2441,0.05,corridors,112440,True,11,2,389
11,2442,0.05,detour,112441,True,8,2,392
11,2443,0.05,room,112442,True,16,2,384
11,2444,0.05,corridors,112443,True,3,2,397
11,2445,0.05,detour,112444,True,8,2,392
11,2446,0.05,room,112445,True,6,2,394
11,2447,0.05,corridors,112446,True,12,2,388
11,2448,0.05,detour,112447,True,17,2,383
11,2449,0.05,room,112448,True,6,2,394
11,2450,0.05,corridors,112449,True,12,2,388
11,2451,0.05,detour,112450,True,10,2,390
11,2452,0.05,room,112451,True,12,2,388
11,2453,0.05,corridors,112452,True,9,2,391
11,2454,0.05,detour,112453,True,8,2,392
11,2455,0.05,room,112454,True,9,2,391
11,2456,0.05,corridors,112455,True,10,2,390
11,2457,0.05,detour,112456,True,12,2,388
11,2458,0.05,room,112457,True,13,2,387
11,2459,0.05,corridors,112458,True,9,2,391
11,2460,0.05,detour,112459,True,6,2,394
11,2461,0.05,room,112460,True,10,2,390
11,2462,0.05,corridors,112461,True,10,2,390
11,2463,0.05,detour,112462,True,9,2,391
11,2464,0.05,room,112463,True,14,2,386
11,2465,0.05,corridors,112464,True,5,2,395
11,2466,0.05,detour,112465,True,3,2,397
11,2467,0.05,room,112466,True,5,2,395
11,2468,0.05,corridors,112467,True,10,2,390
11,2469,0.05,detour,112468,True,17,2,383
11,2470,0.05,room,112469,True,8,2,392
11,2471,0.05,corridors,112470,True,7,2,393
11,2472,0.05,detour,112471,True,11,2,389
11,2473,0.05,room,112472,True,6,2,394
11,2474,0.05,corridors,112473,True,12,2,388
11,2475,0.05,detour,112474,True,15,2,385
11,2476,0.05,room,112475,True,11,2,389
11,2477,0.05,corridors,112476,True,18,2,382
11,2478,0.05,detour,112477,True,5,2,395
11,2479,0.05,room,112478,True,7,2,393
11,2480,0.05,corridors,112479,True,6,2,394
11,2481,0.05,detour,112480,True,11,2,389
11,2482,0.05,room,112481,True,10,2,390
11,2483,0.05,corridors,112482,True,5,2,395
11,2484,0.05,detour,112483,True,16,2,384
11,2485,0.05,room,112484,True,5,2,395
11,2486,0.05,corridors,112485,True,14,2,386
11,2487,0.05,detour,112486,True,14,2,386
11,2488,0.05,room,112487,True,6,2,394
11,2489,0.05,corridors,112488,True,10,2,390
11,2490,0.05,detour,112489,True,12,2,388
11,2491,0.05,room,112490,True,9,2,391
11,2492,0.05,corridors,112491,True,10,2,390
11,2493,0.05,detour,112492,True,7,2,393
11,2494,0.05,room,112493,True,6,2,394
11,2495,0.05,corridors,112494,True,13,2,387
11,2496,0.05,detour,112495,True,6,2,394
11,2497,0.05,room,112496,True,12,2,388
11,2498,0.05,corridors,112497,True,16,2,384
11,2499,0.05,detour,112498,True,9,2,391
11,2500,0.05,room,112499,True,10,2,390
11,2501,0.05,corridors,112500,True,14,2,386
11,2502,0.05,detour,112501,True,7,2,393
11,2503,0.05,room,112502,True,7,2,393
11,2504,0.05,corridors,112503,True,3,2,397
11,2505,0.05,detour,112504,True,11,2,389
11,2506,0.05,room,112505,True,2,2,398
11,2507,0.05,corridors,112506,True,8,2,392
11,2508,0.05,detour,112507,True,13,2,387
11,2509,0.05,room,112508,True,8,2,392
11,2510,0.05,corridors,112509,True,15,2,385
11,2511,0.05,detour,112510,True,19,2,381
11,2512,0.05,room,112511,True,5,2,395
11,2513,0.05,corridors,112512,True,7,2,393
11,2514,0.05,detour,112513,True,8,2,392
11,2515,0.05,room,112514,True,7,2,393
11,2516,0.05,corridors,112515,True,10,2,390
11,2517,0.05,detour,112516,True,16,2,384
11,2518,0.05,room,112517,True,14,2,386
11,2519,0.05,corridors,112518,True,14,2,386
11,2520,0.05,detour,112519,True,7,2,393
11,2521,0.05,room,112520,True,7,2,393
11,2522,0.05,corridors,112521,True,13,2,387
11,2523,0.05,detour,112522,True,19,2,381
11,2524,0.05,room,112523,True,9,2,391
11,2525,0.05,corridors,112524,True,10,2,390
11,2526,0.05,detour,112525,True,6,2,394
11,2527,0.05,room,112526,True,9,2,391
11,2528,0.05,corridors,112527,True,17,2,383
11,2529,0.05,detour,112528,True,4,2,396
11,2530,0.05,room,112529,True,7,2,393
11,2531,0.05,corridors,112530,True,9,2,391
11,2532,0.05,detour,112531,True,9,2,391
11,2533,0.05,room,112532,True,6,2,394
11,2534,0.05,corridors,112533,True,11,2,389
11,2535,0.05,detour,112534,True,12,2,388
11,2536,0.05,room,112535,True,10,2,390
11,2537,0.05,corridors,112536,True,12,2,388
11,2538,0.05,detour,112537,True,3,2,397
11,2539,0.05,room,112538,True,6,2,394
11,2540,0.05,corridors,112539,True,12,2,388
11,2541,0.05,detour,112540,True,4,2,396
11,2542,0.05,room,112541,True,9,2,391
11,2543,0.05,corridors,112542,True,13,2,387
11,2544,0.05,detour,112543,True,20,2,380
11,2545,0.05,room,112544,True,6,2,394
11,2546,0.05,corridors,112545,True,8,2,392
11,2547,0.05,detour,112546,True,13,2,387
11,2548,0.05,room,112547,True,9,2,391
11,2549,0.05,corridors,112548,True,6,2,394
11,2550,0.05,detour,112549,True,7,2,393
11,2551,0.05,room,112550,True,5,2,395
11,2552,0.05,corridors,112551,True,7,2,393
11,2553,0.05,detour,112552,True,11,2,389
11,2554,0.05,room,112553,True,8,2,392
11,2555,0.05,corridors,112554,True,11,2,389
11,2556,0.05,detour,112555,True,14,2,386
11,2557,0.05,room,112556,True,5,2,395
11,2558,0.05,corridors,112557,True,13,2,387
11,2559,0.05,detour,112558,True,16,2,384
11,2560,0.05,room,112559,True,7,2,393
11,2561,0.05,corridors,112560,True,9,2,391
11,2562,0.05,detour,112561,True,13,2,387
11,2563,0.05,room,112562,True,6,2,394
11,2564,0.05,corridors,112563,True,5,2,395
11,2565,0.05,detour,112564,True,14,2,386
11,2566,0.05,room,112565,True,7,2,393
11,2567,0.05,corridors,112566,True,9,2,391
11,2568,0.05,detour,112567,True,6,2,394
11,2569,0.05,room,112568,True,8,2,392
11,2570,0.05,corridors,112569,True,11,2,389
11,2571,0.05,detour,112570,True,12,2,388
11,2572,0.05,room,112571,True,8,2,392
11,2573,0.05,corridors,112572,True,13,2,387
11,2574,0.05,detour,112573,True,13,2,387
11,2575,0.05,room,112574,True,7,2,393
11,2576,0.05,corridors,112575,True,10,2,390
11,2577,0.05,detour,112576,True,8,2,392
11,2578,0.05,room,112577,True,6,2,394
11,2579,0.05,corridors,112578,True,8,2,392
11,2580,0.05,detour,112579,True,14,2,386
11,2581,0.05,room,112580,True,9,2,391
11,2582,0.05,corridors,112581,True,14,2,386
11,2583,0.05,detour,112582,True,13,2,387
11,2584,0.05,room,112583,True,9,2,391
11,2585,0.05,corridors,112584,True,11,2,389
11,2586,0.05,detour,112585,True,8,2,392
11,2587,0.05,room,112586,True,7,2,393
11,2588,0.05,corridors,112587,True,7,2,393
11,2589,0.05,detour,112588,True,4,2,396
11,2590,0.05,room,112589,True,7,2,393
11,2591,0.05,corridors,112590,True,11,2,389
11,2592,0.05,detour,112591,True,20,2,380
11,2593,0.05,room,112592,True,10,2,390
11,2594,0.05,corridors,112593,True,11,2,389
11,2595,0.05,detour,112594,True,18,2,382
11,2596,0.05,room,112595,True,9,2,391
11,2597,0.05,corridors,112596,True,17,2,383
11,2598,0.05,detour,112597,True,13,2,387
11,2599,0.05,room,112598,True,14,2,386
11,2600,0.05,corridors,112599,True,7,2,393
11,2601,0.05,detour,112600,True,15,2,385
11,2602,0.05,room,112601,True,7,2,393
11,2603,0.05,corridors,112602,True,11,2,389
11,2604,0.05,detour,112603,True,14,2,386
11,2605,0.05,room,112604,True,9,2,391
11,2606,0.05,corridors,112605,True,9,2,391
11,2607,0.05,detour,112606,True,7,2,393
11,2608,0.05,room,112607,True,5,2,395
11,2609,0.05,corridors,112608,True,13,2,387
11,2610,0.05,detour,112609,True,9,2,391
11,2611,0.05,room,112610,True,11,2,389
11,2612,0.05,corridors,112611,True,12,2,388
11,2613,0.05,detour,112612,True,6,2,394
11,2614,0.05,room,112613,True,8,2,392
11,2615,0.05,corridors,112614,True,11,2,389
11,2616,0.05,detour,112615,True,16,2,384
11,2617,0.05,room,112616,True,5,2,395
11,2618,0.05,corridors,112617,True,13,2,387
11,2619,0.05,detour,112618,True,10,2,390
11,2620,0.05,room,112619,True,7,2,393
11,2621,0.05,corridors,112620,True,17,2,383
11,2622,0.05,detour,112621,True,16,2,384
11,2623,0.05,room,112622,True,7,2,393
11,2624,0.05,corridors,112623,True,5,2,395
11,2625,0.05,detour,112624,True,5,2,395
11,2626,0.05,room,112625,True,7,2,393
11,2627,0.05,corridors,112626,True,4,2,396
11,2628,0.05,detour,112627,True,9,2,391
11,2629,0.05,room,112628,True,8,2,392
11,2630,0.05,corridors,112629,True,10,2,390
11,2631,0.05,detour,112630,True,8,2,392
11,2632,0.05,room,112631,True,5,2,395
11,2633,0.05,corridors,112632,True,9,2,391
11,2634,0.05,detour,112633,True,22,2,378
11,2635,0.05,room,112634,True,10,2,390
11,2636,0.05,corridors,112635,True,4,2,396
11,2637,0.05,detour,112636,True,4,2,396
11,2638,0.05,room,112637,True,6,2,394
11,2639,0.05,corridors,112638,True,7,2,393
11,2640,0.05,detour,112639,True,23,2,377
11,2641,0.05,room,112640,True,7,2,393
11,2642,0.05,corridors,112641,True,15,2,385
11,2643,0.05,detour,112642,True,15,2,385
11,2644,0.05,room,112643,True,11,2,389
11,2645,0.05,corridors,112644,True,6,2,394
11,2646,0.05,detour,112645,True,9,2,391
11,2647,0.05,room,112646,True,3,2,397
11,2648,0.05,corridors,112647,True,9,2,391
11,2649,0.05,detour,112648,True,19,2,381
11,2650,0.05,room,112649,True,4,2,396
11,2651,0.05,corridors,112650,True,15,2,385
11,2652,0.05,detour,112651,True,18,2,382
11,2653,0.05,room,112652,True,9,2,391
11,2654,0.05,corridors,112653,True,14,2,386
11,2655,0.05,detour,112654,True,14,2,386
11,2656,0.05,room,112655,True,11,2,389
11,2657,0.05,corridors,112656,True,10,2,390
11,2658,0.05,detour,112657,True,8,2,392
11,2659,0.05,room,112658,True,9,2,391
11,2660,0.05,corridors,112659,True,7,2,393
11,2661,0.05,detour,112660,True,4,2,396
11,2662,0.05,room,112661,True,3,2,397
11,2663,0.05,corridors,112662,True,5,2,395
11,2664,0.05,detour,112663,True,11,2,389
11,2665,0.05,room,112664,True,4,2,396
11,2666,0.05,corridors,112665,True,7,2,393
11,2667,0.05,detour,112666,True,14,2,386
11,2668,0.05,room,112667,True,2,2,398
11,2669,0.05,corridors,112668,True,12,2,388
11,2670,0.05,detour,112669,True,10,2,390
11,2671,0.05,room,112670,True,4,2,396
11,2672,0.05,corridors,112671,True,6,2,394
11,2673,0.05,detour,112672,True,8,2,392
11,2674,0.05,room,112673,True,7,2,393
11,2675,0.05,corridors,112674,True,7,2,393
11,2676,0.05,detour,112675,True,13,2,387
11,2677,0.05,room,112676,True,8,2,392
11,2678,0.05,corridors,112677,True,11,2,389
11,2679,0.05,detour,112678,True,4,2,396
11,2680,0.05,room,112679,True,6,2,394
11,2681,0.05,corridors,112680,True,6,2,394
11,2682,0.05,detour,112681,True,18,2,382
11,2683,0.05,room,112682,True,8,2,392
11,2684,0.05,corridors,112683,True,13,2,387
11,2685,0.05,detour,112684,True,10,2,390
11,2686,0.05,room,112685,True,12,2,388
11,2687,0.05,corridors,112686,True,13,2,387
11,2688,0.05,detour,112687,True,6,2,394
11,2689,0.05,room,112688,True,5,2,395
11,2690,0.05,corridors,112689,True,13,2,387
11,2691,0.05,detour,112690,True,10,2,390
11,2692,0.05,room,112691,True,7,2,393
11,2693,0.05,corridors,112692,True,4,2,396
11,2694,0.05,detour,112693,True,9,2,391
11,2695,0.05,room,112694,True,11,2,389
11,2696,0.05,corridors,112695,True,12,2,388
11,2697,0.05,detour,112696,True,10,2,390
11,2698,0.05,room,112697,True,8,2,392
11,2699,0.05,corridors,112698,True,11,2,389
11,2700,0.05,detour,112699,True,11,2,389
11,2701,0.05,room,112700,True,10,2,390
11,2702,0.05,corridors,112701,True,10,2,390
11,2703,0.05,detour,112702,True,10,2,390
11,2704,0.05,room,112703,True,9,2,391
11,2705,0.05,corridors,112704,True,7,2,393
11,2706,0.05,detour,112705,True,18,2,382
11,2707,0.05,room,112706,True,3,2,397
11,2708,0.05,corridors,112707,True,11,2,389
11,2709,0.05,detour,112708,True,14,2,386
11,2710,0.05,room,112709,True,7,2,393
11,2711,0.05,corridors,112710,True,14,2,386
11,2712,0.05,detour,112711,True,7,2,393
11,2713,0.05,room,112712,True,7,2,393
11,2714,0.05,corridors,112713,True,13,2,387
11,2715,0.05,detour,112714,True,2,2,398
11,2716,0.05,room,112715,True,8,2,392
11,2717,0.05,corridors,112716,True,11,2,389
11,2718,0.05,detour,112717,True,22,2,378
11,2719,0.05,room,112718,True,5,2,395
11,2720,0.05,corridors,112719,True,9,2,391
11,2721,0.05,detour,112720,True,11,2,389
11,2722,0.05,room,112721,True,7,2,393
11,2723,0.05,corridors,112722,True,11,2,389
11,2724,0.05,detour,112723,True,11,2,389
11,2725,0.05,room,112724,True,6,2,394
11,2726,0.05,corridors,112725,True,8,2,392
11,2727,0.05,detour,112726,True,22,2,378
11,2728,0.05,room,112727,True,8,2,392
11,2729,0.05,corridors,112728,True,12,2,388
11,2730,0.05,detour,112729,True,8,2,392
11,2731,0.05,room,112730,True,5,2,395
11,2732,0.05,corridors,112731,True,6,2,394
11,2733,0.05,detour,112732,True,15,2,385
11,2734,0.05,room,112733,True,8,2,392
11,2735,0.05,corridors,112734,True,12,2,388
11,2736,0.05,detour,112735,True,5,2,395
11,2737,0.05,room,112736,True,7,2,393
11,2738,0.05,corridors,112737,True,14,2,386
11,2739,0.05,detour,112738,True,13,2,387
11,2740,0.05,room,112739,True,13,2,387
11,2741,0.05,corridors,112740,True,11,2,389
11,2742,0.05,detour,112741,True,9,2,391
11,2743,0.05,room,112742,True,6,2,394
11,2744,0.05,corridors,112743,True,14,2,386
11,2745,0.05,detour,112744,True,7,2,393
11,2746,0.05,room,112745,True,9,2,391
11,2747,0.05,corridors,112746,True,15,2,385
11,2748,0.05,detour,112747,True,3,2,397
11,2749,0.05,room,112748,True,9,2,391
11,2750,0.05,corridors,112749,True,12,2,388
11,2751,0.05,detour,112750,True,6,2,394
11,2752,0.05,room,112751,True,5,2,395
11,2753,0.05,corridors,112752,True,13,2,387
11,2754,0.05,detour,112753,True,20,2,380
11,2755,0.05,room,112754,True,13,2,387
11,2756,0.05,corridors,112755,True,12,2,388
11,2757,0.05,detour,112756,True,10,2,390
11,2758,0.05,room,112757,True,11,2,389
11,2759,0.05,corridors,112758,True,4,2,396
11,2760,0.05,detour,112759,True,9,2,391
11,2761,0.05,room,112760,True,10,2,390
11,2762,0.05,corridors,112761,True,8,2,392
11,2763,0.05,detour,112762,True,14,2,386
11,2764,0.05,room,112763,True,9,2,391
11,2765,0.05,corridors,112764,True,11,2,389
11,2766,0.05,detour,112765,True,7,2,393
11,2767,0.05,room,112766,True,8,2,392
11,2768,0.05,corridors,112767,True,12,2,388
11,2769,0.05,detour,112768,True,10,2,390
11,2770,0.05,room,112769,True,3,2,397
11,2771,0.05,corridors,112770,True,12,2,388
11,2772,0.05,detour,112771,True,5,2,395
11,2773,0.05,room,112772,True,4,2,396
11,2774,0.05,corridors,112773,True,4,2,396
11,2775,0.05,detour,112774,True,10,2,390
11,2776,0.05,room,112775,True,5,2,395
11,2777,0.05,corridors,112776,True,7,2,393
11,2778,0.05,detour,112777,True,23,2,377
11,2779,0.05,room,112778,True,7,2,393
11,2780,0.05,corridors,112779,True,12,2,388
11,2781,0.05,detour,112780,True,11,2,389
11,2782,0.05,room,112781,True,13,2,387
11,2783,0.05,corridors,112782,True,4,2,396
11,2784,0.05,detour,112783,True,17,2,383
11,2785,0.05,room,112784,True,5,2,395
11,2786,0.05,corridors,112785,True,13,2,387
11,2787,0.05,detour,112786,True,5,2,395
11,2788,0.05,room,112787,True,7,2,393
11,2789,0.05,corridors,112788,True,9,2,391
11,2790,0.05,detour,112789,True,12,2,388
11,2791,0.05,room,112790,True,11,2,389
11,2792,0.05,corridors,112791,True,11,2,389
11,2793,0.05,detour,112792,True,13,2,387
11,2794,0.05,room,112793,True,5,2,395
11,2795,0.05,corridors,112794,True,12,2,388
11,2796,0.05,detour,112795,True,14,2,386
11,2797,0.05,room,112796,True,10,2,390
11,2798,0.05,corridors,112797,True,9,2,391
11,2799,0.05,detour,112798,True,4,2,396
11,2800,0.05,room,112799,True,8,2,392
11,2801,0.05,corridors,112800,True,9,2,391
11,2802,0.05,detour,112801,True,11,2,389
11,2803,0.05,room,112802,True,4,2,396
11,2804,0.05,corridors,112803,True,8,2,392
11,2805,0.05,detour,112804,True,5,2,395
11,2806,0.05,room,112805,True,7,2,393
11,2807,0.05,corridors,112806,True,15,2,385
11,2808,0.05,detour,112807,True,13,2,387
11,2809,0.05,room,112808,True,8,2,392
11,2810,0.05,corridors,112809,True,9,2,391
11,2811,0.05,detour,112810,True,16,2,384
11,2812,0.05,room,112811,True,3,2,397
11,2813,0.05,corridors,112812,True,15,2,385
11,2814,0.05,detour,112813,True,6,2,394
11,2815,0.05,room,112814,True,5,2,395
11,2816,0.05,corridors,112815,True,13,2,387
11,2817,0.05,detour,112816,True,14,2,386
11,2818,0.05,room,112817,True,8,2,392
11,2819,0.05,corridors,112818,True,5,2,395
11,2820,0.05,detour,112819,True,10,2,390
11,2821,0.05,room,112820,True,3,2,397
11,2822,0.05,corridors,112821,True,10,2,390
11,2823,0.05,detour,112822,True,8,2,392
11,2824,0.05,room,112823,True,6,2,394
11,2825,0.05,corridors,112824,True,9,2,391
11,2826,0.05,detour,112825,True,16,2,384
11,2827,0.05,room,112826,True,6,2,394
11,2828,0.05,corridors,112827,True,11,2,389
11,2829,0.05,detour,112828,True,16,2,384
11,2830,0.05,room,112829,True,8,2,392
11,2831,0.05,corridors,112830,True,7,2,393
11,2832,0.05,detour,112831,True,3,2,397
11,2833,0.05,room,112832,True,11,2,389
11,2834,0.05,corridors,112833,True,5,2,395
11,2835,0.05,detour,112834,True,11,2,389
11,2836,0.05,room,112835,True,6,2,394
11,2837,0.05,corridors,112836,True,8,2,392
11,2838,0.05,detour,112837,True,12,2,388
11,2839,0.05,room,112838,True,5,2,395
11,2840,0.05,corridors,112839,True,14,2,386
11,2841,0.05,detour,112840,True,14,2,386
11,2842,0.05,room,112841,True,9,2,391
11,2843,0.05,corridors,112842,True,10,2,390
11,2844,0.05,detour,112843,True,12,2,388
11,2845,0.05,room,112844,True,9,2,391
11,2846,0.05,corridors,112845,True,11,2,389
11,2847,0.05,detour,112846,True,20,2,380
11,2848,0.05,room,112847,True,8,2,392
11,2849,0.05,corridors,112848,True,12,2,388
11,2850,0.05,detour,112849,True,10,2,390
11,2851,0.05,room,112850,True,3,2,397
11,2852,0.05,corridors,112851,True,3,2,397
11,2853,0.05,detour,112852,True,13,2,387
11,2854,0.05,room,112853,True,6,2,394
11,2855,0.05,corridors,112854,True,14,2,386
11,2856,0.05,detour,112855,True,16,2,384
11,2857,0.05,room,112856,True,9,2,391
11,2858,0.05,corridors,112857,True,10,2,390
11,2859,0.05,detour,112858,True,19,2,381
11,2860,0.05,room,112859,True,6,2,394
11,2861,0.05,corridors,112860,True,6,2,394
11,2862,0.05,detour,112861,True,14,2,386
11,2863,0.05,room,112862,True,6,2,394
11,2864,0.05,corridors,112863,True,9,2,391
11,2865,0.05,detour,112864,True,11,2,389
11,2866,0.05,room,112865,True,7,2,393
11,2867,0.05,corridors,112866,True,12,2,388
11,2868,0.05,detour,112867,True,13,2,387
11,2869,0.05,room,112868,True,6,2,394
11,2870,0.05,corridors,112869,True,8,2,392
11,2871,0.05,detour,112870,True,15,2,385
11,2872,0.05,room,112871,True,9,2,391
11,2873,0.05,corridors,112872,True,5,2,395
11,2874,0.05,detour,112873,True,18,2,382
11,2875,0.05,room,112874,True,7,2,393
11,2876,0.05,corridors,112875,True,10,2,390
11,2877,0.05,detour,112876,True,14,2,386
11,2878,0.05,room,112877,True,11,2,389
11,2879,0.05,corridors,112878,True,11,2,389
11,2880,0.05,detour,112879,True,11,2,389
11,2881,0.05,room,112880,True,4,2,396
11,2882,0.05,corridors,112881,True,12,2,388
11,2883,0.05,detour,112882,True,9,2,391
11,2884,0.05,room,112883,True,8,2,392
11,2885,0.05,corridors,112884,True,7,2,393
11,2886,0.05,detour,112885,True,7,2,393
11,2887,0.05,room,112886,True,16,2,384
11,2888,0.05,corridors,112887,True,12,2,388
11,2889,0.05,detour,112888,True,9,2,391
11,2890,0.05,room,112889,True,7,2,393
11,2891,0.05,corridors,112890,True,14,2,386
11,2892,0.05,detour,112891,True,11,2,389
11,2893,0.05,room,112892,True,5,2,395
11,2894,0.05,corridors,112893,True,7,2,393
11,2895,0.05,detour,112894,True,6,2,394
11,2896,0.05,room,112895,True,9,2,391
11,2897,0.05,corridors,112896,True,11,2,389
11,2898,0.05,detour,112897,True,7,2,393
11,2899,0.05,room,112898,True,6,2,394
11,2900,0.05,corridors,112899,True,8,2,392
11,2901,0.05,detour,112900,True,10,2,390
11,2902,0.05,room,112901,True,5,2,395
11,2903,0.05,corridors,112902,True,6,2,394
11,2904,0.05,detour,112903,True,21,2,379
11,2905,0.05,room,112904,True,4,2,396
11,2906,0.05,corridors,112905,True,8,2,392
11,2907,0.05,detour,112906,True,8,2,392
11,2908,0.05,room,112907,True,14,2,386
11,2909,0.05,corridors,112908,True,8,2,392
11,2910,0.05,detour,112909,True,16,2,384
11,2911,0.05,room,112910,True,8,2,392
11,2912,0.05,corridors,112911,True,12,2,388
11,2913,0.05,detour,112912,True,22,2,378
11,2914,0.05,room,112913,True,6,2,394
11,2915,0.05,corridors,112914,True,3,2,397
11,2916,0.05,detour,112915,True,7,2,393
11,2917,0.05,room,112916,True,13,2,387
11,2918,0.05,corridors,112917,True,15,2,385
11,2919,0.05,detour,112918,True,7,2,393
11,2920,0.05,room,112919,True,3,2,397
11,2921,0.05,corridors,112920,True,10,2,390
11,2922,0.05,detour,112921,True,8,2,392
11,2923,0.05,room,112922,True,10,2,390
11,2924,0.05,corridors,112923,True,16,2,384
11,2925,0.05,detour,112924,True,11,2,389
11,2926,0.05,room,112925,True,4,2,396
11,2927,0.05,corridors,112926,True,14,2,386
11,2928,0.05,detour,112927,True,15,2,385
11,2929,0.05,room,112928,True,7,2,393
11,2930,0.05,corridors,112929,True,8,2,392
11,2931,0.05,detour,112930,True,18,2,382
11,2932,0.05,room,112931,True,9,2,391
11,2933,0.05,corridors,112932,True,5,2,395
11,2934,0.05,detour,112933,True,16,2,384
11,2935,0.05,room,112934,True,9,2,391
11,2936,0.05,corridors,112935,True,9,2,391
11,2937,0.05,detour,112936,True,7,2,393
11,2938,0.05,room,112937,True,9,2,391
11,2939,0.05,corridors,112938,True,8,2,392
11,2940,0.05,detour,112939,True,9,2,391
11,2941,0.05,room,112940,True,7,2,393
11,2942,0.05,corridors,112941,True,9,2,391
11,2943,0.05,detour,112942,True,12,2,388
11,2944,0.05,room,112943,True,7,2,393
11,2945,0.05,corridors,112944,True,15,2,385
11,2946,0.05,detour,112945,True,14,2,386
11,2947,0.05,room,112946,True,10,2,390
11,2948,0.05,corridors,112947,True,13,2,387
11,2949,0.05,detour,112948,True,13,2,387
11,2950,0.05,room,112949,True,4,2,396
11,2951,0.05,corridors,112950,True,11,2,389
11,2952,0.05,detour,112951,True,15,2,385
11,2953,0.05,room,112952,True,5,2,395
11,2954,0.05,corridors,112953,True,7,2,393
11,2955,0.05,detour,112954,True,9,2,391
11,2956,0.05,room,112955,True,7,2,393
11,2957,0.05,corridors,112956,True,10,2,390
11,2958,0.05,detour,112957,True,8,2,392
11,2959,0.05,room,112958,True,9,2,391
11,2960,0.05,corridors,112959,True,12,2,388
11,2961,0.05,detour,112960,True,14,2,386
11,2962,0.05,room,112961,True,7,2,393
11,2963,0.05,corridors,112962,True,9,2,391
11,2964,0.05,detour,112963,True,17,2,383
11,2965,0.05,room,112964,True,12,2,388
11,2966,0.05,corridors,112965,True,12,2,388
11,2967,0.05,detour,112966,True,14,2,386
11,2968,0.05,room,112967,True,14,2,386
11,2969,0.05,corridors,112968,True,5,2,395
11,2970,0.05,detour,112969,True,14,2,386
11,2971,0.05,room,112970,True,7,2,393
11,2972,0.05,corridors,112971,True,14,2,386
11,2973,0.05,detour,112972,True,4,2,396
11,2974,0.05,room,112973,True,10,2,390
11,2975,0.05,corridors,112974,True,7,2,393
11,2976,0.05,detour,112975,True,11,2,389
11,2977,0.05,room,112976,True,8,2,392
11,2978,0.05,corridors,112977,True,11,2,389
11,2979,0.05,detour,112978,True,22,2,378
11,2980,0.05,room,112979,True,6,2,394
11,2981,0.05,corridors,112980,True,7,2,393
11,2982,0.05,detour,112981,True,5,2,395
11,2983,0.05,room,112982,True,4,2,396
11,2984,0.05,corridors,112983,True,17,2,383
11,2985,0.05,detour,112984,True,8,2,392
11,2986,0.05,room,112985,True,9,2,391
11,2987,0.05,corridors,112986,True,11,2,389
11,2988,0.05,detour,112987,True,4,2,396
11,2989,0.05,room,112988,True,8,2,392
11,2990,0.05,corridors,112989,True,12,2,388
11,2991,0.05,detour,112990,True,12,2,388
11,2992,0.05,room,112991,True,9,2,391
11,2993,0.05,corridors,112992,True,3,2,397
11,2994,0.05,detour,112993,True,13,2,387
11,2995,0.05,room,112994,True,7,2,393
11,2996,0.05,corridors,112995,True,14,2,386
11,2997,0.05,detour,112996,True,11,2,389
11,2998,0.05,room,112997,True,9,2,391
11,2999,0.05,corridors,112998,True,9,2,391
11,3000,0.05,detour,112999,True,13,2,387
29,1,0.8,room,290000,True,65,2,335
29,2,0.7997,corridors,290001,False,120,1,80
29,3,0.7994,detour,290002,True,43,2,357
29,4,0.7991,room,290003,True,49,2,351
29,5,0.7988,corridors,290004,True,46,2,354
29,6,0.7984,detour,290005,True,42,2,358
29,7,0.7981,room,290006,True,87,2,313
29,8,0.7978,corridors,290007,True,43,2,357
29,9,0.7975,detour,290008,True,31,2,369
29,10,0.7972,room,290009,True,41,2,359
29,11,0.7969,corridors,290010,True,33,2,367
29,12,0.7966,detour,290011,True,60,2,340
29,13,0.7963,room,290012,True,31,2,369
29,14,0.7959,corridors,290013,True,90,2,310
29,15,0.7956,detour,290014,True,31,2,369
29,16,0.7953,room,290015,True,61,2,339
29,17,0.795,corridors,290016,True,54,2,346
29,18,0.7947,detour,290017,True,94,2,306
29,19,0.7944,room,290018,True,99,2,301
29,20,0.7941,corridors,290019,True,24,2,376
29,21,0.7938,detour,290020,True,85,2,315
29,22,0.7934,room,290021,True,30,2,370
29,23,0.7931,corridors,290022,False,120,1,80
29,24,0.7928,detour,290023,False,120,1,80
29,25,0.7925,room,290024,True,99,2,301
29,26,0.7922,corridors,290025,True,25,2,375
29,27,0.7919,detour,290026,True,32,2,368
29,28,0.7916,room,290027,True,103,2,297
29,29,0.7913,corridors,290028,True,113,2,287
29,30,0.7909,detour,290029,True,83,2,317
29,31,0.7906,room,290030,True,45,2,355
29,32,0.7903,corridors,290031,True,87,2,313
29,33,0.79,detour,290032,False,120,1,80
29,34,0.7897,room,290033,True,33,2,367
29,35,0.7894,corridors,290034,False,120,1,80
29,36,0.7891,detour,290035,False,120,1,80
29,37,0.7888,room,290036,True,33,2,367
29,38,0.7884,corridors,290037,True,52,2,348
29,39,0.7881,detour,290038,False,120,0,-120
29,40,0.7878,room,290039,True,24,2,376
29,41,0.7875,corridors,290040,True,72,2,328
29,42,0.7872,detour,290041,True,30,2,370
29,43,0.7869,room,290042,True,22,2,378
29,44,0.7866,corridors,290043,True,87,2,313
29,45,0.7863,detour,290044,True,64,2,336
29,46,0.7859,room,290045,True,67,2,333
29,47,0.7856,corridors,290046,True,66,2,334
29,48,0.7853,detour,290047,True,11,2,389
29,49,0.785,room,290048,True,53,2,347
29,50,0.7847,corridors,290049,True,111,2,289
29,51,0.7844,detour,290050,True,96,2,304
29,52,0.7841,room,290051,True,50,2,350
29,53,0.7838,corridors,290052,True,38,2,362
29,54,0.7834,detour,290053,False,120,1,80
29,55,0.7831,room,290054,True,53,2,347
29,56,0.7828,corridors,290055,True,79,2,321
29,57,0.7825,detour,290056,True,36,2,364
29,58,0.7822,room,290057,True,93,2,307
29,59,0.7819,corridors,290058,True,65,2,335
29,60,0.7816,detour,290059,True,34,2,366
29,61,0.7812,room,290060,False,120,1,80
29,62,0.7809,corridors,290061,True,78,2,322
29,63,0.7806,detour,290062,True,32,2,368
29,64,0.7803,room,290063,True,34,2,366
29,65,0.78,corridors,290064,True,50,2,350
29,66,0.7797,detour,290065,True,81,2,319
29,67,0.7794,room,290066,True,74,2,326
29,68,0.7791,corridors,290067,True,35,2,365
29,69,0.7788,detour,290068,False,120,1,80
29,70,0.7784,room,290069,True,24,2,376
29,71,0.7781,corridors,290070,True,76,2,324
29,72,0.7778,detour,290071,True,38,2,362
29,73,0.7775,room,290072,True,22,2,378
29,74,0.7772,corridors,290073,True,23,2,377
29,75,0.7769,detour,290074,True,68,2,332
29,76,0.7766,room,290075,True,46,2,354
29,77,0.7762,corridors,290076,True,40,2,360
29,78,0.7759,detour,290077,True,45,2,355
29,79,0.7756,room,290078,True,39,2,361
29,80,0.7753,corridors,290079,True,98,2,302
29,81,0.775,detour,290080,True,17,2,383
29,82,0.7747,room,290081,True,95,2,305
29,83,0.7744,corridors,290082,True,19,2,381
29,84,0.7741,detour,290083,True,13,2,387
29,85,0.7738,room,290084,True,41,2,359
29,86,0.7734,corridors,290085,True,60,2,340
29,87,0.7731,detour,290086,True,95,2,305
29,88,0.7728,room,290087,True,19,2,381
29,89,0.7725,corridors,290088,True,28,2,372
29,90,0.7722,detour,290089,True,20,2,380
29,91,0.7719,room,290090,True,76,2,324
29,92,0.7716,corridors,290091,False,120,0,-120
29,93,0.7712,detour,290092,False,120,1,80
29,94,0.7709,room,290093,True,11,2,389
29,95,0.7706,corridors,290094,True,18,2,382
29,96,0.7703,detour,290095,True,95,2,305
29,97,0.77,room,290096,True,79,2,321
29,98,0.7697,corridors,290097,True,59,2,341
29,99,0.7694,detour,290098,True,23,2,377
29,100,0.7691,room,290099,True,119,2,281
29,101,0.7688,corridors,290100,True,20,2,380
29,102,0.7684,detour,290101,True,17,2,383
29,103,0.7681,room,290102,True,36,2,364
29,104,0.7678,corridors,290103,True,41,2,359
29,105,0.7675,detour,290104,True,92,2,308
29,106,0.7672,room,290105,True,75,2,325
29,107,0.7669,corridors,290106,True,57,2,343
29,108,0.7666,detour,290107,True,21,2,379
29,109,0.7663,room,290108,True,63,2,337
29,110,0.7659,corridors,290109,True,16,2,384
29,111,0.7656,detour,290110,True,41,2,359
29,112,0.7653,room,290111,True,60,2,340
29,113,0.765,corridors,290112,True,12,2,388
29,114,0.7647,detour,290113,True,74,2,326
29,115,0.7644,room,290114,True,43,2,357
29,116,0.7641,corridors,290115,True,35,2,365
29,117,0.7638,detour,290116,False,120,1,80
29,118,0.7634,room,290117,True,39,2,361
29,119,0.7631,corridors,290118,True,25,2,375
29,120,0.7628,detour,290119,False,120,1,80
29,121,0.7625,room,290120,True,50,2,350
29,122,0.7622,corridors,290121,True,119,2,281
29,123,0.7619,detour,290122,True,92,2,308
29,124,0.7616,room,290123,True,49,2,351
29,125,0.7613,corridors,290124,True,66,2,334
29,126,0.7609,detour,290125,True,14,2,386
29,127,0.7606,room,290126,True,14,2,386
29,128,0.7603,corridors,290127,True,60,2,340
29,129,0.76,detour,290128,True,86,2,314
29,130,0.7597,room,290129,True,67,2,333
29,131,0.7594,corridors,290130,True,38,2,362
29,132,0.7591,detour,290131,False,120,1,80
29,133,0.7588,room,290132,True,54,2,346
29,134,0.7584,corridors,290133,True,23,2,377
29,135,0.7581,detour,290134,True,48,2,352
29,136,0.7578,room,290135,True,10,2,390
29,137,0.7575,corridors,290136,True,6,2,394
29,138,0.7572,detour,290137,True,42,2,358
29,139,0.7569,room,290138,True,106,2,294
29,140,0.7566,corridors,290139,True,63,2,337
29,141,0.7563,detour,290140,True,22,2,378
29,142,0.7559,room,290141,True,33,2,367
29,143,0.7556,corridors,290142,True,66,2,334
29,144,0.7553,detour,290143,True,29,2,371
29,145,0.755,room,290144,True,56,2,344
29,146,0.7547,corridors,290145,True,110,2,290
29,147,0.7544,detour,290146,False,120,1,80
29,148,0.7541,room,290147,True,35,2,365
29,149,0.7538,corridors,290148,True,78,2,322
29,150,0.7534,detour,290149,True,9,2,391
29,151,0.7531,room,290150,True,79,2,321
29,152,0.7528,corridors,290151,True,59,2,341
29,153,0.7525,detour,290152,False,120,1,80
29,154,0.7522,room,290153,True,64,2,336
29,155,0.7519,corridors,290154,True,21,2,379
29,156,0.7516,detour,290155,True,10,2,390
29,157,0.7513,room,290156,True,6,2,394
29,158,0.7509,corridors,290157,True,31,2,369
29,159,0.7506,detour,290158,True,25,2,375
29,160,0.7503,room,290159,True,99,2,301
29,161,0.75,corridors,290160,True,44,2,356
29,162,0.7497,detour,290161,True,17,2,383
29,163,0.7494,room,290162,True,16,2,384
29,164,0.7491,corridors,290163,True,8,2,392
29,165,0.7488,detour,290164,True,5,2,395
29,166,0.7484,room,290165,True,24,2,376
29,167,0.7481,corridors,290166,True,15,2,385
29,168,0.7478,detour,290167,True,51,2,349
29,169,0.7475,room,290168,True,78,2,322
29,170,0.7472,corridors,290169,True,34,2,366
29,171,0.7469,detour,290170,True,14,2,386
29,172,0.7466,room,290171,True,20,2,380
29,173,0.7463,corridors,290172,False,120,0,-120
29,174,0.7459,detour,290173,True,80,2,320
29,175,0.7456,room,290174,True,67,2,333
29,176,0.7453,corridors,290175,True,44,2,356
29,177,0.745,detour,290176,True,27,2,373
29,178,0.7447,room,290177,True,63,2,337
29,179,0.7444,corridors,290178,True,18,2,382
29,180,0.7441,detour,290179,True,6,2,394
29,181,0.7438,room,290180,True,5,2,395
29,182,0.7434,corridors,290181,False,120,1,80
29,183,0.7431,detour,290182,True,57,2,343
29,184,0.7428,room,290183,True,26,2,374
29,185,0.7425,corridors,290184,True,25,2,375
29,186,0.7422,detour,290185,True,11,2,389
29,187,0.7419,room,290186,True,51,2,349
29,188,0.7416,corridors,290187,True,36,2,364
29,189,0.7413,detour,290188,False,120,1,80
29,190,0.7409,room,290189,True,21,2,379
29,191,0.7406,corridors,290190,True,36,2,364
29,192,0.7403,detour,290191,True,56,2,344
29,193,0.74,room,290192,True,76,2,324
29,194,0.7397,corridors,290193,True,91,2,309
29,195,0.7394,detour,290194,True,36,2,364
29,196,0.7391,room,290195,True,17,2,383
29,197,0.7388,corridors,290196,True,67,2,333
29,198,0.7384,detour,290197,True,51,2,349
29,199,0.7381,room,290198,True,33,2,367
29,200,0.7378,corridors,290199,True,21,2,379
29,201,0.7375,detour,290200,False,120,1,80
29,202,0.7372,room,290201,True,14,2,386
29,203,0.7369,corridors,290202,True,14,2,386
29,204,0.7366,detour,290203,True,48,2,352
29,205,0.7363,room,290204,True,102,2,298
29,206,0.7359,corridors,290205,True,40,2,360
29,207,0.7356,detour,290206,True,19,2,381
29,208,0.7353,room,290207,True,38,2,362
29,209,0.735,corridors,290208,True,72,2,328
29,210,0.7347,detour,290209,False,120,1,80
29,211,0.7344,room,290210,True,19,2,381
29,212,0.7341,corridors,290211,True,9,2,391
29,213,0.7338,detour,290212,True,61,2,339
29,214,0.7334,room,290213,True,84,2,316
29,215,0.7331,corridors,290214,True,38,2,362
29,216,0.7328,detour,290215,False,120,0,-120
29,217,0.7325,room,290216,True,36,2,364
29,218,0.7322,corridors,290217,True,75,2,325
29,219,0.7319,detour,290218,True,113,2,287
29,220,0.7316,room,290219,True,20,2,380
29,221,0.7313,corridors,290220,True,17,2,383
29,222,0.7309,detour,290221,True,58,2,342
29,223,0.7306,room,290222,True,41,2,359
29,224,0.7303,corridors,290223,True,34,2,366
29,225,0.73,detour,290224,True,5,2,395
29,226,0.7297,room,290225,True,19,2,381
29,227,0.7294,corridors,290226,True,51,2,349
29,228,0.7291,detour,290227,True,31,2,369
29,229,0.7288,room,290228,True,17,2,383
29,230,0.7284,corridors,290229,True,13,2,387
29,231,0.7281,detour,290230,True,13,2,387
29,232,0.7278,room,290231,True,32,2,368
29,233,0.7275,corridors,290232,True,32,2,368
29,234,0.7272,detour,290233,True,54,2,346
29,235,0.7269,room,290234,True,5,2,395
29,236,0.7266,corridors,290235,True,29,2,371
29,237,0.7263,detour,290236,False,120,1,80
29,238,0.7259,room,290237,True,39,2,361
29,239,0.7256,corridors,290238,True,10,2,390
29,240,0.7253,detour,290239,True,21,2,379
29,241,0.725,room,290240,True,44,2,356
29,242,0.7247,corridors,290241,True,6,2,394
29,243,0.7244,detour,290242,True,68,2,332
29,244,0.7241,room,290243,True,87,2,313
29,245,0.7238,corridors,290244,True,23,2,377
29,246,0.7234,detour,290245,True,4,2,396
29,247,0.7231,room,290246,True,7,2,393
29,248,0.7228,corridors,290247,True,44,2,356
29,249,0.7225,detour,290248,True,38,2,362
29,250,0.7222,room,290249,True,84,2,316
29,251,0.7219,corridors,290250,True,26,2,374
29,252,0.7216,detour,290251,True,91,2,309
29,253,0.7213,room,290252,True,13,2,387
29,254,0.7209,corridors,290253,True,28,2,372
29,255,0.7206,detour,290254,True,57,2,343
29,256,0.7203,room,290255,True,37,2,363
29,257,0.72,corridors,290256,True,12,2,388
29,258,0.7197,detour,290257,True,113,2,287
29,259,0.7194,room,290258,True,36,2,364
29,260,0.7191,corridors,290259,True,12,2,388
29,261,0.7188,detour,290260,True,31,2,369
29,262,0.7184,room,290261,True,59,2,341
29,263,0.7181,corridors,290262,True,38,2,362
29,264,0.7178,detour,290263,True,6,2,394
29,265,0.7175,room,290264,True,71,2,329
29,266,0.7172,corridors,290265,True,32,2,368
29,267,0.7169,detour,290266,True,65,2,335
29,268,0.7166,room,290267,True,43,2,357
29,269,0.7163,corridors,290268,True,26,2,374
29,270,0.7159,detour,290269,True,21,2,379
29,271,0.7156,room,290270,True,56,2,344
29,272,0.7153,corridors,290271,True,25,2,375
29,273,0.715,detour,290272,True,21,2,379
29,274,0.7147,room,290273,True,33,2,367
29,275,0.7144,corridors,290274,True,83,2,317
29,276,0.7141,detour,290275,True,18,2,382
29,277,0.7137,room,290276,True,23,2,377
29,278,0.7134,corridors,290277,True,42,2,358
29,279,0.7131,detour,290278,True,32,2,368
29,280,0.7128,room,290279,True,10,2,390
29,281,0.7125,corridors,290280,True,52,2,348
29,282,0.7122,detour,290281,True,3,2,397
29,283,0.7119,room,290282,True,26,2,374
29,284,0.7116,corridors,290283,True,37,2,363
29,285,0.7113,detour,290284,True,71,2,329
29,286,0.7109,room,290285,True,86,2,314
29,287,0.7106,corridors,290286,True,29,2,371
29,288,0.7103,detour,290287,True,27,2,373
29,289,0.71,room,290288,True,6,2,394
29,290,0.7097,corridors,290289,True,24,2,376
29,291,0.7094,detour,290290,True,35,2,365
29,292,0.7091,room,290291,True,52,2,348
29,293,0.7087,corridors,290292,True,99,2,301
29,294,0.7084,detour,290293,True,38,2,362
29,295,0.7081,room,290294,True,21,2,379
29,296,0.7078,corridors,290295,True,39,2,361
29,297,0.7075,detour,290296,True,21,2,379
29,298,0.7072,room,290297,True,13,2,387
29,299,0.7069,corridors,290298,True,83,2,317
29,300,0.7066,detour,290299,True,111,2,289
29,301,0.7063,room,290300,True,23,2,377
29,302,0.7059,corridors,290301,True,21,2,379
29,303,0.7056,detour,290302,True,33,2,367
29,304,0.7053,room,290303,True,15,2,385
29,305,0.705,corridors,290304,True,28,2,372
29,306,0.7047,detour,290305,True,25,2,375
29,307,0.7044,room,290306,True,26,2,374
29,308,0.7041,corridors,290307,False,120,1,80
29,309,0.7038,detour,290308,True,23,2,377
29,310,0.7034,room,290309,True,10,2,390
29,311,0.7031,corridors,290310,True,46,2,354
29,312,0.7028,detour,290311,True,79,2,321
29,313,0.7025,room,290312,True,10,2,390
29,314,0.7022,corridors,290313,True,45,2,355
29,315,0.7019,detour,290314,True,13,2,387
29,316,0.7016,room,290315,True,33,2,367
29,317,0.7013,corridors,290316,True,63,2,337
29,318,0.7009,detour,290317,True,39,2,361
29,319,0.7006,room,290318,True,13,2,387
29,320,0.7003,corridors,290319,True,31,2,369
29,321,0.7,detour,290320,True,4,2,396
29,322,0.6997,room,290321,True,58,2,342
29,323,0.6994,corridors,290322,True,87,2,313
29,324,0.6991,detour,290323,True,38,2,362
29,325,0.6987,room,290324,True,36,2,364
29,326,0.6984,corridors,290325,True,70,2,330
29,327,0.6981,detour,290326,True,51,2,349
29,328,0.6978,room,290327,True,25,2,375
29,329,0.6975,corridors,290328,True,21,2,379
29,330,0.6972,detour,290329,True,22,2,378
29,331,0.6969,room,290330,True,73,2,327
29,332,0.6966,corridors,290331,True,30,2,370
29,333,0.6963,detour,290332,True,37,2,363
29,334,0.6959,room,290333,True,20,2,380
29,335,0.6956,corridors,290334,True,42,2,358
29,336,0.6953,detour,290335,True,64,2,336
29,337,0.695,room,290336,True,26,2,374
29,338,0.6947,corridors,290337,True,32,2,368
29,339,0.6944,detour,290338,True,95,2,305
29,340,0.6941,room,290339,True,10,2,390
29,341,0.6938,corridors,290340,True,41,2,359
29,342,0.6934,detour,290341,True,21,2,379
29,343,0.6931,room,290342,True,36,2,364
29,344,0.6928,corridors,290343,True,18,2,382
29,345,0.6925,detour,290344,True,36,2,364
29,346,0.6922,room,290345,True,33,2,367
29,347,0.6919,corridors,290346,True,40,2,360
29,348,0.6916,detour,290347,True,67,2,333
29,349,0.6913,room,290348,True,10,2,390
29,350,0.6909,corridors,290349,True,16,2,384
29,351,0.6906,detour,290350,True,59,2,341
29,352,0.6903,room,290351,True,14,2,386
29,353,0.69,corridors,290352,True,12,2,388
29,354,0.6897,detour,290353,True,12,2,388
29,355,0.6894,room,290354,True,37,2,363
29,356,0.6891,corridors,290355,True,35,2,365
29,357,0.6887,detour,290356,True,36,2,364
29,358,0.6884,room,290357,True,11,2,389
29,359,0.6881,corridors,290358,True,41,2,359
29,360,0.6878,detour,290359,True,102,2,298
29,361,0.6875,room,290360,True,13,2,387
29,362,0.6872,corridors,290361,True,39,2,361
29,363,0.6869,detour,290362,True,49,2,351
29,364,0.6866,room,290363,True,22,2,378
29,365,0.6863,corridors,290364,True,21,2,379
29,366,0.6859,detour,290365,True,5,2,395
29,367,0.6856,room,290366,True,18,2,382
29,368,0.6853,corridors,290367,True,23,2,377
29,369,0.685,detour,290368,True,22,2,378
29,370,0.6847,room,290369,True,20,2,380
29,371,0.6844,corridors,290370,True,40,2,360
29,372,0.6841,detour,290371,True,41,2,359
29,373,0.6838,room,290372,True,47,2,353
29,374,0.6834,corridors,290373,True,60,2,340
29,375,0.6831,detour,290374,True,83,2,317
29,376,0.6828,room,290375,True,18,2,382
29,377,0.6825,corridors,290376,True,13,2,387
29,378,0.6822,detour,290377,True,81,2,319
29,379,0.6819,room,290378,True,28,2,372
29,380,0.6816,corridors,290379,True,19,2,381
29,381,0.6813,detour,290380,True,19,2,381
29,382,0.6809,room,290381,True,13,2,387
29,383,0.6806,corridors,290382,True,2,2,398
29,384,0.6803,detour,290383,True,22,2,378
29,385,0.68,room,290384,True,34,2,366
29,386,0.6797,corridors,290385,True,36,2,364
29,387,0.6794,detour,290386,True,50,2,350
29,388,0.6791,room,290387,True,106,2,294
29,389,0.6788,corridors,290388,True,41,2,359
29,390,0.6784,detour,290389,True,58,2,342
29,391,0.6781,room,290390,True,34,2,366
29,392,0.6778,corridors,290391,True,111,2,289
29,393,0.6775,detour,290392,True,42,2,358
29,394,0.6772,room,290393,True,26,2,374
29,395,0.6769,corridors,290394,True,42,2,358
29,396,0.6766,detour,290395,True,23,2,377
29,397,0.6763,room,290396,True,39,2,361
29,398,0.6759,corridors,290397,True,65,2,335
29,399,0.6756,detour,290398,False,120,1,80
29,400,0.6753,room,290399,True,23,2,377
29,401,0.675,corridors,290400,True,22,2,378
29,402,0.6747,detour,290401,True,21,2,379
29,403,0.6744,room,290402,True,7,2,393
29,404,0.6741,corridors,290403,True,35,2,365
29,405,0.6738,detour,290404,True,25,2,375
29,406,0.6734,room,290405,True,7,2,393
29,407,0.6731,corridors,290406,True,75,2,325
29,408,0.6728,detour,290407,True,27,2,373
29,409,0.6725,room,290408,True,30,2,370
29,410,0.6722,corridors,290409,True,20,2,380
29,411,0.6719,detour,290410,True,59,2,341
29,412,0.6716,room,290411,True,28,2,372
29,413,0.6713,corridors,290412,True,33,2,367
29,414,0.6709,detour,290413,True,96,2,304
29,415,0.6706,room,290414,True,9,2,391
29,416,0.6703,corridors,290415,True,44,2,356
29,417,0.67,detour,290416,True,87,2,313
29,418,0.6697,room,290417,True,32,2,368
29,419,0.6694,corridors,290418,False,120,1,80
29,420,0.6691,detour,290419,True,15,2,385
29,421,0.6688,room,290420,True,22,2,378
29,422,0.6684,corridors,290421,True,21,2,379
29,423,0.6681,detour,290422,True,26,2,374
29,424,0.6678,room,290423,True,28,2,372
29,425,0.6675,corridors,290424,True,6,2,394
29,426,0.6672,detour,290425,True,24,2,376
29,427,0.6669,room,290426,True,30,2,370
29,428,0.6666,corridors,290427,True,6,2,394
29,429,0.6663,detour,290428,True,11,2,389
29,430,0.6659,room,290429,True,29,2,371
29,431,0.6656,corridors,290430,True,39,2,361
29,432,0.6653,detour,290431,True,11,2,389
29,433,0.665,room,290432,True,67,2,333
29,434,0.6647,corridors,290433,True,32,2,368
29,435,0.6644,detour,290434,True,10,2,390
29,436,0.6641,room,290435,True,17,2,383
29,437,0.6638,corridors,290436,True,29,2,371
29,438,0.6634,detour,290437,True,28,2,372
29,439,0.6631,room,290438,True,13,2,387
29,440,0.6628,corridors,290439,True,17,2,383
29,441,0.6625,detour,290440,True,29,2,371
29,442,0.6622,room,290441,True,13,2,387
29,443,0.6619,corridors,290442,True,46,2,354
29,444,0.6616,detour,290443,True,31,2,369
29,445,0.6613,room,290444,True,24,2,376
29,446,0.6609,corridors,290445,True,39,2,361
29,447,0.6606,detour,290446,True,36,2,364
29,448,0.6603,room,290447,True,54,2,346
29,449,0.66,corridors,290448,True,15,2,385
29,450,0.6597,detour,290449,True,75,2,325
29,451,0.6594,room,290450,True,10,2,390
29,452,0.6591,corridors,290451,True,50,2,350
29,453,0.6588,detour,290452,True,22,2,378
29,454,0.6584,room,290453,True,29,2,371
29,455,0.6581,corridors,290454,True,12,2,388
29,456,0.6578,detour,290455,True,36,2,364
29,457,0.6575,room,290456,True,5,2,395
29,458,0.6572,corridors,290457,True,20,2,380
29,459,0.6569,detour,290458,True,20,2,380
29,460,0.6566,room,290459,True,15,2,385
29,461,0.6562,corridors,290460,True,28,2,372
29,462,0.6559,detour,290461,True,30,2,370
29,463,0.6556,room,290462,True,30,2,370
29,464,0.6553,corridors,290463,True,38,2,362
29,465,0.655,detour,290464,True,22,2,378
29,466,0.6547,room,290465,True,22,2,378
29,467,0.6544,corridors,290466,True,39,2,361
29,468,0.6541,detour,290467,True,24,2,376
29,469,0.6538,room,290468,True,19,2,381
29,470,0.6534,corridors,290469,True,17,2,383
29,471,0.6531,detour,290470,True,62,2,338
29,472,0.6528,room,290471,True,33,2,367
29,473,0.6525,corridors,290472,True,28,2,372
29,474,0.6522,detour,290473,True,17,2,383
29,475,0.6519,room,290474,True,21,2,379
29,476,0.6516,corridors,290475,True,51,2,349
29,477,0.6513,detour,290476,True,52,2,348
29,478,0.6509,room,290477,True,13,2,387
29,479,0.6506,corridors,290478,True,33,2,367
29,480,0.6503,detour,290479,True,19,2,381
29,481,0.65,room,290480,True,12,2,388
29,482,0.6497,corridors,290481,True,28,2,372
29,483,0.6494,detour,290482,True,8,2,392
29,484,0.6491,room,290483,True,17,2,383
29,485,0.6488,corridors,290484,True,29,2,371
29,486,0.6484,detour,290485,True,101,2,299
29,487,0.6481,room,290486,True,20,2,380
29,488,0.6478,corridors,290487,True,23,2,377
29,489,0.6475,detour,290488,True,19,2,381
29,490,0.6472,room,290489,True,20,2,380
29,491,0.6469,corridors,290490,True,9,2,391
29,492,0.6466,detour,290491,True,44,2,356
29,493,0.6462,room,290492,True,22,2,378
29,494,0.6459,corridors,290493,True,29,2,371
29,495,0.6456,detour,290494,True,42,2,358
29,496,0.6453,room,290495,True,10,2,390
29,497,0.645,corridors,290496,True,26,2,374
29,498,0.6447,detour,290497,True,28,2,372
29,499,0.6444,room,290498,True,75,2,325
29,500,0.6441,corridors,290499,True,22,2,378
29,501,0.6438,detour,290500,True,31,2,369
29,502,0.6434,room,290501,True,19,2,381
29,503,0.6431,corridors,290502,True,24,2,376
29,504,0.6428,detour,290503,True,2,2,398
29,505,0.6425,room,290504,True,29,2,371
29,506,0.6422,corridors,290505,True,87,2,313
29,507,0.6419,detour,290506,True,49,2,351
29,508,0.6416,room,290507,True,27,2,373
29,509,0.6413,corridors,290508,True,9,2,391
29,510,0.6409,detour,290509,True,34,2,366
29,511,0.6406,room,290510,True,10,2,390
29,512,0.6403,corridors,290511,True,37,2,363
29,513,0.64,detour,290512,True,23,2,377
29,514,0.6397,room,290513,True,21,2,379
29,515,0.6394,corridors,290514,True,10,2,390
29,516,0.6391,detour,290515,True,84,2,316
29,517,0.6388,room,290516,True,28,2,372
29,518,0.6384,corridors,290517,True,41,2,359
29,519,0.6381,detour,290518,True,29,2,371
29,520,0.6378,room,290519,True,17,2,383
29,521,0.6375,corridors,290520,True,29,2,371
29,522,0.6372,detour,290521,True,27,2,373
29,523,0.6369,room,290522,True,18,2,382
29,524,0.6366,corridors,290523,True,35,2,365
29,525,0.6362,detour,290524,True,33,2,367
29,526,0.6359,room,290525,True,19,2,381
29,527,0.6356,corridors,290526,True,20,2,380
29,528,0.6353,detour,290527,True,26,2,374
29,529,0.635,room,290528,True,18,2,382
29,530,0.6347,corridors,290529,True,60,2,340
29,531,0.6344,detour,290530,True,33,2,367
29,532,0.6341,room,290531,True,53,2,347
29,533,0.6338,corridors,290532,True,10,2,390
29,534,0.6334,detour,290533,True,12,2,388
29,535,0.6331,room,290534,True,17,2,383
29,536,0.6328,corridors,290535,True,15,2,385
29,537,0.6325,detour,290536,True,69,2,331
29,538,0.6322,room,290537,True,53,2,347
29,539,0.6319,corridors,290538,True,37,2,363
29,540,0.6316,detour,290539,True,107,2,293
29,541,0.6313,room,290540,True,35,2,365
29,542,0.6309,corridors,290541,True,19,2,381
29,543,0.6306,detour,290542,True,19,2,381
29,544,0.6303,room,290543,True,15,2,385
29,545,0.63,corridors,290544,True,13,2,387
29,546,0.6297,detour,290545,True,15,2,385
29,547,0.6294,room,290546,True,37,2,363
29,548,0.6291,corridors,290547,True,11,2,389
29,549,0.6288,detour,290548,True,10,2,390
29,550,0.6284,room,290549,True,5,2,395
29,551,0.6281,corridors,290550,True,30,2,370
29,552,0.6278,detour,290551,True,11,2,389
29,553,0.6275,room,290552,True,20,2,380
29,554,0.6272,corridors,290553,True,34,2,366
29,555,0.6269,detour,290554,True,8,2,392
29,556,0.6266,room,290555,True,17,2,383
29,557,0.6263,corridors,290556,True,35,2,365
29,558,0.6259,detour,290557,True,7,2,393
29,559,0.6256,room,290558,True,32,2,368
29,560,0.6253,corridors,290559,True,13,2,387
29,561,0.625,detour,290560,True,58,2,342
29,562,0.6247,room,290561,True,36,2,364
29,563,0.6244,corridors,290562,True,39,2,361
29,564,0.6241,detour,290563,True,24,2,376
29,565,0.6238,room,290564,True,12,2,388
29,566,0.6234,corridors,290565,True,5,2,395
29,567,0.6231,detour,290566,True,12,2,388
29,568,0.6228,room,290567,True,14,2,386
29,569,0.6225,corridors,290568,True,52,2,348
29,570,0.6222,detour,290569,True,26,2,374
29,571,0.6219,room,290570,True,10,2,390
29,572,0.6216,corridors,290571,True,4,2,396
29,573,0.6213,detour,290572,True,14,2,386
29,574,0.6209,room,290573,True,8,2,392
29,575,0.6206,corridors,290574,True,59,2,341
29,576,0.6203,detour,290575,True,32,2,368
29,577,0.62,room,290576,True,23,2,377
29,578,0.6197,corridors,290577,True,38,2,362
29,579,0.6194,detour,290578,True,47,2,353
29,580,0.6191,room,290579,True,11,2,389
29,581,0.6188,corridors,290580,True,11,2,389
29,582,0.6184,detour,290581,True,37,2,363
29,583,0.6181,room,290582,True,14,2,386
29,584,0.6178,corridors,290583,True,9,2,391
29,585,0.6175,detour,290584,True,94,2,306
29,586,0.6172,room,290585,True,36,2,364
29,587,0.6169,corridors,290586,True,16,2,384
29,588,0.6166,detour,290587,True,31,2,369
29,589,0.6163,room,290588,True,18,2,382
29,590,0.6159,corridors,290589,True,31,2,369
29,591,0.6156,detour,290590,True,14,2,386
29,592,0.6153,room,290591,True,10,2,390
29,593,0.615,corridors,290592,True,38,2,362
29,594,0.6147,detour,290593,True,17,2,383
29,595,0.6144,room,290594,True,25,2,375
29,596,0.6141,corridors,290595,True,11,2,389
29,597,0.6138,detour,290596,True,32,2,368
29,598,0.6134,room,290597,True,19,2,381
29,599,0.6131,corridors,290598,True,6,2,394
29,600,0.6128,detour,290599,True,24,2,376
29,601,0.6125,room,290600,True,16,2,384
29,602,0.6122,corridors,290601,True,2,2,398
29,603,0.6119,detour,290602,True,12,2,388
29,604,0.6116,room,290603,True,31,2,369
29,605,0.6113,corridors,290604,True,34,2,366
29,606,0.6109,detour,290605,True,67,2,333
29,607,0.6106,room,290606,True,18,2,382
29,608,0.6103,corridors,290607,True,31,2,369
29,609,0.61,detour,290608,True,70,2,330
29,610,0.6097,room,290609,True,32,2,368
29,611,0.6094,corridors,290610,True,18,2,382
29,612,0.6091,detour,290611,True,9,2,391
29,613,0.6088,room,290612,True,5,2,395
29,614,0.6084,corridors,290613,True,31,2,369
29,615,0.6081,detour,290614,True,31,2,369
29,616,0.6078,room,290615,True,8,2,392
29,617,0.6075,corridors,290616,True,45,2,355
29,618,0.6072,detour,290617,True,19,2,381
29,619,0.6069,room,290618,True,14,2,386
29,620,0.6066,corridors,290619,True,34,2,366
29,621,0.6062,detour,290620,True,50,2,350
29,622,0.6059,room,290621,True,39,2,361
29,623,0.6056,corridors,290622,True,16,2,384
29,624,0.6053,detour,290623,True,29,2,371
29,625,0.605,room,290624,True,9,2,391
29,626,0.6047,corridors,290625,True,19,2,381
29,627,0.6044,detour,290626,True,27,2,373
29,628,0.6041,room,290627,True,5,2,395
29,629,0.6038,corridors,290628,True,22,2,378
29,630,0.6034,detour,290629,True,35,2,365
29,631,0.6031,room,290630,True,64,2,336
29,632,0.6028,corridors,290631,True,9,2,391
29,633,0.6025,detour,290632,True,19,2,381
29,634,0.6022,room,290633,True,12,2,388
29,635,0.6019,corridors,290634,True,8,2,392
29,636,0.6016,detour,290635,True,10,2,390
29,637,0.6013,room,290636,True,19,2,381
29,638,0.6009,corridors,290637,True,39,2,361
29,639,0.6006,detour,290638,True,30,2,370
29,640,0.6003,room,290639,True,12,2,388
29,641,0.6,corridors,290640,True,29,2,371
29,642,0.5997,detour,290641,True,13,2,387
29,643,0.5994,room,290642,True,11,2,389
29,644,0.5991,corridors,290643,True,14,2,386
29,645,0.5988,detour,290644,True,10,2,390
29,646,0.5984,room,290645,True,48,2,352
29,647,0.5981,corridors,290646,True,20,2,380
29,648,0.5978,detour,290647,True,46,2,354
29,649,0.5975,room,290648,True,12,2,388
29,650,0.5972,corridors,290649,True,6,2,394
29,651,0.5969,detour,290650,True,35,2,365
29,652,0.5966,room,290651,True,12,2,388
29,653,0.5963,corridors,290652,True,23,2,377
29,654,0.5959,detour,290653,True,15,2,385
29,655,0.5956,room,290654,True,41,2,359
29,656,0.5953,corridors,290655,True,21,2,379
29,657,0.595,detour,290656,True,20,2,380
29,658,0.5947,room,290657,True,36,2,364
29,659,0.5944,corridors,290658,True,36,2,364
29,660,0.5941,detour,290659,True,25,2,375
29,661,0.5938,room,290660,True,4,2,396
29,662,0.5934,corridors,290661,True,19,2,381
29,663,0.5931,detour,290662,True,34,2,366
29,664,0.5928,room,290663,True,18,2,382
29,665,0.5925,corridors,290664,True,20,2,380
29,666,0.5922,detour,290665,True,43,2,357
29,667,0.5919,room,290666,True,20,2,380
29,668,0.5916,corridors,290667,True,7,2,393
29,669,0.5913,detour,290668,True,37,2,363
29,670,0.5909,room,290669,True,36,2,364
29,671,0.5906,corridors,290670,True,18,2,382
29,672,0.5903,detour,290671,True,18,2,382
29,673,0.59,room,290672,True,50,2,350
29,674,0.5897,corridors,290673,True,18,2,382
29,675,0.5894,detour,290674,True,65,2,335
29,676,0.5891,room,290675,True,9,2,391
29,677,0.5888,corridors,290676,True,18,2,382
29,678,0.5884,detour,290677,True,66,2,334
29,679,0.5881,room,290678,True,37,2,363
29,680,0.5878,corridors,290679,True,26,2,374
29,681,0.5875,detour,290680,True,47,2,353
29,682,0.5872,room,290681,True,24,2,376
29,683,0.5869,corridors,290682,True,28,2,372
29,684,0.5866,detour,290683,True,44,2,356
29,685,0.5863,room,290684,True,34,2,366
29,686,0.5859,corridors,290685,True,16,2,384
29,687,0.5856,detour,290686,True,53,2,347
29,688,0.5853,room,290687,True,34,2,366
29,689,0.585,corridors,290688,True,38,2,362
29,690,0.5847,detour,290689,True,5,2,395
29,691,0.5844,room,290690,True,14,2,386
29,692,0.5841,corridors,290691,True,15,2,385
29,693,0.5837,detour,290692,True,5,2,395
29,694,0.5834,room,290693,True,7,2,393
29,695,0.5831,corridors,290694,True,19,2,381
29,696,0.5828,detour,290695,True,26,2,374
29,697,0.5825,room,290696,True,15,2,385
29,698,0.5822,corridors,290697,True,26,2,374
29,699,0.5819,detour,290698,True,69,2,331
29,700,0.5816,room,290699,True,18,2,382
29,701,0.5813,corridors,290700,True,19,2,381
29,702,0.5809,detour,290701,True,19,2,381
29,703,0.5806,room,290702,True,12,2,388
29,704,0.5803,corridors,290703,True,7,2,393
29,705,0.58,detour,290704,True,25,2,375
29,706,0.5797,room,290705,True,9,2,391
29,707,0.5794,corridors,290706,True,7,2,393
29,708,0.5791,detour,290707,True,12,2,388
29,709,0.5788,room,290708,True,17,2,383
29,710,0.5784,corridors,290709,True,14,2,386
29,711,0.5781,detour,290710,True,40,2,360
29,712,0.5778,room,290711,True,15,2,385
29,713,0.5775,corridors,290712,True,15,2,385
29,714,0.5772,detour,290713,True,57,2,343
29,715,0.5769,room,290714,True,22,2,378
29,716,0.5766,corridors,290715,True,49,2,351
29,717,0.5763,detour,290716,True,20,2,380
29,718,0.5759,room,290717,True,8,2,392
29,719,0.5756,corridors,290718,True,29,2,371
29,720,0.5753,detour,290719,True,7,2,393
29,721,0.575,room,290720,True,14,2,386
29,722,0.5747,corridors,290721,True,15,2,385
29,723,0.5744,detour,290722,True,27,2,373
29,724,0.5741,room,290723,True,20,2,380
29,725,0.5737,corridors,290724,True,4,2,396
29,726,0.5734,detour,290725,True,38,2,362
29,727,0.5731,room,290726,True,12,2,388
29,728,0.5728,corridors,290727,True,15,2,385
29,729,0.5725,detour,290728,True,13,2,387
29,730,0.5722,room,290729,True,26,2,374
29,731,0.5719,corridors,290730,True,22,2,378
29,732,0.5716,detour,290731,True,23,2,377
29,733,0.5713,room,290732,True,19,2,381
29,734,0.5709,corridors,290733,True,21,2,379
29,735,0.5706,detour,290734,True,22,2,378
29,736,0.5703,room,290735,True,10,2,390
29,737,0.57,corridors,290736,True,59,2,341
29,738,0.5697,detour,290737,True,23,2,377
29,739,0.5694,room,290738,True,13,2,387
29,740,0.5691,corridors,290739,True,12,2,388
29,741,0.5688,detour,290740,True,25,2,375
29,742,0.5684,room,290741,True,30,2,370
29,743,0.5681,corridors,290742,True,31,2,369
29,744,0.5678,detour,290743,True,38,2,362
29,745,0.5675,room,290744,True,22,2,378
29,746,0.5672,corridors,290745,True,23,2,377
29,747,0.5669,detour,290746,True,40,2,360
29,748,0.5666,room,290747,True,6,2,394
29,749,0.5663,corridors,290748,True,11,2,389
29,750,0.5659,detour,290749,True,31,2,369
29,751,0.5656,room,290750,True,38,2,362
29,752,0.5653,corridors,290751,True,41,2,359
29,753,0.565,detour,290752,True,16,2,384
29,754,0.5647,room,290753,True,33,2,367
29,755,0.5644,corridors,290754,True,24,2,376
29,756,0.5641,detour,290755,True,23,2,377
29,757,0.5637,room,290756,True,17,2,383
29,758,0.5634,corridors,290757,True,48,2,352
29,759,0.5631,detour,290758,True,60,2,340
29,760,0.5628,room,290759,True,10,2,390
29,761,0.5625,corridors,290760,True,14,2,386
29,762,0.5622,detour,290761,True,46,2,354
29,763,0.5619,room,290762,True,22,2,378
29,764,0.5616,corridors,290763,True,30,2,370
29,765,0.5613,detour,290764,True,11,2,389
29,766,0.5609,room,290765,True,16,2,384
29,767,0.5606,corridors,290766,True,21,2,379
29,768,0.5603,detour,290767,True,30,2,370
29,769,0.56,room,290768,True,12,2,388
29,770,0.5597,corridors,290769,True,4,2,396
29,771,0.5594,detour,290770,True,29,2,371
29,772,0.5591,room,290771,True,9,2,391
29,773,0.5588,corridors,290772,True,23,2,377
29,774,0.5584,detour,290773,True,24,2,376
29,775,0.5581,room,290774,True,15,2,385
29,776,0.5578,corridors,290775,True,23,2,377
29,777,0.5575,detour,290776,True,14,2,386
29,778,0.5572,room,290777,True,7,2,393
29,779,0.5569,corridors,290778,True,9,2,391
29,780,0.5566,detour,290779,True,34,2,366
29,781,0.5563,room,290780,True,12,2,388
29,782,0.5559,corridors,290781,True,8,2,392
29,783,0.5556,detour,290782,True,27,2,373
29,784,0.5553,room,290783,True,15,2,385
29,785,0.555,corridors,290784,True,19,2,381
29,786,0.5547,detour,290785,True,31,2,369
29,787,0.5544,room,290786,True,12,2,388
29,788,0.5541,corridors,290787,True,18,2,382
29,789,0.5538,detour,290788,True,21,2,379
29,790,0.5534,room,290789,True,29,2,371
29,791,0.5531,corridors,290790,True,18,2,382
29,792,0.5528,detour,290791,True,15,2,385
29,793,0.5525,room,290792,True,12,2,388
29,794,0.5522,corridors,290793,True,18,2,382
29,795,0.5519,detour,290794,True,30,2,370
29,796,0.5516,room,290795,True,6,2,394
29,797,0.5513,corridors,290796,True,20,2,380
29,798,0.5509,detour,290797,True,50,2,350
29,799,0.5506,room,290798,True,13,2,387
29,800,0.5503,corridors,290799,True,37,2,363
29,801,0.55,detour,290800,True,63,2,337
29,802,0.5497,room,290801,True,27,2,373
29,803,0.5494,corridors,290802,True,8,2,392
29,804,0.5491,detour,290803,True,11,2,389
29,805,0.5488,room,290804,True,11,2,389
29,806,0.5484,corridors,290805,True,14,2,386
29,807,0.5481,detour,290806,True,43,2,357
29,808,0.5478,room,290807,True,11,2,389
29,809,0.5475,corridors,290808,True,57,2,343
29,810,0.5472,detour,290809,True,56,2,344
29,811,0.5469,room,290810,True,15,2,385
29,812,0.5466,corridors,290811,True,38,2,362
29,813,0.5463,detour,290812,True,26,2,374
29,814,0.5459,room,290813,True,12,2,388
29,815,0.5456,corridors,290814,True,6,2,394
29,816,0.5453,detour,290815,True,8,2,392
29,817,0.545,room,290816,True,23,2,377
29,818,0.5447,corridors,290817,True,14,2,386
29,819,0.5444,detour,290818,True,25,2,375
29,820,0.5441,room,290819,True,26,2,374
29,821,0.5438,corridors,290820,True,12,2,388
29,822,0.5434,detour,290821,True,3,2,397
29,823,0.5431,room,290822,True,40,2,360
29,824,0.5428,corridors,290823,True,30,2,370
29,825,0.5425,detour,290824,True,38,2,362
29,826,0.5422,room,290825,True,39,2,361
29,827,0.5419,corridors,290826,True,34,2,366
29,828,0.5416,detour,290827,True,29,2,371
29,829,0.5413,room,290828,True,20,2,380
29,830,0.5409,corridors,290829,True,17,2,383
29,831,0.5406,detour,290830,True,7,2,393
29,832,0.5403,room,290831,True,19,2,381
29,833,0.54,corridors,290832,True,18,2,382
29,834,0.5397,detour,290833,True,23,2,377
29,835,0.5394,room,290834,True,16,2,384
29,836,0.5391,corridors,290835,True,4,2,396
29,837,0.5388,detour,290836,True,12,2,388
29,838,0.5384,room,290837,True,13,2,387
29,839,0.5381,corridors,290838,True,62,2,338
29,840,0.5378,detour,290839,True,38,2,362
29,841,0.5375,room,290840,True,17,2,383
29,842,0.5372,corridors,290841,True,46,2,354
29,843,0.5369,detour,290842,True,19,2,381
29,844,0.5366,room,290843,True,11,2,389
29,845,0.5363,corridors,290844,True,21,2,379
29,846,0.5359,detour,290845,True,28,2,372
29,847,0.5356,room,290846,True,7,2,393
29,848,0.5353,corridors,290847,True,29,2,371
29,849,0.535,detour,290848,True,23,2,377
29,850,0.5347,room,290849,True,13,2,387
29,851,0.5344,corridors,290850,True,20,2,380
29,852,0.5341,detour,290851,True,8,2,392
29,853,0.5338,room,290852,True,8,2,392
29,854,0.5334,corridors,290853,True,25,2,375
29,855,0.5331,detour,290854,True,49,2,351
29,856,0.5328,room,290855,True,50,2,350
29,857,0.5325,corridors,290856,True,17,2,383
29,858,0.5322,detour,290857,True,12,2,388
29,859,0.5319,room,290858,True,12,2,388
29,860,0.5316,corridors,290859,True,41,2,359
29,861,0.5312,detour,290860,True,60,2,340
29,862,0.5309,room,290861,True,5,2,395
29,863,0.5306,corridors,290862,True,21,2,379
29,864,0.5303,detour,290863,True,30,2,370
29,865,0.53,room,290864,True,45,2,355
29,866,0.5297,corridors,290865,True,14,2,386
29,867,0.5294,detour,290866,True,7,2,393
29,868,0.5291,room,290867,True,14,2,386
29,869,0.5288,corridors,290868,True,9,2,391
29,870,0.5284,detour,290869,True,21,2,379
29,871,0.5281,room,290870,True,31,2,369
29,872,0.5278,corridors,290871,True,16,2,384
29,873,0.5275,detour,290872,True,5,2,395
29,874,0.5272,room,290873,True,18,2,382
29,875,0.5269,corridors,290874,True,25,2,375
29,876,0.5266,detour,290875,True,48,2,352
29,877,0.5263,room,290876,True,12,2,388
29,878,0.5259,corridors,290877,True,18,2,382
29,879,0.5256,detour,290878,True,8,2,392
29,880,0.5253,room,290879,True,13,2,387
29,881,0.525,corridors,290880,True,24,2,376
29,882,0.5247,detour,290881,True,23,2,377
29,883,0.5244,room,290882,True,8,2,392
29,884,0.5241,corridors,290883,True,13,2,387
29,885,0.5238,detour,290884,True,20,2,380
29,886,0.5234,room,290885,True,17,2,383
29,887,0.5231,corridors,290886,True,10,2,390
29,888,0.5228,detour,290887,True,18,2,382
29,889,0.5225,room,290888,True,19,2,381
29,890,0.5222,corridors,290889,True,25,2,375
29,891,0.5219,detour,290890,True,36,2,364
29,892,0.5216,room,290891,True,21,2,379
29,893,0.5212,corridors,290892,True,11,2,389
29,894,0.5209,detour,290893,True,10,2,390
29,895,0.5206,room,290894,True,15,2,385
29,896,0.5203,corridors,290895,True,26,2,374
29,897,0.52,detour,290896,True,21,2,379
29,898,0.5197,room,290897,True,3,2,397
29,899,0.5194,corridors,290898,True,9,2,391
29,900,0.5191,detour,290899,True,37,2,363
29,901,0.5188,room,290900,True,5,2,395
29,902,0.5184,corridors,290901,True,15,2,385
29,903,0.5181,detour,290902,True,15,2,385
29,904,0.5178,room,290903,True,12,2,388
29,905,0.5175,corridors,290904,True,36,2,364
29,906,0.5172,detour,290905,True,10,2,390
29,907,0.5169,room,290906,True,5,2,395
29,908,0.5166,corridors,290907,True,10,2,390
29,909,0.5163,detour,290908,True,37,2,363
29,910,0.5159,room,290909,True,31,2,369
29,911,0.5156,corridors,290910,True,21,2,379
29,912,0.5153,detour,290911,True,18,2,382
29,913,0.515,room,290912,True,10,2,390
29,914,0.5147,corridors,290913,True,9,2,391
29,915,0.5144,detour,290914,True,10,2,390
29,916,0.5141,room,290915,True,8,2,392
29,917,0.5138,corridors,290916,True,26,2,374
29,918,0.5134,detour,290917,True,11,2,389
29,919,0.5131,room,290918,True,37,2,363
29,920,0.5128,corridors,290919,True,21,2,379
29,921,0.5125,detour,290920,True,4,2,396
29,922,0.5122,room,290921,True,23,2,377
29,923,0.5119,corridors,290922,True,17,2,383
29,924,0.5116,detour,290923,True,32,2,368
29,925,0.5112,room,290924,True,7,2,393
29,926,0.5109,corridors,290925,True,12,2,388
29,927,0.5106,detour,290926,True,21,2,379
29,928,0.5103,room,290927,True,13,2,387
29,929,0.51,corridors,290928,True,8,2,392
29,930,0.5097,detour,290929,True,17,2,383
29,931,0.5094,room,290930,True,37,2,363
29,932,0.5091,corridors,290931,True,17,2,383
29,933,0.5088,detour,290932,True,21,2,379
29,934,0.5084,room,290933,True,17,2,383
29,935,0.5081,corridors,290934,True,21,2,379
29,936,0.5078,detour,290935,True,13,2,387
29,937,0.5075,room,290936,True,21,2,379
29,938,0.5072,corridors,290937,True,10,2,390
29,939,0.5069,detour,290938,True,6,2,394
29,940,0.5066,room,290939,True,12,2,388
29,941,0.5063,corridors,290940,True,10,2,390
29,942,0.5059,detour,290941,True,24,2,376
29,943,0.5056,room,290942,True,12,2,388
29,944,0.5053,corridors,290943,True,21,2,379
29,945,0.505,detour,290944,True,19,2,381
29,946,0.5047,room,290945,True,19,2,381
29,947,0.5044,corridors,290946,True,11,2,389
29,948,0.5041,detour,290947,True,18,2,382
29,949,0.5038,room,290948,True,4,2,396
29,950,0.5034,corridors,290949,True,37,2,363
29,951,0.5031,detour,290950,True,7,2,393
29,952,0.5028,room,290951,True,11,2,389
29,953,0.5025,corridors,290952,True,18,2,382
29,954,0.5022,detour,290953,True,17,2,383
29,955,0.5019,room,290954,True,25,2,375
29,956,0.5016,corridors,290955,True,37,2,363
29,957,0.5013,detour,290956,True,19,2,381
29,958,0.5009,room,290957,True,10,2,390
29,959,0.5006,corridors,290958,True,14,2,386
29,960,0.5003,detour,290959,True,20,2,380
29,961,0.5,room,290960,True,13,2,387
29,962,0.4997,corridors,290961,True,19,2,381
29,963,0.4994,detour,290962,True,49,2,351
29,964,0.4991,room,290963,True,11,2,389
29,965,0.4988,corridors,290964,True,20,2,380
29,966,0.4984,detour,290965,True,29,2,371
29,967,0.4981,room,290966,True,8,2,392
29,968,0.4978,corridors,290967,True,2,2,398
29,969,0.4975,detour,290968,True,94,2,306
29,970,0.4972,room,290969,True,14,2,386
29,971,0.4969,corridors,290970,True,30,2,370
29,972,0.4966,detour,290971,True,24,2,376
29,973,0.4963,room,290972,True,11,2,389
29,974,0.4959,corridors,290973,True,27,2,373
29,975,0.4956,detour,290974,True,17,2,383
29,976,0.4953,room,290975,True,25,2,375
29,977,0.495,corridors,290976,True,14,2,386
29,978,0.4947,detour,290977,True,27,2,373
29,979,0.4944,room,290978,True,41,2,359
29,980,0.4941,corridors,290979,True,25,2,375
29,981,0.4938,detour,290980,True,11,2,389
29,982,0.4934,room,290981,True,6,2,394
29,983,0.4931,corridors,290982,True,29,2,371
29,984,0.4928,detour,290983,True,41,2,359
29,985,0.4925,room,290984,True,13,2,387
29,986,0.4922,corridors,290985,True,8,2,392
29,987,0.4919,detour,290986,True,9,2,391
29,988,0.4916,room,290987,True,13,2,387
29,989,0.4913,corridors,290988,True,20,2,380
29,990,0.4909,detour,290989,True,15,2,385
29,991,0.4906,room,290990,True,4,2,396
29,992,0.4903,corridors,290991,True,9,2,391
29,993,0.49,detour,290992,True,28,2,372
29,994,0.4897,room,290993,True,12,2,388
29,995,0.4894,corridors,290994,True,17,2,383
29,996,0.4891,detour,290995,True,24,2,376
29,997,0.4888,room,290996,True,14,2,386
29,998,0.4884,corridors,290997,True,13,2,387
29,999,0.4881,detour,290998,True,29,2,371
29,1000,0.4878,room,290999,True,15,2,385
29,1001,0.4875,corridors,291000,True,10,2,390
29,1002,0.4872,detour,291001,True,20,2,380
29,1003,0.4869,room,291002,True,8,2,392
29,1004,0.4866,corridors,291003,True,16,2,384
29,1005,0.4863,detour,291004,True,23,2,377
29,1006,0.4859,room,291005,True,15,2,385
29,1007,0.4856,corridors,291006,True,13,2,387
29,1008,0.4853,detour,291007,True,25,2,375
29,1009,0.485,room,291008,True,18,2,382
29,1010,0.4847,corridors,291009,True,21,2,379
29,1011,0.4844,detour,291010,True,32,2,368
29,1012,0.4841,room,291011,True,20,2,380
29,1013,0.4838,corridors,291012,True,22,2,378
29,1014,0.4834,detour,291013,True,28,2,372
29,1015,0.4831,room,291014,True,4,2,396
29,1016,0.4828,corridors,291015,True,7,2,393
29,1017,0.4825,detour,291016,True,38,2,362
29,1018,0.4822,room,291017,True,15,2,385
29,1019,0.4819,corridors,291018,True,24,2,376
29,1020,0.4816,detour,291019,True,33,2,367
29,1021,0.4813,room,291020,True,14,2,386
29,1022,0.4809,corridors,291021,True,31,2,369
29,1023,0.4806,detour,291022,True,21,2,379
29,1024,0.4803,room,291023,True,10,2,390
29,1025,0.48,corridors,291024,True,18,2,382
29,1026,0.4797,detour,291025,True,41,2,359
29,1027,0.4794,room,291026,True,8,2,392
29,1028,0.4791,corridors,291027,True,18,2,382
29,1029,0.4788,detour,291028,True,15,2,385
29,1030,0.4784,room,291029,True,22,2,378
29,1031,0.4781,corridors,291030,True,15,2,385
29,1032,0.4778,detour,291031,True,5,2,395
29,1033,0.4775,room,291032,True,5,2,395
29,1034,0.4772,corridors,291033,True,50,2,350
29,1035,0.4769,detour,291034,True,8,2,392
29,1036,0.4766,room,291035,True,22,2,378
29,1037,0.4763,corridors,291036,True,19,2,381
29,1038,0.4759,detour,291037,True,33,2,367
29,1039,0.4756,room,291038,True,18,2,382
29,1040,0.4753,corridors,291039,True,34,2,366
29,1041,0.475,detour,291040,True,75,2,325
29,1042,0.4747,room,291041,True,10,2,390
29,1043,0.4744,corridors,291042,True,4,2,396
29,1044,0.4741,detour,291043,True,24,2,376
29,1045,0.4738,room,291044,True,13,2,387
29,1046,0.4734,corridors,291045,True,22,2,378
29,1047,0.4731,detour,291046,True,10,2,390
29,1048,0.4728,room,291047,True,19,2,381
29,1049,0.4725,corridors,291048,True,13,2,387
29,1050,0.4722,detour,291049,True,27,2,373
29,1051,0.4719,room,291050,True,16,2,384
29,1052,0.4716,corridors,291051,True,54,2,346
29,1053,0.4713,detour,291052,True,17,2,383
29,1054,0.4709,room,291053,True,6,2,394
29,1055,0.4706,corridors,291054,True,11,2,389
29,1056,0.4703,detour,291055,True,14,2,386
29,1057,0.47,room,291056,True,10,2,390
29,1058,0.4697,corridors,291057,True,28,2,372
29,1059,0.4694,detour,291058,True,27,2,373
29,1060,0.4691,room,291059,True,19,2,381
29,1061,0.4688,corridors,291060,True,29,2,371
29,1062,0.4684,detour,291061,True,26,2,374
29,1063,0.4681,room,291062,True,11,2,389
29,1064,0.4678,corridors,291063,True,4,2,396
29,1065,0.4675,detour,291064,True,13,2,387
29,1066,0.4672,room,291065,True,16,2,384
29,1067,0.4669,corridors,291066,True,2,2,398
29,1068,0.4666,detour,291067,True,23,2,377
29,1069,0.4663,room,291068,True,16,2,384
29,1070,0.4659,corridors,291069,True,16,2,384
29,1071,0.4656,detour,291070,True,2,2,398
29,1072,0.4653,room,291071,True,17,2,383
29,1073,0.465,corridors,291072,True,9,2,391
29,1074,0.4647,detour,291073,True,27,2,373
29,1075,0.4644,room,291074,True,10,2,390
29,1076,0.4641,corridors,291075,True,42,2,358
29,1077,0.4638,detour,291076,True,54,2,346
29,1078,0.4634,room,291077,True,16,2,384
29,1079,0.4631,corridors,291078,True,17,2,383
29,1080,0.4628,detour,291079,True,13,2,387
29,1081,0.4625,room,291080,True,12,2,388
29,1082,0.4622,corridors,291081,True,14,2,386
29,1083,0.4619,detour,291082,True,24,2,376
29,1084,0.4616,room,291083,True,4,2,396
29,1085,0.4613,corridors,291084,True,11,2,389
29,1086,0.4609,detour,291085,True,9,2,391
29,1087,0.4606,room,291086,True,6,2,394
29,1088,0.4603,corridors,291087,True,18,2,382
29,1089,0.46,detour,291088,True,25,2,375
29,1090,0.4597,room,291089,True,25,2,375
29,1091,0.4594,corridors,291090,True,18,2,382
29,1092,0.4591,detour,291091,True,36,2,364
29,1093,0.4588,room,291092,True,24,2,376
29,1094,0.4584,corridors,291093,True,24,2,376
29,1095,0.4581,detour,291094,True,38,2,362
29,1096,0.4578,room,291095,True,19,2,381
29,1097,0.4575,corridors,291096,True,2,2,398
29,1098,0.4572,detour,291097,True,19,2,381
29,1099,0.4569,room,291098,True,6,2,394
29,1100,0.4566,corridors,291099,True,38,2,362
29,1101,0.4563,detour,291100,True,30,2,370
29,1102,0.4559,room,291101,True,15,2,385
29,1103,0.4556,corridors,291102,True,5,2,395
29,1104,0.4553,detour,291103,True,22,2,378
29,1105,0.455,room,291104,True,15,2,385
29,1106,0.4547,corridors,291105,True,29,2,371
29,1107,0.4544,detour,291106,True,12,2,388
29,1108,0.4541,room,291107,True,11,2,389
29,1109,0.4538,corridors,291108,True,11,2,389
29,1110,0.4534,detour,291109,True,18,2,382
29,1111,0.4531,room,291110,True,9,2,391
29,1112,0.4528,corridors,291111,True,9,2,391
29,1113,0.4525,detour,291112,True,11,2,389
29,1114,0.4522,room,291113,True,10,2,390
29,1115,0.4519,corridors,291114,True,10,2,390
29,1116,0.4516,detour,291115,True,10,2,390
29,1117,0.4513,room,291116,True,23,2,377
29,1118,0.4509,corridors,291117,True,13,2,387
29,1119,0.4506,detour,291118,True,17,2,383
29,1120,0.4503,room,291119,True,40,2,360
29,1121,0.45,corridors,291120,True,15,2,385
29,1122,0.4497,detour,291121,True,7,2,393
29,1123,0.4494,room,291122,True,31,2,369
29,1124,0.4491,corridors,291123,True,8,2,392
29,1125,0.4488,detour,291124,True,9,2,391
29,1126,0.4484,room,291125,True,14,2,386
29,1127,0.4481,corridors,291126,True,8,2,392
29,1128,0.4478,detour,291127,True,31,2,369
29,1129,0.4475,room,291128,True,11,2,389
29,1130,0.4472,corridors,291129,True,13,2,387
29,1131,0.4469,detour,291130,True,11,2,389
29,1132,0.4466,room,291131,True,23,2,377
29,1133,0.4463,corridors,291132,True,12,2,388
29,1134,0.4459,detour,291133,True,30,2,370
29,1135,0.4456,room,291134,True,11,2,389
29,1136,0.4453,corridors,291135,True,29,2,371
29,1137,0.445,detour,291136,True,30,2,370
29,1138,0.4447,room,291137,True,15,2,385
29,1139,0.4444,corridors,291138,True,24,2,376
29,1140,0.4441,detour,291139,True,19,2,381
29,1141,0.4438,room,291140,True,7,2,393
29,1142,0.4434,corridors,291141,True,7,2,393
29,1143,0.4431,detour,291142,True,30,2,370
29,1144,0.4428,room,291143,True,23,2,377
29,1145,0.4425,corridors,291144,True,27,2,373
29,1146,0.4422,detour,291145,True,22,2,378
29,1147,0.4419,room,291146,True,9,2,391
29,1148,0.4416,corridors,291147,True,15,2,385
29,1149,0.4413,detour,291148,True,21,2,379
29,1150,0.4409,room,291149,True,16,2,384
29,1151,0.4406,corridors,291150,True,26,2,374
29,1152,0.4403,detour,291151,True,18,2,382
29,1153,0.44,room,291152,True,20,2,380
29,1154,0.4397,corridors,291153,True,11,2,389
29,1155,0.4394,detour,291154,True,10,2,390
29,1156,0.4391,room,291155,True,3,2,397
29,1157,0.4388,corridors,291156,True,15,2,385
29,1158,0.4384,detour,291157,True,33,2,367
29,1159,0.4381,room,291158,True,26,2,374
29,1160,0.4378,corridors,291159,True,24,2,376
29,1161,0.4375,detour,291160,True,40,2,360
29,1162,0.4372,room,291161,True,18,2,382
29,1163,0.4369,corridors,291162,True,20,2,380
29,1164,0.4366,detour,291163,True,21,2,379
29,1165,0.4363,room,291164,True,10,2,390
29,1166,0.4359,corridors,291165,True,19,2,381
29,1167,0.4356,detour,291166,True,13,2,387
29,1168,0.4353,room,291167,True,15,2,385
29,1169,0.435,corridors,291168,True,25,2,375
29,1170,0.4347,detour,291169,True,29,2,371
29,1171,0.4344,room,291170,True,6,2,394
29,1172,0.4341,corridors,291171,True,22,2,378
29,1173,0.4338,detour,291172,True,17,2,383
29,1174,0.4334,room,291173,True,17,2,383
29,1175,0.4331,corridors,291174,True,21,2,379
29,1176,0.4328,detour,291175,True,13,2,387
29,1177,0.4325,room,291176,True,8,2,392
29,1178,0.4322,corridors,291177,True,18,2,382
29,1179,0.4319,detour,291178,True,11,2,389
29,1180,0.4316,room,291179,True,25,2,375
29,1181,0.4313,corridors,291180,True,8,2,392
29,1182,0.4309,detour,291181,True,26,2,374
29,1183,0.4306,room,291182,True,11,2,389
29,1184,0.4303,corridors,291183,True,20,2,380
29,1185,0.43,detour,291184,True,24,2,376
29,1186,0.4297,room,291185,True,36,2,364
29,1187,0.4294,corridors,291186,True,26,2,374
29,1188,0.4291,detour,291187,True,7,2,393
29,1189,0.4288,room,291188,True,4,2,396
29,1190,0.4284,corridors,291189,True,14,2,386
29,1191,0.4281,detour,291190,True,42,2,358
29,1192,0.4278,room,291191,True,13,2,387
29,1193,0.4275,corridors,291192,True,22,2,378
29,1194,0.4272,detour,291193,True,35,2,365
29,1195,0.4269,room,291194,True,14,2,386
29,1196,0.4266,corridors,291195,True,3,2,397
29,1197,0.4263,detour,291196,True,16,2,384
29,1198,0.4259,room,291197,True,13,2,387
29,1199,0.4256,corridors,291198,True,21,2,379
29,1200,0.4253,detour,291199,True,12,2,388
29,1201,0.425,room,291200,True,13,2,387
29,1202,0.4247,corridors,291201,True,21,2,379
29,1203,0.4244,detour,291202,True,5,2,395
29,1204,0.4241,room,291203,True,28,2,372
29,1205,0.4238,corridors,291204,True,14,2,386
29,1206,0.4234,detour,291205,True,24,2,376
29,1207,0.4231,room,291206,True,7,2,393
29,1208,0.4228,corridors,291207,True,22,2,378
29,1209,0.4225,detour,291208,True,7,2,393
29,1210,0.4222,room,291209,True,13,2,387
29,1211,0.4219,corridors,291210,True,17,2,383
29,1212,0.4216,detour,291211,True,18,2,382
29,1213,0.4213,room,291212,True,16,2,384
29,1214,0.4209,corridors,291213,True,35,2,365
29,1215,0.4206,detour,291214,True,15,2,385
29,1216,0.4203,room,291215,True,7,2,393
29,1217,0.42,corridors,291216,True,18,2,382
29,1218,0.4197,detour,291217,True,19,2,381
29,1219,0.4194,room,291218,True,6,2,394
29,1220,0.4191,corridors,291219,True,43,2,357
29,1221,0.4188,detour,291220,True,23,2,377
29,1222,0.4184,room,291221,True,19,2,381
29,1223,0.4181,corridors,291222,True,2,2,398
29,1224,0.4178,detour,291223,True,21,2,379
29,1225,0.4175,room,291224,True,22,2,378
29,1226,0.4172,corridors,291225,True,32,2,368
29,1227,0.4169,detour,291226,True,16,2,384
29,1228,0.4166,room,291227,True,7,2,393
29,1229,0.4163,corridors,291228,True,24,2,376
29,1230,0.4159,detour,291229,True,27,2,373
29,1231,0.4156,room,291230,True,10,2,390
29,1232,0.4153,corridors,291231,True,14,2,386
29,1233,0.415,detour,291232,True,17,2,383
29,1234,0.4147,room,291233,True,23,2,377
29,1235,0.4144,corridors,291234,True,11,2,389
29,1236,0.4141,detour,291235,True,35,2,365
29,1237,0.4138,room,291236,True,18,2,382
29,1238,0.4134,corridors,291237,True,22,2,378
29,1239,0.4131,detour,291238,True,24,2,376
29,1240,0.4128,room,291239,True,18,2,382
29,1241,0.4125,corridors,291240,True,14,2,386
29,1242,0.4122,detour,291241,True,25,2,375
29,1243,0.4119,room,291242,True,6,2,394
29,1244,0.4116,corridors,291243,True,9,2,391
29,1245,0.4113,detour,291244,True,22,2,378
29,1246,0.4109,room,291245,True,12,2,388
29,1247,0.4106,corridors,291246,True,39,2,361
29,1248,0.4103,detour,291247,True,15,2,385
29,1249,0.41,room,291248,True,11,2,389
29,1250,0.4097,corridors,291249,True,26,2,374
29,1251,0.4094,detour,291250,True,8,2,392
29,1252,0.4091,room,291251,True,13,2,387
29,1253,0.4088,corridors,291252,True,14,2,386
29,1254,0.4084,detour,291253,True,12,2,388
29,1255,0.4081,room,291254,True,17,2,383
29,1256,0.4078,corridors,291255,True,13,2,387
29,1257,0.4075,detour,291256,True,9,2,391
29,1258,0.4072,room,291257,True,25,2,375
29,1259,0.4069,corridors,291258,True,6,2,394
29,1260,0.4066,detour,291259,True,16,2,384
29,1261,0.4062,room,291260,True,10,2,390
29,1262,0.4059,corridors,291261,True,7,2,393
29,1263,0.4056,detour,291262,True,15,2,385
29,1264,0.4053,room,291263,True,9,2,391
29,1265,0.405,corridors,291264,True,18,2,382
29,1266,0.4047,detour,291265,True,19,2,381
29,1267,0.4044,room,291266,True,9,2,391
29,1268,0.4041,corridors,291267,True,17,2,383
29,1269,0.4038,detour,291268,True,10,2,390
29,1270,0.4034,room,291269,True,5,2,395
29,1271,0.4031,corridors,291270,True,9,2,391
29,1272,0.4028,detour,291271,True,20,2,380
29,1273,0.4025,room,291272,True,29,2,371
29,1274,0.4022,corridors,291273,True,14,2,386
29,1275,0.4019,detour,291274,True,17,2,383
29,1276,0.4016,room,291275,True,11,2,389
29,1277,0.4013,corridors,291276,True,24,2,376
29,1278,0.4009,detour,291277,True,7,2,393
29,1279,0.4006,room,291278,True,11,2,389
29,1280,0.4003,corridors,291279,True,23,2,377
29,1281,0.4,detour,291280,True,16,2,384
29,1282,0.3997,room,291281,True,27,2,373
29,1283,0.3994,corridors,291282,True,7,2,393
29,1284,0.3991,detour,291283,True,36,2,364
29,1285,0.3988,room,291284,True,12,2,388
29,1286,0.3984,corridors,291285,True,18,2,382
29,1287,0.3981,detour,291286,True,19,2,381
29,1288,0.3978,room,291287,True,5,2,395
29,1289,0.3975,corridors,291288,True,10,2,390
29,1290,0.3972,detour,291289,True,15,2,385
29,1291,0.3969,room,291290,True,11,2,389
29,1292,0.3966,corridors,291291,True,23,2,377
29,1293,0.3963,detour,291292,True,3,2,397
29,1294,0.3959,room,291293,True,28,2,372
29,1295,0.3956,corridors,291294,True,27,2,373
29,1296,0.3953,detour,291295,True,34,2,366
29,1297,0.395,room,291296,True,8,2,392
29,1298,0.3947,corridors,291297,True,20,2,380
29,1299,0.3944,detour,291298,True,13,2,387
29,1300,0.3941,room,291299,True,4,2,396
29,1301,0.3938,corridors,291300,True,12,2,388
29,1302,0.3934,detour,291301,True,24,2,376
29,1303,0.3931,room,291302,True,8,2,392
29,1304,0.3928,corridors,291303,True,13,2,387
29,1305,0.3925,detour,291304,True,23,2,377
29,1306,0.3922,room,291305,True,5,2,395
29,1307,0.3919,corridors,291306,True,8,2,392
29,1308,0.3916,detour,291307,True,32,2,368
29,1309,0.3912,room,291308,True,11,2,389
29,1310,0.3909,corridors,291309,True,22,2,378
29,1311,0.3906,detour,291310,True,33,2,367
29,1312,0.3903,room,291311,True,15,2,385
29,1313,0.39,corridors,291312,True,11,2,389
29,1314,0.3897,detour,291313,True,15,2,385
29,1315,0.3894,room,291314,True,12,2,388
29,1316,0.3891,corridors,291315,True,10,2,390
29,1317,0.3888,detour,291316,True,27,2,373
29,1318,0.3884,room,291317,True,14,2,386
29,1319,0.3881,corridors,291318,True,15,2,385
29,1320,0.3878,detour,291319,True,13,2,387
29,1321,0.3875,room,291320,True,26,2,374
29,1322,0.3872,corridors,291321,True,12,2,388
29,1323,0.3869,detour,291322,True,13,2,387
29,1324,0.3866,room,291323,True,11,2,389
29,1325,0.3863,corridors,291324,True,15,2,385
29,1326,0.3859,detour,291325,True,5,2,395
29,1327,0.3856,room,291326,True,12,2,388
29,1328,0.3853,corridors,291327,True,16,2,384
29,1329,0.385,detour,291328,True,15,2,385
29,1330,0.3847,room,291329,True,7,2,393
29,1331,0.3844,corridors,291330,True,36,2,364
29,1332,0.3841,detour,291331,True,19,2,381
29,1333,0.3838,room,291332,True,19,2,381
29,1334,0.3834,corridors,291333,True,20,2,380
29,1335,0.3831,detour,291334,True,30,2,370
29,1336,0.3828,room,291335,True,14,2,386
29,1337,0.3825,corridors,291336,True,4,2,396
29,1338,0.3822,detour,291337,True,17,2,383
29,1339,0.3819,room,291338,True,14,2,386
29,1340,0.3816,corridors,291339,True,13,2,387
29,1341,0.3813,detour,291340,True,8,2,392
29,1342,0.3809,room,291341,True,14,2,386
29,1343,0.3806,corridors,291342,True,9,2,391
29,1344,0.3803,detour,291343,True,20,2,380
29,1345,0.38,room,291344,True,8,2,392
29,1346,0.3797,corridors,291345,True,13,2,387
29,1347,0.3794,detour,291346,True,9,2,391
29,1348,0.3791,room,291347,True,8,2,392
29,1349,0.3788,corridors,291348,True,24,2,376
29,1350,0.3784,detour,291349,True,12,2,388
29,1351,0.3781,room,291350,True,10,2,390
29,1352,0.3778,corridors,291351,True,17,2,383
29,1353,0.3775,detour,291352,True,30,2,370
29,1354,0.3772,room,291353,True,11,2,389
29,1355,0.3769,corridors,291354,True,8,2,392
29,1356,0.3766,detour,291355,True,14,2,386
29,1357,0.3763,room,291356,True,11,2,389
29,1358,0.3759,corridors,291357,True,16,2,384
29,1359,0.3756,detour,291358,True,23,2,377
29,1360,0.3753,room,291359,True,19,2,381
29,1361,0.375,corridors,291360,True,10,2,390
29,1362,0.3747,detour,291361,True,20,2,380
29,1363,0.3744,room,291362,True,14,2,386
29,1364,0.3741,corridors,291363,True,10,2,390
29,1365,0.3738,detour,291364,True,16,2,384
29,1366,0.3734,room,291365,True,9,2,391
29,1367,0.3731,corridors,291366,True,23,2,377
29,1368,0.3728,detour,291367,True,17,2,383
29,1369,0.3725,room,291368,True,11,2,389
29,1370,0.3722,corridors,291369,True,19,2,381
29,1371,0.3719,detour,291370,True,21,2,379
29,1372,0.3716,room,291371,True,7,2,393
29,1373,0.3713,corridors,291372,True,14,2,386
29,1374,0.3709,detour,291373,True,9,2,391
29,1375,0.3706,room,291374,True,16,2,384
29,1376,0.3703,corridors,291375,True,21,2,379
29,1377,0.37,detour,291376,True,17,2,383
29,1378,0.3697,room,291377,True,18,2,382
29,1379,0.3694,corridors,291378,True,17,2,383
29,1380,0.3691,detour,291379,True,6,2,394
29,1381,0.3688,room,291380,True,8,2,392
29,1382,0.3684,corridors,291381,True,10,2,390
29,1383,0.3681,detour,291382,True,12,2,388
29,1384,0.3678,room,291383,True,21,2,379
29,1385,0.3675,corridors,291384,True,13,2,387
29,1386,0.3672,detour,291385,True,13,2,387
29,1387,0.3669,room,291386,True,13,2,387
29,1388,0.3666,corridors,291387,True,12,2,388
29,1389,0.3663,detour,291388,True,8,2,392
29,1390,0.3659,room,291389,True,7,2,393
29,1391,0.3656,corridors,291390,True,12,2,388
29,1392,0.3653,detour,291391,True,12,2,388
29,1393,0.365,room,291392,True,8,2,392
29,1394,0.3647,corridors,291393,True,2,2,398
29,1395,0.3644,detour,291394,True,12,2,388
29,1396,0.3641,room,291395,True,16,2,384
29,1397,0.3638,corridors,291396,True,19,2,381
29,1398,0.3634,detour,291397,True,30,2,370
29,1399,0.3631,room,291398,True,4,2,396
29,1400,0.3628,corridors,291399,True,8,2,392
29,1401,0.3625,detour,291400,True,16,2,384
29,1402,0.3622,room,291401,True,5,2,395
29,1403,0.3619,corridors,291402,True,12,2,388
29,1404,0.3616,detour,291403,True,9,2,391
29,1405,0.3613,room,291404,True,10,2,390
29,1406,0.3609,corridors,291405,True,30,2,370
29,1407,0.3606,detour,291406,True,15,2,385
29,1408,0.3603,room,291407,True,15,2,385
29,1409,0.36,corridors,291408,True,11,2,389
29,1410,0.3597,detour,291409,True,36,2,364
29,1411,0.3594,room,291410,True,14,2,386
29,1412,0.3591,corridors,291411,True,6,2,394
29,1413,0.3588,detour,291412,True,7,2,393
29,1414,0.3584,room,291413,True,21,2,379
29,1415,0.3581,corridors,291414,True,8,2,392
29,1416,0.3578,detour,291415,True,18,2,382
29,1417,0.3575,room,291416,True,12,2,388
29,1418,0.3572,corridors,291417,True,17,2,383
29,1419,0.3569,detour,291418,True,7,2,393
29,1420,0.3566,room,291419,True,16,2,384
29,1421,0.3563,corridors,291420,True,22,2,378
29,1422,0.3559,detour,291421,True,15,2,385
29,1423,0.3556,room,291422,True,25,2,375
29,1424,0.3553,corridors,291423,True,17,2,383
29,1425,0.355,detour,291424,True,17,2,383
29,1426,0.3547,room,291425,True,5,2,395
29,1427,0.3544,corridors,291426,True,15,2,385
29,1428,0.3541,detour,291427,True,17,2,383
29,1429,0.3538,room,291428,True,14,2,386
29,1430,0.3534,corridors,291429,True,18,2,382
29,1431,0.3531,detour,291430,True,16,2,384
29,1432,0.3528,room,291431,True,4,2,396
29,1433,0.3525,corridors,291432,True,21,2,379
29,1434,0.3522,detour,291433,True,13,2,387
29,1435,0.3519,room,291434,True,10,2,390
29,1436,0.3516,corridors,291435,True,29,2,371
29,1437,0.3513,detour,291436,True,9,2,391
29,1438,0.3509,room,291437,True,8,2,392
29,1439,0.3506,corridors,291438,True,21,2,379
29,1440,0.3503,detour,291439,True,29,2,371
29,1441,0.35,room,291440,True,19,2,381
29,1442,0.3497,corridors,291441,True,5,2,395
29,1443,0.3494,detour,291442,True,12,2,388
29,1444,0.3491,room,291443,True,5,2,395
29,1445,0.3488,corridors,291444,True,16,2,384
29,1446,0.3484,detour,291445,True,27,2,373
29,1447,0.3481,room,291446,True,7,2,393
29,1448,0.3478,corridors,291447,True,10,2,390
29,1449,0.3475,detour,291448,True,11,2,389
29,1450,0.3472,room,291449,True,9,2,391
29,1451,0.3469,corridors,291450,True,16,2,384
29,1452,0.3466,detour,291451,True,12,2,388
29,1453,0.3463,room,291452,True,6,2,394
29,1454,0.3459,corridors,291453,True,7,2,393
29,1455,0.3456,detour,291454,True,24,2,376
29,1456,0.3453,room,291455,True,16,2,384
29,1457,0.345,corridors,291456,True,12,2,388
29,1458,0.3447,detour,291457,True,15,2,385
29,1459,0.3444,room,291458,True,4,2,396
29,1460,0.3441,corridors,291459,True,18,2,382
29,1461,0.3438,detour,291460,True,8,2,392
29,1462,0.3434,room,291461,True,15,2,385
29,1463,0.3431,corridors,291462,True,19,2,381
29,1464,0.3428,detour,291463,True,7,2,393
29,1465,0.3425,room,291464,True,30,2,370
29,1466,0.3422,corridors,291465,True,23,2,377
29,1467,0.3419,detour,291466,True,5,2,395
29,1468,0.3416,room,291467,True,7,2,393
29,1469,0.3413,corridors,291468,True,14,2,386
29,1470,0.3409,detour,291469,True,23,2,377
29,1471,0.3406,room,291470,True,15,2,385
29,1472,0.3403,corridors,291471,True,10,2,390
29,1473,0.34,detour,291472,True,22,2,378
29,1474,0.3397,room,291473,True,26,2,374
29,1475,0.3394,corridors,291474,True,6,2,394
29,1476,0.3391,detour,291475,True,14,2,386
29,1477,0.3388,room,291476,True,6,2,394
29,1478,0.3384,corridors,291477,True,14,2,386
29,1479,0.3381,detour,291478,True,19,2,381
29,1480,0.3378,room,291479,True,5,2,395
29,1481,0.3375,corridors,291480,True,11,2,389
29,1482,0.3372,detour,291481,True,21,2,379
29,1483,0.3369,room,291482,True,11,2,389
29,1484,0.3366,corridors,291483,True,10,2,390
29,1485,0.3363,detour,291484,True,30,2,370
29,1486,0.3359,room,291485,True,7,2,393
29,1487,0.3356,corridors,291486,True,25,2,375
29,1488,0.3353,detour,291487,True,21,2,379
29,1489,0.335,room,291488,True,21,2,379
29,1490,0.3347,corridors,291489,True,27,2,373
29,1491,0.3344,detour,291490,True,12,2,388
29,1492,0.3341,room,291491,True,13,2,387
29,1493,0.3337,corridors,291492,True,7,2,393
29,1494,0.3334,detour,291493,True,13,2,387
29,1495,0.3331,room,291494,True,13,2,387
29,1496,0.3328,corridors,291495,True,13,2,387
29,1497,0.3325,detour,291496,True,18,2,382
29,1498,0.3322,room,291497,True,12,2,388
29,1499,0.3319,corridors,291498,True,15,2,385
29,1500,0.3316,detour,291499,True,25,2,375
29,1501,0.3313,room,291500,True,17,2,383
29,1502,0.3309,corridors,291501,True,11,2,389
29,1503,0.3306,detour,291502,True,11,2,389
29,1504,0.3303,room,291503,True,4,2,396
29,1505,0.33,corridors,291504,True,7,2,393
29,1506,0.3297,detour,291505,True,14,2,386
29,1507,0.3294,room,291506,True,9,2,391
29,1508,0.3291,corridors,291507,True,21,2,379
29,1509,0.3288,detour,291508,True,19,2,381
29,1510,0.3284,room,291509,True,8,2,392
29,1511,0.3281,corridors,291510,True,19,2,381
29,1512,0.3278,detour,291511,True,28,2,372
29,1513,0.3275,room,291512,True,10,2,390
29,1514,0.3272,corridors,291513,True,19,2,381
29,1515,0.3269,detour,291514,True,15,2,385
29,1516,0.3266,room,291515,True,9,2,391
29,1517,0.3263,corridors,291516,True,10,2,390
29,1518,0.3259,detour,291517,True,14,2,386
29,1519,0.3256,room,291518,True,8,2,392
29,1520,0.3253,corridors,291519,True,26,2,374
29,1521,0.325,detour,291520,True,31,2,369
29,1522,0.3247,room,291521,True,7,2,393
29,1523,0.3244,corridors,291522,True,15,2,385
29,1524,0.3241,detour,291523,True,35,2,365
29,1525,0.3238,room,291524,True,15,2,385
29,1526,0.3234,corridors,291525,True,14,2,386
29,1527,0.3231,detour,291526,True,18,2,382
29,1528,0.3228,room,291527,True,5,2,395
29,1529,0.3225,corridors,291528,True,27,2,373
29,1530,0.3222,detour,291529,True,7,2,393
29,1531,0.3219,room,291530,True,8,2,392
29,1532,0.3216,corridors,291531,True,10,2,390
29,1533,0.3213,detour,291532,True,24,2,376
29,1534,0.3209,room,291533,True,7,2,393
29,1535,0.3206,corridors,291534,True,5,2,395
29,1536,0.3203,detour,291535,True,22,2,378
29,1537,0.32,room,291536,True,13,2,387
29,1538,0.3197,corridors,291537,True,32,2,368
29,1539,0.3194,detour,291538,True,11,2,389
29,1540,0.3191,room,291539,True,5,2,395
29,1541,0.3187,corridors,291540,True,18,2,382
29,1542,0.3184,detour,291541,True,16,2,384
29,1543,0.3181,room,291542,True,15,2,385
29,1544,0.3178,corridors,291543,True,11,2,389
29,1545,0.3175,detour,291544,True,9,2,391
29,1546,0.3172,room,291545,True,16,2,384
29,1547,0.3169,corridors,291546,True,16,2,384
29,1548,0.3166,detour,291547,True,13,2,387
29,1549,0.3163,room,291548,True,9,2,391
29,1550,0.3159,corridors,291549,True,10,2,390
29,1551,0.3156,detour,291550,True,21,2,379
29,1552,0.3153,room,291551,True,16,2,384
29,1553,0.315,corridors,291552,True,9,2,391
29,1554,0.3147,detour,291553,True,3,2,397
29,1555,0.3144,room,291554,True,12,2,388
29,1556,0.3141,corridors,291555,True,11,2,389
29,1557,0.3138,detour,291556,True,11,2,389
29,1558,0.3134,room,291557,True,5,2,395
29,1559,0.3131,corridors,291558,True,12,2,388
29,1560,0.3128,detour,291559,True,18,2,382
29,1561,0.3125,room,291560,True,6,2,394
29,1562,0.3122,corridors,291561,True,11,2,389
29,1563,0.3119,detour,291562,True,5,2,395
29,1564,0.3116,room,291563,True,7,2,393
29,1565,0.3113,corridors,291564,True,9,2,391
29,1566,0.3109,detour,291565,True,11,2,389
29,1567,0.3106,room,291566,True,8,2,392
29,1568,0.3103,corridors,291567,True,10,2,390
29,1569,0.31,detour,291568,True,27,2,373
29,1570,0.3097,room,291569,True,10,2,390
29,1571,0.3094,corridors,291570,True,19,2,381
29,1572,0.3091,detour,291571,True,6,2,394
29,1573,0.3088,room,291572,True,12,2,388
29,1574,0.3084,corridors,291573,True,17,2,383
29,1575,0.3081,detour,291574,True,2,2,398
29,1576,0.3078,room,291575,True,9,2,391
29,1577,0.3075,corridors,291576,True,7,2,393
29,1578,0.3072,detour,291577,True,28,2,372
29,1579,0.3069,room,291578,True,10,2,390
29,1580,0.3066,corridors,291579,True,18,2,382
29,1581,0.3063,detour,291580,True,10,2,390
29,1582,0.3059,room,291581,True,16,2,384
29,1583,0.3056,corridors,291582,True,9,2,391
29,1584,0.3053,detour,291583,True,9,2,391
29,1585,0.305,room,291584,True,9,2,391
29,1586,0.3047,corridors,291585,True,15,2,385
29,1587,0.3044,detour,291586,True,19,2,381
29,1588,0.3041,room,291587,True,27,2,373
29,1589,0.3038,corridors,291588,True,18,2,382
29,1590,0.3034,detour,291589,True,19,2,381
29,1591,0.3031,room,291590,True,6,2,394
29,1592,0.3028,corridors,291591,True,8,2,392
29,1593,0.3025,detour,291592,True,16,2,384
29,1594,0.3022,room,291593,True,11,2,389
29,1595,0.3019,corridors,291594,True,4,2,396
29,1596,0.3016,detour,291595,True,15,2,385
29,1597,0.3013,room,291596,True,11,2,389
29,1598,0.3009,corridors,291597,True,32,2,368
29,1599,0.3006,detour,291598,True,16,2,384
29,1600,0.3003,room,291599,True,21,2,379
29,1601,0.3,corridors,291600,True,11,2,389
29,1602,0.2997,detour,291601,True,14,2,386
29,1603,0.2994,room,291602,True,10,2,390
29,1604,0.2991,corridors,291603,True,15,2,385
29,1605,0.2988,detour,291604,True,30,2,370
29,1606,0.2984,room,291605,True,14,2,386
29,1607,0.2981,corridors,291606,True,10,2,390
29,1608,0.2978,detour,291607,True,16,2,384
29,1609,0.2975,room,291608,True,10,2,390
29,1610,0.2972,corridors,291609,True,20,2,380
29,1611,0.2969,detour,291610,True,7,2,393
29,1612,0.2966,room,291611,True,18,2,382
29,1613,0.2963,corridors,291612,True,9,2,391
29,1614,0.2959,detour,291613,True,29,2,371
29,1615,0.2956,room,291614,True,30,2,370
29,1616,0.2953,corridors,291615,True,12,2,388
29,1617,0.295,detour,291616,True,32,2,368
29,1618,0.2947,room,291617,True,4,2,396
29,1619,0.2944,corridors,291618,True,11,2,389
29,1620,0.2941,detour,291619,True,11,2,389
29,1621,0.2937,room,291620,True,14,2,386
29,1622,0.2934,corridors,291621,True,35,2,365
29,1623,0.2931,detour,291622,True,16,2,384
29,1624,0.2928,room,291623,True,12,2,388
29,1625,0.2925,corridors,291624,True,16,2,384
29,1626,0.2922,detour,291625,True,20,2,380
29,1627,0.2919,room,291626,True,5,2,395
29,1628,0.2916,corridors,291627,True,9,2,391
29,1629,0.2913,detour,291628,True,17,2,383
29,1630,0.2909,room,291629,True,7,2,393
29,1631,0.2906,corridors,291630,True,13,2,387
29,1632,0.2903,detour,291631,True,29,2,371
29,1633,0.29,room,291632,True,10,2,390
29,1634,0.2897,corridors,291633,True,15,2,385
29,1635,0.2894,detour,291634,True,11,2,389
29,1636,0.2891,room,291635,True,8,2,392
29,1637,0.2888,corridors,291636,True,21,2,379
29,1638,0.2884,detour,291637,True,18,2,382
29,1639,0.2881,room,291638,True,8,2,392
29,1640,0.2878,corridors,291639,True,13,2,387
29,1641,0.2875,detour,291640,True,10,2,390
29,1642,0.2872,room,291641,True,6,2,394
29,1643,0.2869,corridors,291642,True,19,2,381
29,1644,0.2866,detour,291643,True,11,2,389
29,1645,0.2863,room,291644,True,13,2,387
29,1646,0.2859,corridors,291645,True,6,2,394
29,1647,0.2856,detour,291646,True,15,2,385
29,1648,0.2853,room,291647,True,12,2,388
29,1649,0.285,corridors,291648,True,9,2,391
29,1650,0.2847,detour,291649,True,19,2,381
29,1651,0.2844,room,291650,True,3,2,397
29,1652,0.2841,corridors,291651,True,22,2,378
29,1653,0.2838,detour,291652,True,30,2,370
29,1654,0.2834,room,291653,True,8,2,392
29,1655,0.2831,corridors,291654,True,19,2,381
29,1656,0.2828,detour,291655,True,10,2,390
29,1657,0.2825,room,291656,True,13,2,387
29,1658,0.2822,corridors,291657,True,16,2,384
29,1659,0.2819,detour,291658,True,21,2,379
29,1660,0.2816,room,291659,True,11,2,389
29,1661,0.2812,corridors,291660,True,9,2,391
29,1662,0.2809,detour,291661,True,7,2,393
29,1663,0.2806,room,291662,True,14,2,386
29,1664,0.2803,corridors,291663,True,2,2,398
29,1665,0.28,detour,291664,True,17,2,383
29,1666,0.2797,room,291665,True,14,2,386
29,1667,0.2794,corridors,291666,True,10,2,390
29,1668,0.2791,detour,291667,True,12,2,388
29,1669,0.2788,room,291668,True,10,2,390
29,1670,0.2784,corridors,291669,True,19,2,381
29,1671,0.2781,detour,291670,True,12,2,388
29,1672,0.2778,room,291671,True,5,2,395
29,1673,0.2775,corridors,291672,True,26,2,374
29,1674,0.2772,detour,291673,True,18,2,382
29,1675,0.2769,room,291674,True,12,2,388
29,1676,0.2766,corridors,291675,True,9,2,391
29,1677,0.2762,detour,291676,True,13,2,387
29,1678,0.2759,room,291677,True,10,2,390
29,1679,0.2756,corridors,291678,True,2,2,398
29,1680,0.2753,detour,291679,True,11,2,389
29,1681,0.275,room,291680,True,5,2,395
29,1682,0.2747,corridors,291681,True,17,2,383
29,1683,0.2744,detour,291682,True,15,2,385
29,1684,0.2741,room,291683,True,7,2,393
29,1685,0.2738,corridors,291684,True,19,2,381
29,1686,0.2734,detour,291685,True,7,2,393
29,1687,0.2731,room,291686,True,14,2,386
29,1688,0.2728,corridors,291687,True,10,2,390
29,1689,0.2725,detour,291688,True,6,2,394
29,1690,0.2722,room,291689,True,12,2,388
29,1691,0.2719,corridors,291690,True,15,2,385
29,1692,0.2716,detour,291691,True,6,2,394
29,1693,0.2713,room,291692,True,9,2,391
29,1694,0.2709,corridors,291693,True,30,2,370
29,1695,0.2706,detour,291694,True,4,2,396
29,1696,0.2703,room,291695,True,16,2,384
29,1697,0.27,corridors,291696,True,19,2,381
29,1698,0.2697,detour,291697,True,11,2,389
29,1699,0.2694,room,291698,True,7,2,393
29,1700,0.2691,corridors,291699,True,26,2,374
29,1701,0.2688,detour,291700,True,15,2,385
29,1702,0.2684,room,291701,True,4,2,396
29,1703,0.2681,corridors,291702,True,14,2,386
29,1704,0.2678,detour,291703,True,7,2,393
29,1705,0.2675,room,291704,True,15,2,385
29,1706,0.2672,corridors,291705,True,11,2,389
29,1707,0.2669,detour,291706,True,22,2,378
29,1708,0.2666,room,291707,True,19,2,381
29,1709,0.2663,corridors,291708,True,15,2,385
29,1710,0.2659,detour,291709,True,11,2,389
29,1711,0.2656,room,291710,True,18,2,382
29,1712,0.2653,corridors,291711,True,12,2,388
29,1713,0.265,detour,291712,True,20,2,380
29,1714,0.2647,room,291713,True,10,2,390
29,1715,0.2644,corridors,291714,True,4,2,396
29,1716,0.2641,detour,291715,True,34,2,366
29,1717,0.2638,room,291716,True,10,2,390
29,1718,0.2634,corridors,291717,True,13,2,387
29,1719,0.2631,detour,291718,True,22,2,378
29,1720,0.2628,room,291719,True,7,2,393
29,1721,0.2625,corridors,291720,True,16,2,384
29,1722,0.2622,detour,291721,True,9,2,391
29,1723,0.2619,room,291722,True,26,2,374
29,1724,0.2616,corridors,291723,True,12,2,388
29,1725,0.2612,detour,291724,True,16,2,384
29,1726,0.2609,room,291725,True,14,2,386
29,1727,0.2606,corridors,291726,True,13,2,387
29,1728,0.2603,detour,291727,True,13,2,387
29,1729,0.26,room,291728,True,6,2,394
29,1730,0.2597,corridors,291729,True,5,2,395
29,1731,0.2594,detour,291730,True,43,2,357
29,1732,0.2591,room,291731,True,8,2,392
29,1733,0.2588,corridors,291732,True,14,2,386
29,1734,0.2584,detour,291733,True,15,2,385
29,1735,0.2581,room,291734,True,6,2,394
29,1736,0.2578,corridors,291735,True,12,2,388
29,1737,0.2575,detour,291736,True,23,2,377
29,1738,0.2572,room,291737,True,7,2,393
29,1739,0.2569,corridors,291738,True,13,2,387
29,1740,0.2566,detour,291739,True,7,2,393
29,1741,0.2563,room,291740,True,10,2,390
29,1742,0.2559,corridors,291741,True,15,2,385
29,1743,0.2556,detour,291742,True,18,2,382
29,1744,0.2553,room,291743,True,8,2,392
29,1745,0.255,corridors,291744,True,25,2,375
29,1746,0.2547,detour,291745,True,13,2,387
29,1747,0.2544,room,291746,True,5,2,395
29,1748,0.2541,corridors,291747,True,5,2,395
29,1749,0.2538,detour,291748,True,15,2,385
29,1750,0.2534,room,291749,True,11,2,389
29,1751,0.2531,corridors,291750,True,12,2,388
29,1752,0.2528,detour,291751,True,16,2,384
29,1753,0.2525,room,291752,True,9,2,391
29,1754,0.2522,corridors,291753,True,20,2,380
29,1755,0.2519,detour,291754,True,8,2,392
29,1756,0.2516,room,291755,True,8,2,392
29,1757,0.2512,corridors,291756,True,23,2,377
29,1758,0.2509,detour,291757,True,18,2,382
29,1759,0.2506,room,291758,True,9,2,391
29,1760,0.2503,corridors,291759,True,9,2,391
29,1761,0.25,detour,291760,True,14,2,386
29,1762,0.2497,room,291761,True,4,2,396
29,1763,0.2494,corridors,291762,True,21,2,379
29,1764,0.2491,detour,291763,True,20,2,380
29,1765,0.2488,room,291764,True,5,2,395
29,1766,0.2484,corridors,291765,True,10,2,390
29,1767,0.2481,detour,291766,True,10,2,390
29,1768,0.2478,room,291767,True,8,2,392
29,1769,0.2475,corridors,291768,True,14,2,386
29,1770,0.2472,detour,291769,True,11,2,389
29,1771,0.2469,room,291770,True,6,2,394
29,1772,0.2466,corridors,291771,True,11,2,389
29,1773,0.2463,detour,291772,True,24,2,376
29,1774,0.2459,room,291773,True,6,2,394
29,1775,0.2456,corridors,291774,True,2,2,398
29,1776,0.2453,detour,291775,True,15,2,385
29,1777,0.245,room,291776,True,6,2,394
29,1778,0.2447,corridors,291777,True,18,2,382
29,1779,0.2444,detour,291778,True,8,2,392
29,1780,0.2441,room,291779,True,4,2,396
29,1781,0.2438,corridors,291780,True,13,2,387
29,1782,0.2434,detour,291781,True,16,2,384
29,1783,0.2431,room,291782,True,18,2,382
29,1784,0.2428,corridors,291783,True,17,2,383
29,1785,0.2425,detour,291784,True,22,2,378
29,1786,0.2422,room,291785,True,3,2,397
29,1787,0.2419,corridors,291786,True,25,2,375
29,1788,0.2416,detour,291787,True,12,2,388
29,1789,0.2413,room,291788,True,21,2,379
29,1790,0.2409,corridors,291789,True,9,2,391
29,1791,0.2406,detour,291790,True,8,2,392
29,1792,0.2403,room,291791,True,7,2,393
29,1793,0.24,corridors,291792,True,12,2,388
29,1794,0.2397,detour,291793,True,9,2,391
29,1795,0.2394,room,291794,True,5,2,395
29,1796,0.2391,corridors,291795,True,5,2,395
29,1797,0.2388,detour,291796,True,17,2,383
29,1798,0.2384,room,291797,True,8,2,392
29,1799,0.2381,corridors,291798,True,21,2,379
29,1800,0.2378,detour,291799,True,15,2,385
29,1801,0.2375,room,291800,True,14,2,386
29,1802,0.2372,corridors,291801,True,23,2,377
29,1803,0.2369,detour,291802,True,23,2,377
29,1804,0.2366,room,291803,True,5,2,395
29,1805,0.2363,corridors,291804,True,16,2,384
29,1806,0.2359,detour,291805,True,11,2,389
29,1807,0.2356,room,291806,True,10,2,390
29,1808,0.2353,corridors,291807,True,18,2,382
29,1809,0.235,detour,291808,True,11,2,389
29,1810,0.2347,room,291809,True,13,2,387
29,1811,0.2344,corridors,291810,True,18,2,382
29,1812,0.2341,detour,291811,True,12,2,388
29,1813,0.2338,room,291812,True,8,2,392
29,1814,0.2334,corridors,291813,True,10,2,390
29,1815,0.2331,detour,291814,True,15,2,385
29,1816,0.2328,room,291815,True,15,2,385
29,1817,0.2325,corridors,291816,True,7,2,393
29,1818,0.2322,detour,291817,True,7,2,393
29,1819,0.2319,room,291818,True,15,2,385
29,1820,0.2316,corridors,291819,True,15,2,385
29,1821,0.2313,detour,291820,True,4,2,396
29,1822,0.2309,room,291821,True,13,2,387
29,1823,0.2306,corridors,291822,True,9,2,391
29,1824,0.2303,detour,291823,True,15,2,385
29,1825,0.23,room,291824,True,6,2,394
29,1826,0.2297,corridors,291825,True,6,2,394
29,1827,0.2294,detour,291826,True,25,2,375
29,1828,0.2291,room,291827,True,11,2,389
29,1829,0.2288,corridors,291828,True,5,2,395
29,1830,0.2284,detour,291829,True,22,2,378
29,1831,0.2281,room,291830,True,9,2,391
29,1832,0.2278,corridors,291831,True,13,2,387
29,1833,0.2275,detour,291832,True,19,2,381
29,1834,0.2272,room,291833,True,9,2,391
29,1835,0.2269,corridors,291834,True,11,2,389
29,1836,0.2266,detour,291835,True,19,2,381
29,1837,0.2263,room,291836,True,8,2,392
29,1838,0.2259,corridors,291837,True,14,2,386
29,1839,0.2256,detour,291838,True,20,2,380
29,1840,0.2253,room,291839,True,13,2,387
29,1841,0.225,corridors,291840,True,11,2,389
29,1842,0.2247,detour,291841,True,8,2,392
29,1843,0.2244,room,291842,True,6,2,394
29,1844,0.2241,corridors,291843,True,10,2,390
29,1845,0.2238,detour,291844,True,12,2,388
29,1846,0.2234,room,291845,True,5,2,395
29,1847,0.2231,corridors,291846,True,13,2,387
29,1848,0.2228,detour,291847,True,9,2,391
29,1849,0.2225,room,291848,True,8,2,392
29,1850,0.2222,corridors,291849,True,12,2,388
29,1851,0.2219,detour,291850,True,14,2,386
29,1852,0.2216,room,291851,True,7,2,393
29,1853,0.2213,corridors,291852,True,18,2,382
29,1854,0.2209,detour,291853,True,16,2,384
29,1855,0.2206,room,291854,True,10,2,390
29,1856,0.2203,corridors,291855,True,14,2,386
29,1857,0.22,detour,291856,True,10,2,390
29,1858,0.2197,room,291857,True,11,2,389
29,1859,0.2194,corridors,291858,True,9,2,391
29,1860,0.2191,detour,291859,True,17,2,383
29,1861,0.2188,room,291860,True,6,2,394
29,1862,0.2184,corridors,291861,True,11,2,389
29,1863,0.2181,detour,291862,True,12,2,388
29,1864,0.2178,room,291863,True,6,2,394
29,1865,0.2175,corridors,291864,True,20,2,380
29,1866,0.2172,detour,291865,True,23,2,377
29,1867,0.2169,room,291866,True,14,2,386
29,1868,0.2166,corridors,291867,True,8,2,392
29,1869,0.2163,detour,291868,True,24,2,376
29,1870,0.2159,room,291869,True,16,2,384
29,1871,0.2156,corridors,291870,True,6,2,394
29,1872,0.2153,detour,291871,True,22,2,378
29,1873,0.215,room,291872,True,15,2,385
29,1874,0.2147,corridors,291873,True,16,2,384
29,1875,0.2144,detour,291874,True,17,2,383
29,1876,0.2141,room,291875,True,5,2,395
29,1877,0.2138,corridors,291876,True,13,2,387
29,1878,0.2134,detour,291877,True,19,2,381
29,1879,0.2131,room,291878,True,6,2,394
29,1880,0.2128,corridors,291879,True,12,2,388
29,1881,0.2125,detour,291880,True,22,2,378
29,1882,0.2122,room,291881,True,6,2,394
29,1883,0.2119,corridors,291882,True,14,2,386
29,1884,0.2116,detour,291883,True,14,2,386
29,1885,0.2113,room,291884,True,5,2,395
29,1886,0.2109,corridors,291885,True,10,2,390
29,1887,0.2106,detour,291886,True,17,2,383
29,1888,0.2103,room,291887,True,12,2,388
29,1889,0.21,corridors,291888,True,6,2,394
29,1890,0.2097,detour,291889,True,10,2,390
29,1891,0.2094,room,291890,True,10,2,390
29,1892,0.2091,corridors,291891,True,7,2,393
29,1893,0.2087,detour,291892,True,19,2,381
29,1894,0.2084,room,291893,True,4,2,396
29,1895,0.2081,corridors,291894,True,18,2,382
29,1896,0.2078,detour,291895,True,10,2,390
29,1897,0.2075,room,291896,True,11,2,389
29,1898,0.2072,corridors,291897,True,4,2,396
29,1899,0.2069,detour,291898,True,10,2,390
29,1900,0.2066,room,291899,True,7,2,393
29,1901,0.2063,corridors,291900,True,10,2,390
29,1902,0.2059,detour,291901,True,7,2,393
29,1903,0.2056,room,291902,True,9,2,391
29,1904,0.2053,corridors,291903,True,4,2,396
29,1905,0.205,detour,291904,True,8,2,392
29,1906,0.2047,room,291905,True,14,2,386
29,1907,0.2044,corridors,291906,True,22,2,378
29,1908,0.2041,detour,291907,True,8,2,392
29,1909,0.2037,room,291908,True,5,2,395
29,1910,0.2034,corridors,291909,True,9,2,391
29,1911,0.2031,detour,291910,True,9,2,391
29,1912,0.2028,room,291911,True,9,2,391
29,1913,0.2025,corridors,291912,True,17,2,383
29,1914,0.2022,detour,291913,True,23,2,377
29,1915,0.2019,room,291914,True,8,2,392
29,1916,0.2016,corridors,291915,True,12,2,388
29,1917,0.2013,detour,291916,True,18,2,382
29,1918,0.2009,room,291917,True,7,2,393
29,1919,0.2006,corridors,291918,True,28,2,372
29,1920,0.2003,detour,291919,True,7,2,393
29,1921,0.2,room,291920,True,4,2,396
29,1922,0.1997,corridors,291921,True,6,2,394
29,1923,0.1994,detour,291922,True,7,2,393
29,1924,0.1991,room,291923,True,7,2,393
29,1925,0.1988,corridors,291924,True,10,2,390
29,1926,0.1984,detour,291925,True,10,2,390
29,1927,0.1981,room,291926,True,4,2,396
29,1928,0.1978,corridors,291927,True,7,2,393
29,1929,0.1975,detour,291928,True,11,2,389
29,1930,0.1972,room,291929,True,10,2,390
29,1931,0.1969,corridors,291930,True,12,2,388
29,1932,0.1966,detour,291931,True,6,2,394
29,1933,0.1963,room,291932,True,12,2,388
29,1934,0.1959,corridors,291933,True,4,2,396
29,1935,0.1956,detour,291934,True,2,2,398
29,1936,0.1953,room,291935,True,12,2,388
29,1937,0.195,corridors,291936,True,8,2,392
29,1938,0.1947,detour,291937,True,7,2,393
29,1939,0.1944,room,291938,True,8,2,392
29,1940,0.1941,corridors,291939,True,30,2,370
29,1941,0.1938,detour,291940,True,24,2,376
29,1942,0.1934,room,291941,True,10,2,390
29,1943,0.1931,corridors,291942,True,6,2,394
29,1944,0.1928,detour,291943,True,23,2,377
29,1945,0.1925,room,291944,True,9,2,391
29,1946,0.1922,corridors,291945,True,22,2,378
29,1947,0.1919,detour,291946,True,17,2,383
29,1948,0.1916,room,291947,True,5,2,395
29,1949,0.1913,corridors,291948,True,11,2,389
29,1950,0.1909,detour,291949,True,13,2,387
29,1951,0.1906,room,291950,True,5,2,395
29,1952,0.1903,corridors,291951,True,2,2,398
29,1953,0.19,detour,291952,True,11,2,389
29,1954,0.1897,room,291953,True,5,2,395
29,1955,0.1894,corridors,291954,True,26,2,374
29,1956,0.1891,detour,291955,True,8,2,392
29,1957,0.1888,room,291956,True,12,2,388
29,1958,0.1884,corridors,291957,True,16,2,384
29,1959,0.1881,detour,291958,True,14,2,386
29,1960,0.1878,room,291959,True,4,2,396
29,1961,0.1875,corridors,291960,True,3,2,397
29,1962,0.1872,detour,291961,True,15,2,385
29,1963,0.1869,room,291962,True,8,2,392
29,1964,0.1866,corridors,291963,True,19,2,381
29,1965,0.1863,detour,291964,True,15,2,385
29,1966,0.1859,room,291965,True,10,2,390
29,1967,0.1856,corridors,291966,True,7,2,393
29,1968,0.1853,detour,291967,True,7,2,393
29,1969,0.185,room,291968,True,9,2,391
29,1970,0.1847,corridors,291969,True,15,2,385
29,1971,0.1844,detour,291970,True,23,2,377
29,1972,0.1841,room,291971,True,11,2,389
29,1973,0.1838,corridors,291972,True,8,2,392
29,1974,0.1834,detour,291973,True,11,2,389
29,1975,0.1831,room,291974,True,10,2,390
29,1976,0.1828,corridors,291975,True,12,2,388
29,1977,0.1825,detour,291976,True,15,2,385
29,1978,0.1822,room,291977,True,12,2,388
29,1979,0.1819,corridors,291978,True,16,2,384
29,1980,0.1816,detour,291979,True,16,2,384
29,1981,0.1813,room,291980,True,14,2,386
29,1982,0.1809,corridors,291981,True,11,2,389
29,1983,0.1806,detour,291982,True,16,2,384
29,1984,0.1803,room,291983,True,14,2,386
29,1985,0.18,corridors,291984,True,15,2,385
29,1986,0.1797,detour,291985,True,21,2,379
29,1987,0.1794,room,291986,True,8,2,392
29,1988,0.1791,corridors,291987,True,12,2,388
29,1989,0.1787,detour,291988,True,12,2,388
29,1990,0.1784,room,291989,True,7,2,393
29,1991,0.1781,corridors,291990,True,15,2,385
29,1992,0.1778,detour,291991,True,13,2,387
29,1993,0.1775,room,291992,True,14,2,386
29,1994,0.1772,corridors,291993,True,5,2,395
29,1995,0.1769,detour,291994,True,12,2,388
29,1996,0.1766,room,291995,True,2,2,398
29,1997,0.1763,corridors,291996,True,7,2,393
29,1998,0.1759,detour,291997,True,25,2,375
29,1999,0.1756,room,291998,True,5,2,395
29,2000,0.1753,corridors,291999,True,4,2,396
29,2001,0.175,detour,292000,True,13,2,387
29,2002,0.1747,room,292001,True,9,2,391
29,2003,0.1744,corridors,292002,True,6,2,394
29,2004,0.1741,detour,292003,True,8,2,392
29,2005,0.1738,room,292004,True,6,2,394
29,2006,0.1734,corridors,292005,True,3,2,397
29,2007,0.1731,detour,292006,True,15,2,385
29,2008,0.1728,room,292007,True,5,2,395
29,2009,0.1725,corridors,292008,True,21,2,379
29,2010,0.1722,detour,292009,True,21,2,379
29,2011,0.1719,room,292010,True,12,2,388
29,2012,0.1716,corridors,292011,True,4,2,396
29,2013,0.1713,detour,292012,True,24,2,376
29,2014,0.1709,room,292013,True,5,2,395
29,2015,0.1706,corridors,292014,True,20,2,380
29,2016,0.1703,detour,292015,True,7,2,393
29,2017,0.17,room,292016,True,7,2,393
29,2018,0.1697,corridors,292017,True,10,2,390
29,2019,0.1694,detour,292018,True,5,2,395
29,2020,0.1691,room,292019,True,8,2,392
29,2021,0.1688,corridors,292020,True,22,2,378
29,2022,0.1684,detour,292021,True,5,2,395
29,2023,0.1681,room,292022,True,13,2,387
29,2024,0.1678,corridors,292023,True,5,2,395
29,2025,0.1675,detour,292024,True,11,2,389
29,2026,0.1672,room,292025,True,11,2,389
29,2027,0.1669,corridors,292026,True,5,2,395
29,2028,0.1666,detour,292027,True,17,2,383
29,2029,0.1663,room,292028,True,11,2,389
29,2030,0.1659,corridors,292029,True,11,2,389
29,2031,0.1656,detour,292030,True,4,2,396
29,2032,0.1653,room,292031,True,8,2,392
29,2033,0.165,corridors,292032,True,10,2,390
29,2034,0.1647,detour,292033,True,11,2,389
29,2035,0.1644,room,292034,True,6,2,394
29,2036,0.1641,corridors,292035,True,21,2,379
29,2037,0.1638,detour,292036,True,19,2,381
29,2038,0.1634,room,292037,True,5,2,395
29,2039,0.1631,corridors,292038,True,8,2,392
29,2040,0.1628,detour,292039,True,2,2,398
29,2041,0.1625,room,292040,True,7,2,393
29,2042,0.1622,corridors,292041,True,14,2,386
29,2043,0.1619,detour,292042,True,21,2,379
29,2044,0.1616,room,292043,True,4,2,396
29,2045,0.1613,corridors,292044,True,10,2,390
29,2046,0.1609,detour,292045,True,20,2,380
29,2047,0.1606,room,292046,True,4,2,396
29,2048,0.1603,corridors,292047,True,17,2,383
29,2049,0.16,detour,292048,True,16,2,384
29,2050,0.1597,room,292049,True,5,2,395
29,2051,0.1594,corridors,292050,True,20,2,380
29,2052,0.1591,detour,292051,True,11,2,389
29,2053,0.1588,room,292052,True,18,2,382
29,2054,0.1584,corridors,292053,True,13,2,387
29,2055,0.1581,detour,292054,True,8,2,392
29,2056,0.1578,room,292055,True,7,2,393
29,2057,0.1575,corridors,292056,True,16,2,384
29,2058,0.1572,detour,292057,True,11,2,389
29,2059,0.1569,room,292058,True,3,2,397
29,2060,0.1566,corridors,292059,True,5,2,395
29,2061,0.1563,detour,292060,True,14,2,386
29,2062,0.1559,room,292061,True,8,2,392
29,2063,0.1556,corridors,292062,True,14,2,386
29,2064,0.1553,detour,292063,True,14,2,386
29,2065,0.155,room,292064,True,6,2,394
29,2066,0.1547,corridors,292065,True,14,2,386
29,2067,0.1544,detour,292066,True,13,2,387
29,2068,0.1541,room,292067,True,7,2,393
29,2069,0.1538,corridors,292068,True,12,2,388
29,2070,0.1534,detour,292069,True,13,2,387
29,2071,0.1531,room,292070,True,8,2,392
29,2072,0.1528,corridors,292071,True,19,2,381
29,2073,0.1525,detour,292072,True,9,2,391
29,2074,0.1522,room,292073,True,8,2,392
29,2075,0.1519,corridors,292074,True,17,2,383
29,2076,0.1516,detour,292075,True,22,2,378
29,2077,0.1513,room,292076,True,12,2,388
29,2078,0.1509,corridors,292077,True,7,2,393
29,2079,0.1506,detour,292078,True,10,2,390
29,2080,0.1503,room,292079,True,9,2,391
29,2081,0.15,corridors,292080,True,24,2,376
29,2082,0.1497,detour,292081,True,13,2,387
29,2083,0.1494,room,292082,True,9,2,391
29,2084,0.1491,corridors,292083,True,12,2,388
29,2085,0.1488,detour,292084,True,13,2,387
29,2086,0.1484,room,292085,True,13,2,387
29,2087,0.1481,corridors,292086,True,14,2,386
29,2088,0.1478,detour,292087,True,10,2,390
29,2089,0.1475,room,292088,True,11,2,389
29,2090,0.1472,corridors,292089,True,11,2,389
29,2091,0.1469,detour,292090,True,17,2,383
29,2092,0.1466,room,292091,True,5,2,395
29,2093,0.1462,corridors,292092,True,13,2,387
29,2094,0.1459,detour,292093,True,7,2,393
29,2095,0.1456,room,292094,True,13,2,387
29,2096,0.1453,corridors,292095,True,19,2,381
29,2097,0.145,detour,292096,True,12,2,388
29,2098,0.1447,room,292097,True,6,2,394
29,2099,0.1444,corridors,292098,True,4,2,396
29,2100,0.1441,detour,292099,True,13,2,387
29,2101,0.1438,room,292100,True,15,2,385
29,2102,0.1434,corridors,292101,True,12,2,388
29,2103,0.1431,detour,292102,True,12,2,388
29,2104,0.1428,room,292103,True,11,2,389
29,2105,0.1425,corridors,292104,True,9,2,391
29,2106,0.1422,detour,292105,True,12,2,388
29,2107,0.1419,room,292106,True,4,2,396
29,2108,0.1416,corridors,292107,True,4,2,396
29,2109,0.1413,detour,292108,True,8,2,392
29,2110,0.1409,room,292109,True,10,2,390
29,2111,0.1406,corridors,292110,True,16,2,384
29,2112,0.1403,detour,292111,True,3,2,397
29,2113,0.14,room,292112,True,11,2,389
29,2114,0.1397,corridors,292113,True,7,2,393
29,2115,0.1394,detour,292114,True,17,2,383
29,2116,0.1391,room,292115,True,4,2,396
29,2117,0.1388,corridors,292116,True,5,2,395
29,2118,0.1384,detour,292117,True,21,2,379
29,2119,0.1381,room,292118,True,8,2,392
29,2120,0.1378,corridors,292119,True,14,2,386
29,2121,0.1375,detour,292120,True,9,2,391
29,2122,0.1372,room,292121,True,8,2,392
29,2123,0.1369,corridors,292122,True,21,2,379
29,2124,0.1366,detour,292123,True,14,2,386
29,2125,0.1362,room,292124,True,4,2,396
29,2126,0.1359,corridors,292125,True,12,2,388
29,2127,0.1356,detour,292126,True,11,2,389
29,2128,0.1353,room,292127,True,14,2,386
29,2129,0.135,corridors,292128,True,8,2,392
29,2130,0.1347,detour,292129,True,11,2,389
29,2131,0.1344,room,292130,True,9,2,391
29,2132,0.1341,corridors,292131,True,10,2,390
29,2133,0.1338,detour,292132,True,9,2,391
29,2134,0.1334,room,292133,True,4,2,396
29,2135,0.1331,corridors,292134,True,6,2,394
29,2136,0.1328,detour,292135,True,8,2,392
29,2137,0.1325,room,292136,True,10,2,390
29,2138,0.1322,corridors,292137,True,9,2,391
29,2139,0.1319,detour,292138,True,13,2,387
29,2140,0.1316,room,292139,True,11,2,389
29,2141,0.1312,corridors,292140,True,11,2,389
29,2142,0.1309,detour,292141,True,21,2,379
29,2143,0.1306,room,292142,True,6,2,394
29,2144,0.1303,corridors,292143,True,6,2,394
29,2145,0.13,detour,292144,True,17,2,383
29,2146,0.1297,room,292145,True,7,2,393
29,2147,0.1294,corridors,292146,True,12,2,388
29,2148,0.1291,detour,292147,True,13,2,387
29,2149,0.1288,room,292148,True,8,2,392
29,2150,0.1284,corridors,292149,True,8,2,392
29,2151,0.1281,detour,292150,True,6,2,394
29,2152,0.1278,room,292151,True,3,2,397
29,2153,0.1275,corridors,292152,True,10,2,390
29,2154,0.1272,detour,292153,True,13,2,387
29,2155,0.1269,room,292154,True,10,2,390
29,2156,0.1266,corridors,292155,True,12,2,388
29,2157,0.1263,detour,292156,True,12,2,388
29,2158,0.1259,room,292157,True,13,2,387
29,2159,0.1256,corridors,292158,True,7,2,393
29,2160,0.1253,detour,292159,True,16,2,384
29,2161,0.125,room,292160,True,4,2,396
29,2162,0.1247,corridors,292161,True,9,2,391
29,2163,0.1244,detour,292162,True,10,2,390
29,2164,0.1241,room,292163,True,9,2,391
29,2165,0.1238,corridors,292164,True,21,2,379
29,2166,0.1234,detour,292165,True,12,2,388
29,2167,0.1231,room,292166,True,22,2,378
29,2168,0.1228,corridors,292167,True,11,2,389
29,2169,0.1225,detour,292168,True,9,2,391
29,2170,0.1222,room,292169,True,12,2,388
29,2171,0.1219,corridors,292170,True,9,2,391
29,2172,0.1216,detour,292171,True,20,2,380
29,2173,0.1213,room,292172,True,15,2,385
29,2174,0.1209,corridors,292173,True,14,2,386
29,2175,0.1206,detour,292174,True,7,2,393
29,2176,0.1203,room,292175,True,7,2,393
29,2177,0.12,corridors,292176,True,8,2,392
29,2178,0.1197,detour,292177,True,14,2,386
29,2179,0.1194,room,292178,True,8,2,392
29,2180,0.1191,corridors,292179,True,9,2,391
29,2181,0.1188,detour,292180,True,17,2,383
29,2182,0.1184,room,292181,True,11,2,389
29,2183,0.1181,corridors,292182,True,14,2,386
29,2184,0.1178,detour,292183,True,4,2,396
29,2185,0.1175,room,292184,True,4,2,396
29,2186,0.1172,corridors,292185,True,6,2,394
29,2187,0.1169,detour,292186,True,10,2,390
29,2188,0.1166,room,292187,True,4,2,396
29,2189,0.1163,corridors,292188,True,5,2,395
29,2190,0.1159,detour,292189,True,8,2,392
29,2191,0.1156,room,292190,True,10,2,390
29,2192,0.1153,corridors,292191,True,15,2,385
29,2193,0.115,detour,292192,True,17,2,383
29,2194,0.1147,room,292193,True,6,2,394
29,2195,0.1144,corridors,292194,True,13,2,387
29,2196,0.1141,detour,292195,True,10,2,390
29,2197,0.1138,room,292196,True,6,2,394
29,2198,0.1134,corridors,292197,True,17,2,383
29,2199,0.1131,detour,292198,True,11,2,389
29,2200,0.1128,room,292199,True,9,2,391
29,2201,0.1125,corridors,292200,True,23,2,377
29,2202,0.1122,detour,292201,True,17,2,383
29,2203,0.1119,room,292202,True,8,2,392
29,2204,0.1116,corridors,292203,True,13,2,387
29,2205,0.1113,detour,292204,True,6,2,394
29,2206,0.1109,room,292205,True,11,2,389
29,2207,0.1106,corridors,292206,True,9,2,391
29,2208,0.1103,detour,292207,True,7,2,393
29,2209,0.11,room,292208,True,6,2,394
29,2210,0.1097,corridors,292209,True,10,2,390
29,2211,0.1094,detour,292210,True,14,2,386
29,2212,0.1091,room,292211,True,8,2,392
29,2213,0.1088,corridors,292212,True,6,2,394
29,2214,0.1084,detour,292213,True,8,2,392
29,2215,0.1081,room,292214,True,6,2,394
29,2216,0.1078,corridors,292215,True,3,2,397
29,2217,0.1075,detour,292216,True,5,2,395
29,2218,0.1072,room,292217,True,9,2,391
29,2219,0.1069,corridors,292218,True,14,2,386
29,2220,0.1066,detour,292219,True,6,2,394
29,2221,0.1062,room,292220,True,3,2,397
29,2222,0.1059,corridors,292221,True,9,2,391
29,2223,0.1056,detour,292222,True,18,2,382
29,2224,0.1053,room,292223,True,9,2,391
29,2225,0.105,corridors,292224,True,5,2,395
29,2226,0.1047,detour,292225,True,13,2,387
29,2227,0.1044,room,292226,True,8,2,392
29,2228,0.1041,corridors,292227,True,11,2,389
29,2229,0.1038,detour,292228,True,5,2,395
29,2230,0.1034,room,292229,True,10,2,390
29,2231,0.1031,corridors,292230,True,9,2,391
29,2232,0.1028,detour,292231,True,11,2,389
29,2233,0.1025,room,292232,True,4,2,396
29,2234,0.1022,corridors,292233,True,7,2,393
29,2235,0.1019,detour,292234,True,6,2,394
29,2236,0.1016,room,292235,True,11,2,389
29,2237,0.1013,corridors,292236,True,5,2,395
29,2238,0.1009,detour,292237,True,5,2,395
29,2239,0.1006,room,292238,True,12,2,388
29,2240,0.1003,corridors,292239,True,14,2,386
29,2241,0.1,detour,292240,True,22,2,378
29,2242,0.0997,room,292241,True,7,2,393
29,2243,0.0994,corridors,292242,True,11,2,389
29,2244,0.0991,detour,292243,True,16,2,384
29,2245,0.0988,room,292244,True,7,2,393
29,2246,0.0984,corridors,292245,True,7,2,393
29,2247,0.0981,detour,292246,True,18,2,382
29,2248,0.0978,room,292247,True,8,2,392
29,2249,0.0975,corridors,292248,True,13,2,387
29,2250,0.0972,detour,292249,True,9,2,391
29,2251,0.0969,room,292250,True,6,2,394
29,2252,0.0966,corridors,292251,True,11,2,389
29,2253,0.0963,detour,292252,True,15,2,385
29,2254,0.0959,room,292253,True,10,2,390
29,2255,0.0956,corridors,292254,True,12,2,388
29,2256,0.0953,detour,292255,True,12,2,388
29,2257,0.095,room,292256,True,4,2,396
29,2258,0.0947,corridors,292257,True,12,2,388
29,2259,0.0944,detour,292258,True,19,2,381
29,2260,0.0941,room,292259,True,10,2,390
29,2261,0.0938,corridors,292260,True,13,2,387
29,2262,0.0934,detour,292261,True,10,2,390
29,2263,0.0931,room,292262,True,6,2,394
29,2264,0.0928,corridors,292263,True,9,2,391
29,2265,0.0925,detour,292264,True,13,2,387
29,2266,0.0922,room,292265,True,6,2,394
29,2267,0.0919,corridors,292266,True,8,2,392
29,2268,0.0916,detour,292267,True,6,2,394
29,2269,0.0913,room,292268,True,5,2,395
29,2270,0.0909,corridors,292269,True,5,2,395
29,2271,0.0906,detour,292270,True,4,2,396
29,2272,0.0903,room,292271,True,7,2,393
29,2273,0.09,corridors,292272,True,11,2,389
29,2274,0.0897,detour,292273,True,10,2,390
29,2275,0.0894,room,292274,True,11,2,389
29,2276,0.0891,corridors,292275,True,16,2,384
29,2277,0.0887,detour,292276,True,7,2,393
29,2278,0.0884,room,292277,True,7,2,393
29,2279,0.0881,corridors,292278,True,6,2,394
29,2280,0.0878,detour,292279,True,12,2,388
29,2281,0.0875,room,292280,True,10,2,390
29,2282,0.0872,corridors,292281,True,11,2,389
29,2283,0.0869,detour,292282,True,18,2,382
29,2284,0.0866,room,292283,True,5,2,395
29,2285,0.0863,corridors,292284,True,15,2,385
29,2286,0.0859,detour,292285,True,12,2,388
29,2287,0.0856,room,292286,True,6,2,394
29,2288,0.0853,corridors,292287,True,7,2,393
29,2289,0.085,detour,292288,True,15,2,385
29,2290,0.0847,room,292289,True,9,2,391
29,2291,0.0844,corridors,292290,True,4,2,396
29,2292,0.0841,detour,292291,True,10,2,390
29,2293,0.0838,room,292292,True,14,2,386
29,2294,0.0834,corridors,292293,True,17,2,383
29,2295,0.0831,detour,292294,True,12,2,388
29,2296,0.0828,room,292295,True,11,2,389
29,2297,0.0825,corridors,292296,True,12,2,388
29,2298,0.0822,detour,292297,True,22,2,378
29,2299,0.0819,room,292298,True,10,2,390
29,2300,0.0816,corridors,292299,True,4,2,396
29,2301,0.0813,detour,292300,True,8,2,392
29,2302,0.0809,room,292301,True,6,2,394
29,2303,0.0806,corridors,292302,True,11,2,389
29,2304,0.0803,detour,292303,True,8,2,392
29,2305,0.08,room,292304,True,8,2,392
29,2306,0.0797,corridors,292305,True,8,2,392
29,2307,0.0794,detour,292306,True,4,2,396
29,2308,0.0791,room,292307,True,4,2,396
29,2309,0.0788,corridors,292308,True,10,2,390
29,2310,0.0784,detour,292309,True,20,2,380
29,2311,0.0781,room,292310,True,3,2,397
29,2312,0.0778,corridors,292311,True,8,2,392
29,2313,0.0775,detour,292312,True,11,2,389
29,2314,0.0772,room,292313,True,16,2,384
29,2315,0.0769,corridors,292314,True,14,2,386
29,2316,0.0766,detour,292315,True,13,2,387
29,2317,0.0763,room,292316,True,12,2,388
29,2318,0.0759,corridors,292317,True,13,2,387
29,2319,0.0756,detour,292318,True,4,2,396
29,2320,0.0753,room,292319,True,8,2,392
29,2321,0.075,corridors,292320,True,7,2,393
29,2322,0.0747,detour,292321,True,11,2,389
29,2323,0.0744,room,292322,True,11,2,389
29,2324,0.0741,corridors,292323,True,12,2,388
29,2325,0.0737,detour,292324,True,16,2,384
29,2326,0.0734,room,292325,True,8,2,392
29,2327,0.0731,corridors,292326,True,11,2,389
29,2328,0.0728,detour,292327,True,12,2,388
29,2329,0.0725,room,292328,True,6,2,394
29,2330,0.0722,corridors,292329,True,11,2,389
29,2331,0.0719,detour,292330,True,7,2,393
29,2332,0.0716,room,292331,True,5,2,395
29,2333,0.0713,corridors,292332,True,14,2,386
29,2334,0.0709,detour,292333,True,14,2,386
29,2335,0.0706,room,292334,True,8,2,392
29,2336,0.0703,corridors,292335,True,7,2,393
29,2337,0.07,detour,292336,True,14,2,386
29,2338,0.0697,room,292337,True,5,2,395
29,2339,0.0694,corridors,292338,True,12,2,388
29,2340,0.0691,detour,292339,True,10,2,390
29,2341,0.0688,room,292340,True,3,2,397
29,2342,0.0684,corridors,292341,True,9,2,391
29,2343,0.0681,detour,292342,True,17,2,383
29,2344,0.0678,room,292343,True,9,2,391
29,2345,0.0675,corridors,292344,True,4,2,396
29,2346,0.0672,detour,292345,True,9,2,391
29,2347,0.0669,room,292346,True,8,2,392
29,2348,0.0666,corridors,292347,True,10,2,390
29,2349,0.0663,detour,292348,True,15,2,385
29,2350,0.0659,room,292349,True,6,2,394
29,2351,0.0656,corridors,292350,True,15,2,385
29,2352,0.0653,detour,292351,True,11,2,389
29,2353,0.065,room,292352,True,9,2,391
29,2354,0.0647,corridors,292353,True,14,2,386
29,2355,0.0644,detour,292354,True,10,2,390
29,2356,0.0641,room,292355,True,15,2,385
29,2357,0.0637,corridors,292356,True,12,2,388
29,2358,0.0634,detour,292357,True,10,2,390
29,2359,0.0631,room,292358,True,5,2,395
29,2360,0.0628,corridors,292359,True,14,2,386
29,2361,0.0625,detour,292360,True,9,2,391
29,2362,0.0622,room,292361,True,10,2,390
29,2363,0.0619,corridors,292362,True,7,2,393
29,2364,0.0616,detour,292363,True,11,2,389
29,2365,0.0613,room,292364,True,10,2,390
29,2366,0.0609,corridors,292365,True,8,2,392
29,2367,0.0606,detour,292366,True,11,2,389
29,2368,0.0603,room,292367,True,5,2,395
29,2369,0.06,corridors,292368,True,11,2,389
29,2370,0.0597,detour,292369,True,12,2,388
29,2371,0.0594,room,292370,True,7,2,393
29,2372,0.0591,corridors,292371,True,9,2,391
29,2373,0.0588,detour,292372,True,11,2,389
29,2374,0.0584,room,292373,True,11,2,389
29,2375,0.0581,corridors,292374,True,8,2,392
29,2376,0.0578,detour,292375,True,13,2,387
29,2377,0.0575,room,292376,True,7,2,393
29,2378,0.0572,corridors,292377,True,10,2,390
29,2379,0.0569,detour,292378,True,16,2,384
29,2380,0.0566,room,292379,True,7,2,393
29,2381,0.0563,corridors,292380,True,6,2,394
29,2382,0.0559,detour,292381,True,11,2,389
29,2383,0.0556,room,292382,True,8,2,392
29,2384,0.0553,corridors,292383,True,9,2,391
29,2385,0.055,detour,292384,True,23,2,377
29,2386,0.0547,room,292385,True,15,2,385
29,2387,0.0544,corridors,292386,True,8,2,392
29,2388,0.0541,detour,292387,True,11,2,389
29,2389,0.0538,room,292388,True,4,2,396
29,2390,0.0534,corridors,292389,True,9,2,391
29,2391,0.0531,detour,292390,True,11,2,389
29,2392,0.0528,room,292391,True,5,2,395
29,2393,0.0525,corridors,292392,True,10,2,390
29,2394,0.0522,detour,292393,True,10,2,390
29,2395,0.0519,room,292394,True,5,2,395
29,2396,0.0516,corridors,292395,True,11,2,389
29,2397,0.0513,detour,292396,True,23,2,377
29,2398,0.0509,room,292397,True,10,2,390
29,2399,0.0506,corridors,292398,True,11,2,389
29,2400,0.0503,detour,292399,True,12,2,388
29,2401,0.05,room,292400,True,7,2,393
29,2402,0.05,corridors,292401,True,4,2,396
29,2403,0.05,detour,292402,True,14,2,386
29,2404,0.05,room,292403,True,7,2,393
29,2405,0.05,corridors,292404,True,7,2,393
29,2406,0.05,detour,292405,True,14,2,386
29,2407,0.05,room,292406,True,8,2,392
29,2408,0.05,corridors,292407,True,7,2,393
29,2409,0.05,detour,292408,True,16,2,384
29,2410,0.05,room,292409,True,8,2,392
29,2411,0.05,corridors,292410,True,12,2,388
29,2412,0.05,detour,292411,True,18,2,382
29,2413,0.05,room,292412,True,6,2,394
29,2414,0.05,corridors,292413,True,13,2,387
29,2415,0.05,detour,292414,True,20,2,380
29,2416,0.05,room,292415,True,9,2,391
29,2417,0.05,corridors,292416,True,3,2,397
29,2418,0.05,detour,292417,True,9,2,391
29,2419,0.05,room,292418,True,8,2,392
29,2420,0.05,corridors,292419,True,10,2,390
29,2421,0.05,detour,292420,True,4,2,396
29,2422,0.05,room,292421,True,6,2,394
29,2423,0.05,corridors,292422,True,13,2,387
29,2424,0.05,detour,292423,True,12,2,388
29,2425,0.05,room,292424,True,5,2,395
29,2426,0.05,corridors,292425,True,8,2,392
29,2427,0.05,detour,292426,True,11,2,389
29,2428,0.05,room,292427,True,7,2,393
29,2429,0.05,corridors,292428,True,12,2,388
29,2430,0.05,detour,292429,True,4,2,396
29,2431,0.05,room,292430,True,6,2,394
29,2432,0.05,corridors,292431,True,9,2,391
29,2433,0.05,detour,292432,True,18,2,382
29,2434,0.05,room,292433,True,6,2,394
29,2435,0.05,corridors,292434,True,8,2,392
29,2436,0.05,detour,292435,True,14,2,386
29,2437,0.05,room,292436,True,5,2,395
29,2438,0.05,corridors,292437,True,12,2,388
29,2439,0.05,detour,292438,True,9,2,391
29,2440,0.05,room,292439,True,8,2,392
29,2441,0.05,corridors,292440,True,10,2,390
29,2442,0.05,detour,292441,True,20,2,380
29,2443,0.05,room,292442,True,6,2,394
29,2444,0.05,corridors,292443,True,9,2,391
29,2445,0.05,detour,292444,True,15,2,385
29,2446,0.05,room,292445,True,8,2,392
29,2447,0.05,corridors,292446,True,10,2,390
29,2448,0.05,detour,292447,True,22,2,378
29,2449,0.05,room,292448,True,9,2,391
29,2450,0.05,corridors,292449,True,6,2,394
29,2451,0.05,detour,292450,True,20,2,380
29,2452,0.05,room,292451,True,10,2,390
29,2453,0.05,corridors,292452,True,9,2,391
29,2454,0.05,detour,292453,True,13,2,387
29,2455,0.05,room,292454,True,11,2,389
29,2456,0.05,corridors,292455,True,11,2,389
29,2457,0.05,detour,292456,True,10,2,390
29,2458,0.05,room,292457,True,6,2,394
29,2459,0.05,corridors,292458,True,6,2,394
29,2460,0.05,detour,292459,True,15,2,385
29,2461,0.05,room,292460,True,6,2,394
29,2462,0.05,corridors,292461,True,8,2,392
29,2463,0.05,detour,292462,True,6,2,394
29,2464,0.05,room,292463,True,3,2,397
29,2465,0.05,corridors,292464,True,17,2,383
29,2466,0.05,detour,292465,True,12,2,388
29,2467,0.05,room,292466,True,7,2,393
29,2468,0.05,corridors,292467,True,5,2,395
29,2469,0.05,detour,292468,True,16,2,384
29,2470,0.05,room,292469,True,4,2,396
29,2471,0.05,corridors,292470,True,7,2,393
29,2472,0.05,detour,292471,True,9,2,391
29,2473,0.05,room,292472,True,4,2,396
29,2474,0.05,corridors,292473,True,14,2,386
29,2475,0.05,detour,292474,True,4,2,396
29,2476,0.05,room,292475,True,10,2,390
29,2477,0.05,corridors,292476,True,14,2,386
29,2478,0.05,detour,292477,True,6,2,394
29,2479,0.05,room,292478,True,8,2,392
29,2480,0.05,corridors,292479,True,9,2,391
29,2481,0.05,detour,292480,True,10,2,390
29,2482,0.05,room,292481,True,13,2,387
29,2483,0.05,corridors,292482,True,7,2,393
29,2484,0.05,detour,292483,True,13,2,387
29,2485,0.05,room,292484,True,7,2,393
29,2486,0.05,corridors,292485,True,11,2,389
29,2487,0.05,detour,292486,True,18,2,382
29,2488,0.05,room,292487,True,8,2,392
29,2489,0.05,corridors,292488,True,12,2,388
29,2490,0.05,detour,292489,True,10,2,390
29,2491,0.05,room,292490,True,8,2,392
29,2492,0.05,corridors,292491,True,3,2,397
29,2493,0.05,detour,292492,True,12,2,388
29,2494,0.05,room,292493,True,6,2,394
29,2495,0.05,corridors,292494,True,13,2,387
29,2496,0.05,detour,292495,True,11,2,389
29,2497,0.05,room,292496,True,6,2,394
29,2498,0.05,corridors,292497,True,14,2,386
29,2499,0.05,detour,292498,True,12,2,388
29,2500,0.05,room,292499,True,8,2,392
29,2501,0.05,corridors,292500,True,10,2,390
29,2502,0.05,detour,292501,True,9,2,391
29,2503,0.05,room,292502,True,10,2,390
29,2504,0.05,corridors,292503,True,13,2,387
29,2505,0.05,detour,292504,True,11,2,389
29,2506,0.05,room,292505,True,4,2,396
29,2507,0.05,corridors,292506,True,12,2,388
29,2508,0.05,detour,292507,True,12,2,388
29,2509,0.05,room,292508,True,9,2,391
29,2510,0.05,corridors,292509,True,11,2,389
29,2511,0.05,detour,292510,True,17,2,383
29,2512,0.05,room,292511,True,6,2,394
29,2513,0.05,corridors,292512,True,6,2,394
29,2514,0.05,detour,292513,True,20,2,380
29,2515,0.05,room,292514,True,6,2,394
29,2516,0.05,corridors,292515,True,5,2,395
29,2517,0.05,detour,292516,True,12,2,388
29,2518,0.05,room,292517,True,6,2,394
29,2519,0.05,corridors,292518,True,10,2,390
29,2520,0.05,detour,292519,True,15,2,385
29,2521,0.05,room,292520,True,6,2,394
29,2522,0.05,corridors,292521,True,14,2,386
29,2523,0.05,detour,292522,True,6,2,394
29,2524,0.05,room,292523,True,8,2,392
29,2525,0.05,corridors,292524,True,14,2,386
29,2526,0.05,detour,292525,True,18,2,382
29,2527,0.05,room,292526,True,6,2,394
29,2528,0.05,corridors,292527,True,8,2,392
29,2529,0.05,detour,292528,True,3,2,397
29,2530,0.05,room,292529,True,5,2,395
29,2531,0.05,corridors,292530,True,5,2,395
29,2532,0.05,detour,292531,True,4,2,396
29,2533,0.05,room,292532,True,6,2,394
29,2534,0.05,corridors,292533,True,8,2,392
29,2535,0.05,detour,292534,True,18,2,382
29,2536,0.05,room,292535,True,7,2,393
29,2537,0.05,corridors,292536,True,9,2,391
29,2538,0.05,detour,292537,True,8,2,392
29,2539,0.05,room,292538,True,10,2,390
29,2540,0.05,corridors,292539,True,13,2,387
29,2541,0.05,detour,292540,True,9,2,391
29,2542,0.05,room,292541,True,8,2,392
29,2543,0.05,corridors,292542,True,10,2,390
29,2544,0.05,detour,292543,True,18,2,382
29,2545,0.05,room,292544,True,3,2,397
29,2546,0.05,corridors,292545,True,6,2,394
29,2547,0.05,detour,292546,True,7,2,393
29,2548,0.05,room,292547,True,5,2,395
29,2549,0.05,corridors,292548,True,14,2,386
29,2550,0.05,detour,292549,True,15,2,385
29,2551,0.05,room,292550,True,13,2,387
29,2552,0.05,corridors,292551,True,20,2,380
29,2553,0.05,detour,292552,True,13,2,387
29,2554,0.05,room,292553,True,6,2,394
29,2555,0.05,corridors,292554,True,13,2,387
29,2556,0.05,detour,292555,True,3,2,397
29,2557,0.05,room,292556,True,9,2,391
29,2558,0.05,corridors,292557,True,6,2,394
29,2559,0.05,detour,292558,True,5,2,395
29,2560,0.05,room,292559,True,4,2,396
29,2561,0.05,corridors,292560,True,13,2,387
29,2562,0.05,detour,292561,True,19,2,381
29,2563,0.05,room,292562,True,6,2,394
29,2564,0.05,corridors,292563,True,8,2,392
29,2565,0.05,detour,292564,True,12,2,388
29,2566,0.05,room,292565,True,9,2,391
29,2567,0.05,corridors,292566,True,6,2,394
29,2568,0.05,detour,292567,True,14,2,386
29,2569,0.05,room,292568,True,8,2,392
29,2570,0.05,corridors,292569,True,21,2,379
29,2571,0.05,detour,292570,True,18,2,382
29,2572,0.05,room,292571,True,6,2,394
29,2573,0.05,corridors,292572,True,15,2,385
29,2574,0.05,detour,292573,True,13,2,387
29,2575,0.05,room,292574,True,4,2,396
29,2576,0.05,corridors,292575,True,9,2,391
29,2577,0.05,detour,292576,True,7,2,393
29,2578,0.05,room,292577,True,6,2,394
29,2579,0.05,corridors,292578,True,6,2,394
29,2580,0.05,detour,292579,True,15,2,385
29,2581,0.05,room,292580,True,6,2,394
29,2582,0.05,corridors,292581,True,12,2,388
29,2583,0.05,detour,292582,True,12,2,388
29,2584,0.05,room,292583,True,9,2,391
29,2585,0.05,corridors,292584,True,7,2,393
29,2586,0.05,detour,292585,True,13,2,387
29,2587,0.05,room,292586,True,7,2,393
29,2588,0.05,corridors,292587,True,8,2,392
29,2589,0.05,detour,292588,True,16,2,384
29,2590,0.05,room,292589,True,5,2,395
29,2591,0.05,corridors,292590,True,12,2,388
29,2592,0.05,detour,292591,True,5,2,395
29,2593,0.05,room,292592,True,4,2,396
29,2594,0.05,corridors,292593,True,3,2,397
29,2595,0.05,detour,292594,True,18,2,382
29,2596,0.05,room,292595,True,4,2,396
29,2597,0.05,corridors,292596,True,12,2,388
29,2598,0.05,detour,292597,True,8,2,392
29,2599,0.05,room,292598,True,5,2,395
29,2600,0.05,corridors,292599,True,3,2,397
29,2601,0.05,detour,292600,True,10,2,390
29,2602,0.05,room,292601,True,5,2,395
29,2603,0.05,corridors,292602,True,16,2,384
29,2604,0.05,detour,292603,True,4,2,396
29,2605,0.05,room,292604,True,3,2,397
29,2606,0.05,corridors,292605,True,10,2,390
29,2607,0.05,detour,292606,True,8,2,392
29,2608,0.05,room,292607,True,6,2,394
29,2609,0.05,corridors,292608,True,17,2,383
29,2610,0.05,detour,292609,True,13,2,387
29,2611,0.05,room,292610,True,8,2,392
29,2612,0.05,corridors,292611,True,4,2,396
29,2613,0.05,detour,292612,True,19,2,381
29,2614,0.05,room,292613,True,10,2,390
29,2615,0.05,corridors,292614,True,10,2,390
29,2616,0.05,detour,292615,True,10,2,390
29,2617,0.05,room,292616,True,8,2,392
29,2618,0.05,corridors,292617,True,16,2,384
29,2619,0.05,detour,292618,True,14,2,386
29,2620,0.05,room,292619,True,11,2,389
29,2621,0.05,corridors,292620,True,10,2,390
29,2622,0.05,detour,292621,True,12,2,388
29,2623,0.05,room,292622,True,5,2,395
29,2624,0.05,corridors,292623,True,10,2,390
29,2625,0.05,detour,292624,True,18,2,382
29,2626,0.05,room,292625,True,7,2,393
29,2627,0.05,corridors,292626,True,7,2,393
29,2628,0.05,detour,292627,True,6,2,394
29,2629,0.05,room,292628,True,7,2,393
29,2630,0.05,corridors,292629,True,8,2,392
29,2631,0.05,detour,292630,True,9,2,391
29,2632,0.05,room,292631,True,9,2,391
29,2633,0.05,corridors,292632,True,9,2,391
29,2634,0.05,detour,292633,True,9,2,391
29,2635,0.05,room,292634,True,15,2,385
29,2636,0.05,corridors,292635,True,10,2,390
29,2637,0.05,detour,292636,True,8,2,392
29,2638,0.05,room,292637,True,9,2,391
29,2639,0.05,corridors,292638,True,16,2,384
29,2640,0.05,detour,292639,True,11,2,389
29,2641,0.05,room,292640,True,9,2,391
29,2642,0.05,corridors,292641,True,7,2,393
29,2643,0.05,detour,292642,True,5,2,395
29,2644,0.05,room,292643,True,6,2,394
29,2645,0.05,corridors,292644,True,13,2,387
29,2646,0.05,detour,292645,True,7,2,393
29,2647,0.05,room,292646,True,5,2,395
29,2648,0.05,corridors,292647,True,14,2,386
29,2649,0.05,detour,292648,True,13,2,387
29,2650,0.05,room,292649,True,4,2,396
29,2651,0.05,corridors,292650,True,8,2,392
29,2652,0.05,detour,292651,True,11,2,389
29,2653,0.05,room,292652,True,4,2,396
29,2654,0.05,corridors,292653,True,8,2,392
29,2655,0.05,detour,292654,True,13,2,387
29,2656,0.05,room,292655,True,3,2,397
29,2657,0.05,corridors,292656,True,12,2,388
29,2658,0.05,detour,292657,True,18,2,382
29,2659,0.05,room,292658,True,6,2,394
29,2660,0.05,corridors,292659,True,14,2,386
29,2661,0.05,detour,292660,True,4,2,396
29,2662,0.05,room,292661,True,9,2,391
29,2663,0.05,corridors,292662,True,9,2,391
29,2664,0.05,detour,292663,True,7,2,393
29,2665,0.05,room,292664,True,10,2,390
29,2666,0.05,corridors,292665,True,4,2,396
29,2667,0.05,detour,292666,True,15,2,385
29,2668,0.05,room,292667,True,8,2,392
29,2669,0.05,corridors,292668,True,11,2,389
29,2670,0.05,detour,292669,True,15,2,385
29,2671,0.05,room,292670,True,8,2,392
29,2672,0.05,corridors,292671,True,16,2,384
29,2673,0.05,detour,292672,True,7,2,393
29,2674,0.05,room,292673,True,7,2,393
29,2675,0.05,corridors,292674,True,13,2,387
29,2676,0.05,detour,292675,True,12,2,388
29,2677,0.05,room,292676,True,12,2,388
29,2678,0.05,corridors,292677,True,8,2,392
29,2679,0.05,detour,292678,True,21,2,379
29,2680,0.05,room,292679,True,2,2,398
29,2681,0.05,corridors,292680,True,10,2,390
29,2682,0.05,detour,292681,True,8,2,392
29,2683,0.05,room,292682,True,11,2,389
29,2684,0.05,corridors,292683,True,5,2,395
29,2685,0.05,detour,292684,True,28,2,372
29,2686,0.05,room,292685,True,11,2,389
29,2687,0.05,corridors,292686,True,14,2,386
29,2688,0.05,detour,292687,True,11,2,389
29,2689,0.05,room,292688,True,10,2,390
29,2690,0.05,corridors,292689,True,17,2,383
29,2691,0.05,detour,292690,True,14,2,386
29,2692,0.05,room,292691,True,10,2,390
29,2693,0.05,corridors,292692,True,10,2,390
29,2694,0.05,detour,292693,True,10,2,390
29,2695,0.05,room,292694,True,9,2,391
29,2696,0.05,corridors,292695,True,3,2,397
29,2697,0.05,detour,292696,True,11,2,389
29,2698,0.05,room,292697,True,8,2,392
29,2699,0.05,corridors,292698,True,9,2,391
29,2700,0.05,detour,292699,True,24,2,376
29,2701,0.05,room,292700,True,8,2,392
29,2702,0.05,corridors,292701,True,18,2,382
29,2703,0.05,detour,292702,True,12,2,388
29,2704,0.05,room,292703,True,8,2,392
29,2705,0.05,corridors,292704,True,5,2,395
29,2706,0.05,detour,292705,True,11,2,389
29,2707,0.05,room,292706,True,9,2,391
29,2708,0.05,corridors,292707,True,9,2,391
29,2709,0.05,detour,292708,True,14,2,386
29,2710,0.05,room,292709,True,7,2,393
29,2711,0.05,corridors,292710,True,6,2,394
29,2712,0.05,detour,292711,True,4,2,396
29,2713,0.05,room,292712,True,10,2,390
29,2714,0.05,corridors,292713,True,13,2,387
29,2715,0.05,detour,292714,True,16,2,384
29,2716,0.05,room,292715,True,9,2,391
29,2717,0.05,corridors,292716,True,13,2,387
29,2718,0.05,detour,292717,True,2,2,398
29,2719,0.05,room,292718,True,16,2,384
29,2720,0.05,corridors,292719,True,12,2,388
29,2721,0.05,detour,292720,True,15,2,385
29,2722,0.05,room,292721,True,7,2,393
29,2723,0.05,corridors,292722,True,9,2,391
29,2724,0.05,detour,292723,True,12,2,388
29,2725,0.05,room,292724,True,10,2,390
29,2726,0.05,corridors,292725,True,15,2,385
29,2727,0.05,detour,292726,True,6,2,394
29,2728,0.05,room,292727,True,5,2,395
29,2729,0.05,corridors,292728,True,14,2,386
29,2730,0.05,detour,292729,True,17,2,383
29,2731,0.05,room,292730,True,8,2,392
29,2732,0.05,corridors,292731,True,16,2,384
29,2733,0.05,detour,292732,True,16,2,384
29,2734,0.05,room,292733,True,4,2,396
29,2735,0.05,corridors,292734,True,12,2,388
29,2736,0.05,detour,292735,True,12,2,388
29,2737,0.05,room,292736,True,11,2,389
29,2738,0.05,corridors,292737,True,13,2,387
29,2739,0.05,detour,292738,True,10,2,390
29,2740,0.05,room,292739,True,4,2,396
29,2741,0.05,corridors,292740,True,11,2,389
29,2742,0.05,detour,292741,True,20,2,380
29,2743,0.05,room,292742,True,7,2,393
29,2744,0.05,corridors,292743,True,9,2,391
29,2745,0.05,detour,292744,True,18,2,382
29,2746,0.05,room,292745,True,12,2,388
29,2747,0.05,corridors,292746,True,5,2,395
29,2748,0.05,detour,292747,True,5,2,395
29,2749,0.05,room,292748,True,9,2,391
29,2750,0.05,corridors,292749,True,9,2,391
29,2751,0.05,detour,292750,True,12,2,388
29,2752,0.05,room,292751,True,5,2,395
29,2753,0.05,corridors,292752,True,8,2,392
29,2754,0.05,detour,292753,True,11,2,389
29,2755,0.05,room,292754,True,8,2,392
29,2756,0.05,corridors,292755,True,12,2,388
29,2757,0.05,detour,292756,True,4,2,396
29,2758,0.05,room,292757,True,7,2,393
29,2759,0.05,corridors,292758,True,18,2,382
29,2760,0.05,detour,292759,True,14,2,386
29,2761,0.05,room,292760,True,7,2,393
29,2762,0.05,corridors,292761,True,6,2,394
29,2763,0.05,detour,292762,True,18,2,382
29,2764,0.05,room,292763,True,9,2,391
29,2765,0.05,corridors,292764,True,8,2,392
29,2766,0.05,detour,292765,True,5,2,395
29,2767,0.05,room,292766,True,7,2,393
29,2768,0.05,corridors,292767,True,10,2,390
29,2769,0.05,detour,292768,True,6,2,394
29,2770,0.05,room,292769,True,6,2,394
29,2771,0.05,corridors,292770,True,3,2,397
29,2772,0.05,detour,292771,True,14,2,386
29,2773,0.05,room,292772,True,9,2,391
29,2774,0.05,corridors,292773,True,16,2,384
29,2775,0.05,detour,292774,True,6,2,394
29,2776,0.05,room,292775,True,6,2,394
29,2777,0.05,corridors,292776,True,6,2,394
29,2778,0.05,detour,292777,True,7,2,393
29,2779,0.05,room,292778,True,5,2,395
29,2780,0.05,corridors,292779,True,6,2,394
29,2781,0.05,detour,292780,True,13,2,387
29,2782,0.05,room,292781,True,9,2,391
29,2783,0.05,corridors,292782,True,4,2,396
29,2784,0.05,detour,292783,True,17,2,383
29,2785,0.05,room,292784,True,8,2,392
29,2786,0.05,corridors,292785,True,9,2,391
29,2787,0.05,detour,292786,True,2,2,398
29,2788,0.05,room,292787,True,9,2,391
29,2789,0.05,corridors,292788,True,7,2,393
29,2790,0.05,detour,292789,True,15,2,385
29,2791,0.05,room,292790,True,12,2,388
29,2792,0.05,corridors,292791,True,14,2,386
29,2793,0.05,detour,292792,True,12,2,388
29,2794,0.05,room,292793,True,13,2,387
29,2795,0.05,corridors,292794,True,16,2,384
29,2796,0.05,detour,292795,True,13,2,387
29,2797,0.05,room,292796,True,13,2,387
29,2798,0.05,corridors,292797,True,7,2,393
29,2799,0.05,detour,292798,True,10,2,390
29,2800,0.05,room,292799,True,10,2,390
29,2801,0.05,corridors,292800,True,14,2,386
29,2802,0.05,detour,292801,True,10,2,390
29,2803,0.05,room,292802,True,7,2,393
29,2804,0.05,corridors,292803,True,9,2,391
29,2805,0.05,detour,292804,True,18,2,382
29,2806,0.05,room,292805,True,9,2,391
29,2807,0.05,corridors,292806,True,9,2,391
29,2808,0.05,detour,292807,True,11,2,389
29,2809,0.05,room,292808,True,8,2,392
29,2810,0.05,corridors,292809,True,5,2,395
29,2811,0.05,detour,292810,True,9,2,391
29,2812,0.05,room,292811,True,5,2,395
29,2813,0.05,corridors,292812,True,13,2,387
29,2814,0.05,detour,292813,True,16,2,384
29,2815,0.05,room,292814,True,6,2,394
29,2816,0.05,corridors,292815,True,3,2,397
29,2817,0.05,detour,292816,True,16,2,384
29,2818,0.05,room,292817,True,7,2,393
29,2819,0.05,corridors,292818,True,10,2,390
29,2820,0.05,detour,292819,True,4,2,396
29,2821,0.05,room,292820,True,3,2,397
29,2822,0.05,corridors,292821,True,8,2,392
29,2823,0.05,detour,292822,True,15,2,385
29,2824,0.05,room,292823,True,9,2,391
29,2825,0.05,corridors,292824,True,11,2,389
29,2826,0.05,detour,292825,True,9,2,391
29,2827,0.05,room,292826,True,6,2,394
29,2828,0.05,corridors,292827,True,5,2,395
29,2829,0.05,detour,292828,True,9,2,391
29,2830,0.05,room,292829,True,13,2,387
29,2831,0.05,corridors,292830,True,7,2,393
29,2832,0.05,detour,292831,True,8,2,392
29,2833,0.05,room,292832,True,12,2,388
29,2834,0.05,corridors,292833,True,10,2,390
29,2835,0.05,detour,292834,True,12,2,388
29,2836,0.05,room,292835,True,5,2,395
29,2837,0.05,corridors,292836,True,4,2,396
29,2838,0.05,detour,292837,True,6,2,394
29,2839,0.05,room,292838,True,6,2,394
29,2840,0.05,corridors,292839,True,11,2,389
29,2841,0.05,detour,292840,True,10,2,390
29,2842,0.05,room,292841,True,12,2,388
29,2843,0.05,corridors,292842,True,11,2,389
29,2844,0.05,detour,292843,True,12,2,388
29,2845,0.05,room,292844,True,9,2,391
29,2846,0.05,corridors,292845,True,12,2,388
29,2847,0.05,detour,292846,True,9,2,391
29,2848,0.05,room,292847,True,7,2,393
29,2849,0.05,corridors,292848,True,12,2,388
29,2850,0.05,detour,292849,True,9,2,391
29,2851,0.05,room,292850,True,5,2,395
29,2852,0.05,corridors,292851,True,9,2,391
29,2853,0.05,detour,292852,True,14,2,386
29,2854,0.05,room,292853,True,6,2,394
29,2855,0.05,corridors,292854,True,5,2,395
29,2856,0.05,detour,292855,True,14,2,386
29,2857,0.05,room,292856,True,12,2,388
29,2858,0.05,corridors,292857,True,10,2,390
29,2859,0.05,detour,292858,True,7,2,393
29,2860,0.05,room,292859,True,6,2,394
29,2861,0.05,corridors,292860,True,11,2,389
29,2862,0.05,detour,292861,True,17,2,383
29,2863,0.05,room,292862,True,5,2,395
29,2864,0.05,corridors,292863,True,5,2,395
29,2865,0.05,detour,292864,True,7,2,393
29,2866,0.05,room,292865,True,10,2,390
29,2867,0.05,corridors,292866,True,6,2,394
29,2868,0.05,detour,292867,True,6,2,394
29,2869,0.05,room,292868,True,10,2,390
29,2870,0.05,corridors,292869,True,6,2,394
29,2871,0.05,detour,292870,True,19,2,381
29,2872,0.05,room,292871,True,5,2,395
29,2873,0.05,corridors,292872,True,15,2,385
29,2874,0.05,detour,292873,True,5,2,395
29,2875,0.05,room,292874,True,9,2,391
29,2876,0.05,corridors,292875,True,14,2,386
29,2877,0.05,detour,292876,True,8,2,392
29,2878,0.05,room,292877,True,7,2,393
29,2879,0.05,corridors,292878,True,10,2,390
29,2880,0.05,detour,292879,True,9,2,391
29,2881,0.05,room,292880,True,8,2,392
29,2882,0.05,corridors,292881,True,13,2,387
29,2883,0.05,detour,292882,True,9,2,391
29,2884,0.05,room,292883,True,10,2,390
29,2885,0.05,corridors,292884,True,5,2,395
29,2886,0.05,detour,292885,True,9,2,391
29,2887,0.05,room,292886,True,9,2,391
29,2888,0.05,corridors,292887,True,8,2,392
29,2889,0.05,detour,292888,True,16,2,384
29,2890,0.05,room,292889,True,5,2,395
29,2891,0.05,corridors,292890,True,9,2,391
29,2892,0.05,detour,292891,True,12,2,388
29,2893,0.05,room,292892,True,14,2,386
29,2894,0.05,corridors,292893,True,11,2,389
29,2895,0.05,detour,292894,True,19,2,381
29,2896,0.05,room,292895,True,5,2,395
29,2897,0.05,corridors,292896,True,14,2,386
29,2898,0.05,detour,292897,True,7,2,393
29,2899,0.05,room,292898,True,8,2,392
29,2900,0.05,corridors,292899,True,23,2,377
29,2901,0.05,detour,292900,True,10,2,390
29,2902,0.05,room,292901,True,8,2,392
29,2903,0.05,corridors,292902,True,9,2,391
29,2904,0.05,detour,292903,True,7,2,393
29,2905,0.05,room,292904,True,12,2,388
29,2906,0.05,corridors,292905,True,17,2,383
29,2907,0.05,detour,292906,True,6,2,394
29,2908,0.05,room,292907,True,9,2,391
29,2909,0.05,corridors,292908,True,12,2,388
29,2910,0.05,detour,292909,True,13,2,387
29,2911,0.05,room,292910,True,7,2,393
29,2912,0.05,corridors,292911,True,5,2,395
29,2913,0.05,detour,292912,True,12,2,388
29,2914,0.05,room,292913,True,2,2,398
29,2915,0.05,corridors,292914,True,10,2,390
29,2916,0.05,detour,292915,True,10,2,390
29,2917,0.05,room,292916,True,8,2,392
29,2918,0.05,corridors,292917,True,6,2,394
29,2919,0.05,detour,292918,True,10,2,390
29,2920,0.05,room,292919,True,12,2,388
29,2921,0.05,corridors,292920,True,14,2,386
29,2922,0.05,detour,292921,True,8,2,392
29,2923,0.05,room,292922,True,14,2,386
29,2924,0.05,corridors,292923,True,8,2,392
29,2925,0.05,detour,292924,True,7,2,393
29,2926,0.05,room,292925,True,6,2,394
29,2927,0.05,corridors,292926,True,4,2,396
29,2928,0.05,detour,292927,True,14,2,386
29,2929,0.05,room,292928,True,6,2,394
29,2930,0.05,corridors,292929,True,12,2,388
29,2931,0.05,detour,292930,True,9,2,391
29,2932,0.05,room,292931,True,8,2,392
29,2933,0.05,corridors,292932,True,7,2,393
29,2934,0.05,detour,292933,True,8,2,392
29,2935,0.05,room,292934,True,6,2,394
29,2936,0.05,corridors,292935,True,7,2,393
29,2937,0.05,detour,292936,True,3,2,397
29,2938,0.05,room,292937,True,9,2,391
29,2939,0.05,corridors,292938,True,10,2,390
29,2940,0.05,detour,292939,True,6,2,394
29,2941,0.05,room,292940,True,3,2,397
29,2942,0.05,corridors,292941,True,12,2,388
29,2943,0.05,detour,292942,True,8,2,392
29,2944,0.05,room,292943,True,5,2,395
29,2945,0.05,corridors,292944,True,8,2,392
29,2946,0.05,detour,292945,True,15,2,385
29,2947,0.05,room,292946,True,5,2,395
29,2948,0.05,corridors,292947,True,15,2,385
29,2949,0.05,detour,292948,True,7,2,393
29,2950,0.05,room,292949,True,3,2,397
29,2951,0.05,corridors,292950,True,13,2,387
29,2952,0.05,detour,292951,True,9,2,391
29,2953,0.05,room,292952,True,10,2,390
29,2954,0.05,corridors,292953,True,9,2,391
29,2955,0.05,detour,292954,True,18,2,382
29,2956,0.05,room,292955,True,6,2,394
29,2957,0.05,corridors,292956,True,15,2,385
29,2958,0.05,detour,292957,True,4,2,396
29,2959,0.05,room,292958,True,9,2,391
29,2960,0.05,corridors,292959,True,11,2,389
29,2961,0.05,detour,292960,True,4,2,396
29,2962,0.05,room,292961,True,12,2,388
29,2963,0.05,corridors,292962,True,9,2,391
29,2964,0.05,detour,292963,True,9,2,391
29,2965,0.05,room,292964,True,10,2,390
29,2966,0.05,corridors,292965,True,11,2,389
29,2967,0.05,detour,292966,True,3,2,397
29,2968,0.05,room,292967,True,6,2,394
29,2969,0.05,corridors,292968,True,7,2,393
29,2970,0.05,detour,292969,True,16,2,384
29,2971,0.05,room,292970,True,9,2,391
29,2972,0.05,corridors,292971,True,13,2,387
29,2973,0.05,detour,292972,True,16,2,384
29,2974,0.05,room,292973,True,6,2,394
29,2975,0.05,corridors,292974,True,13,2,387
29,2976,0.05,detour,292975,True,13,2,387
29,2977,0.05,room,292976,True,10,2,390
29,2978,0.05,corridors,292977,True,15,2,385
29,2979,0.05,detour,292978,True,8,2,392
29,2980,0.05,room,292979,True,10,2,390
29,2981,0.05,corridors,292980,True,15,2,385
29,2982,0.05,detour,292981,True,17,2,383
29,2983,0.05,room,292982,True,10,2,390
29,2984,0.05,corridors,292983,True,6,2,394
29,2985,0.05,detour,292984,True,10,2,390
29,2986,0.05,room,292985,True,8,2,392
29,2987,0.05,corridors,292986,True,5,2,395
29,2988,0.05,detour,292987,True,11,2,389
29,2989,0.05,room,292988,True,9,2,391
29,2990,0.05,corridors,292989,True,8,2,392
29,2991,0.05,detour,292990,True,14,2,386
29,2992,0.05,room,292991,True,6,2,394
29,2993,0.05,corridors,292992,True,7,2,393
29,2994,0.05,detour,292993,True,12,2,388
29,2995,0.05,room,292994,True,4,2,396
29,2996,0.05,corridors,292995,True,9,2,391
29,2997,0.05,detour,292996,True,9,2,391
29,2998,0.05,room,292997,True,6,2,394
29,2999,0.05,corridors,292998,True,3,2,397
29,3000,0.05,detour,292999,True,13,2,387
47,1,0.8,room,470000,True,23,2,377
47,2,0.7997,corridors,470001,True,85,2,315
47,3,0.7994,detour,470002,False,120,1,80
47,4,0.7991,room,470003,True,70,2,330
47,5,0.7988,corridors,470004,False,120,1,80
47,6,0.7984,detour,470005,True,72,2,328
47,7,0.7981,room,470006,True,108,2,292
47,8,0.7978,corridors,470007,True,12,2,388
47,9,0.7975,detour,470008,False,120,0,-120
47,10,0.7972,room,470009,True,15,2,385
47,11,0.7969,corridors,470010,True,88,2,312
47,12,0.7966,detour,470011,False,120,1,80
47,13,0.7963,room,470012,True,16,2,384
47,14,0.7959,corridors,470013,True,22,2,378
47,15,0.7956,detour,470014,True,16,2,384
47,16,0.7953,room,470015,True,22,2,378
47,17,0.795,corridors,470016,True,65,2,335
47,18,0.7947,detour,470017,True,22,2,378
47,19,0.7944,room,470018,True,51,2,349
47,20,0.7941,corridors,470019,True,78,2,322
47,21,0.7938,detour,470020,True,85,2,315
47,22,0.7934,room,470021,True,14,2,386
47,23,0.7931,corridors,470022,True,24,2,376
47,24,0.7928,detour,470023,True,105,2,295
47,25,0.7925,room,470024,True,24,2,376
47,26,0.7922,corridors,470025,True,29,2,371
47,27,0.7919,detour,470026,True,105,2,295
47,28,0.7916,room,470027,True,46,2,354
47,29,0.7913,corridors,470028,True,17,2,383
47,30,0.7909,detour,470029,True,113,2,287
47,31,0.7906,room,470030,True,47,2,353
47,32,0.7903,corridors,470031,True,96,2,304
47,33,0.79,detour,470032,True,35,2,365
47,34,0.7897,room,470033,True,28,2,372
47,35,0.7894,corridors,470034,True,50,2,350
47,36,0.7891,detour,470035,False,120,0,-120
47,37,0.7888,room,470036,False,120,1,80
47,38,0.7884,corridors,470037,False,120,1,80
47,39,0.7881,detour,470038,True,36,2,364
47,40,0.7878,room,470039,True,28,2,372
47,41,0.7875,corridors,470040,True,73,2,327
47,42,0.7872,detour,470041,True,17,2,383
47,43,0.7869,room,470042,True,77,2,323
47,44,0.7866,corridors,470043,True,51,2,349
47,45,0.7863,detour,470044,False,120,1,80
47,46,0.7859,room,470045,True,36,2,364
47,47,0.7856,corridors,470046,True,46,2,354
47,48,0.7853,detour,470047,True,54,2,346
47,49,0.785,room,470048,True,16,2,384
47,50,0.7847,corridors,470049,True,100,2,300
47,51,0.7844,detour,470050,True,56,2,344
47,52,0.7841,room,470051,True,18,2,382
47,53,0.7838,corridors,470052,True,58,2,342
47,54,0.7834,detour,470053,True,27,2,373
47,55,0.7831,room,470054,True,30,2,370
47,56,0.7828,corridors,470055,True,14,2,386
47,57,0.7825,detour,470056,False,120,1,80
47,58,0.7822,room,470057,True,40,2,360
47,59,0.7819,corridors,470058,True,44,2,356
47,60,0.7816,detour,470059,True,48,2,352
47,61,0.7812,room,470060,True,87,2,313
47,62,0.7809,corridors,470061,True,79,2,321
47,63,0.7806,detour,470062,True,68,2,332
47,64,0.7803,room,470063,True,70,2,330
47,65,0.78,corridors,470064,True,17,2,383
47,66,0.7797,detour,470065,True,50,2,350
47,67,0.7794,room,470066,True,59,2,341
47,68,0.7791,corridors,470067,False,120,1,80
47,69,0.7788,detour,470068,True,105,2,295
47,70,0.7784,room,470069,True,20,2,380
47,71,0.7781,corridors,470070,True,21,2,379
47,72,0.7778,detour,470071,True,2,2,398
47,73,0.7775,room,470072,False,120,0,-120
47,74,0.7772,corridors,470073,True,36,2,364
47,75,0.7769,detour,470074,True,15,2,385
47,76,0.7766,room,470075,True,66,2,334
47,77,0.7762,corridors,470076,True,86,2,314
47,78,0.7759,detour,470077,True,81,2,319
47,79,0.7756,room,470078,True,23,2,377
47,80,0.7753,corridors,470079,True,41,2,359
47,81,0.775,detour,470080,False,120,1,80
47,82,0.7747,room,470081,True,13,2,387
47,83,0.7744,corridors,470082,True,22,2,378
47,84,0.7741,detour,470083,False,120,1,80
47,85,0.7738,room,470084,True,16,2,384
47,86,0.7734,corridors,470085,False,120,1,80
47,87,0.7731,detour,470086,True,11,2,389
47,88,0.7728,room,470087,True,18,2,382
47,89,0.7725,corridors,470088,True,23,2,377
47,90,0.7722,detour,470089,False,120,1,80
47,91,0.7719,room,470090,True,38,2,362
47,92,0.7716,corridors,470091,True,6,2,394
47,93,0.7712,detour,470092,True,11,2,389
47,94,0.7709,room,470093,True,43,2,357
47,95,0.7706,corridors,470094,True,54,2,346
47,96,0.7703,detour,470095,False,120,0,-120
47,97,0.77,room,470096,True,54,2,346
47,98,0.7697,corridors,470097,True,72,2,328
47,99,0.7694,detour,470098,False,120,1,80
47,100,0.7691,room,470099,True,21,2,379
47,101,0.7688,corridors,470100,True,72,2,328
47,102,0.7684,detour,470101,True,25,2,375
47,103,0.7681,room,470102,True,13,2,387
47,104,0.7678,corridors,470103,True,82,2,318
47,105,0.7675,detour,470104,True,111,2,289
47,106,0.7672,room,470105,True,59,2,341
47,107,0.7669,corridors,470106,True,76,2,324
47,108,0.7666,detour,470107,True,52,2,348
47,109,0.7663,room,470108,True,6,2,394
47,110,0.7659,corridors,470109,True,32,2,368
47,111,0.7656,detour,470110,True,6,2,394
47,112,0.7653,room,470111,True,71,2,329
47,113,0.765,corridors,470112,True,116,2,284
47,114,0.7647,detour,470113,True,64,2,336
47,115,0.7644,room,470114,True,52,2,348
47,116,0.7641,corridors,470115,True,118,2,282
47,117,0.7638,detour,470116,True,43,2,357
47,118,0.7634,room,470117,True,65,2,335
47,119,0.7631,corridors,470118,True,36,2,364
47,120,0.7628,detour,470119,True,24,2,376
47,121,0.7625,room,470120,False,120,1,80
47,122,0.7622,corridors,470121,True,9,2,391
47,123,0.7619,detour,470122,True,18,2,382
47,124,0.7616,room,470123,True,18,2,382
47,125,0.7613,corridors,470124,True,108,2,292
47,126,0.7609,detour,470125,True,100,2,300
47,127,0.7606,room,470126,True,53,2,347
47,128,0.7603,corridors,470127,True,24,2,376
47,129,0.76,detour,470128,False,120,1,80
47,130,0.7597,room,470129,True,28,2,372
47,131,0.7594,corridors,470130,True,17,2,383
47,132,0.7591,detour,470131,True,20,2,380
47,133,0.7588,room,470132,True,51,2,349
47,134,0.7584,corridors,470133,True,55,2,345
47,135,0.7581,detour,470134,True,25,2,375
47,136,0.7578,room,470135,True,76,2,324
47,137,0.7575,corridors,470136,True,36,2,364
47,138,0.7572,detour,470137,True,15,2,385
47,139,0.7569,room,470138,True,24,2,376
47,140,0.7566,corridors,470139,True,69,2,331
47,141,0.7563,detour,470140,False,120,1,80
47,142,0.7559,room,470141,True,46,2,354
47,143,0.7556,corridors,470142,True,14,2,386
47,144,0.7553,detour,470143,True,21,2,379
47,145,0.755,room,470144,True,8,2,392
47,146,0.7547,corridors,470145,True,107,2,293
47,147,0.7544,detour,470146,True,84,2,316
47,148,0.7541,room,470147,True,25,2,375
47,149,0.7538,corridors,470148,True,65,2,335
47,150,0.7534,detour,470149,False,120,1,80
47,151,0.7531,room,470150,True,12,2,388
47,152,0.7528,corridors,470151,True,28,2,372
47,153,0.7525,detour,470152,True,86,2,314
47,154,0.7522,room,470153,True,49,2,351
47,155,0.7519,corridors,470154,True,29,2,371
47,156,0.7516,detour,470155,True,42,2,358
47,157,0.7513,room,470156,True,65,2,335
47,158,0.7509,corridors,470157,True,31,2,369
47,159,0.7506,detour,470158,False,120,0,-120
47,160,0.7503,room,470159,True,37,2,363
47,161,0.75,corridors,470160,True,37,2,363
47,162,0.7497,detour,470161,True,28,2,372
47,163,0.7494,room,470162,True,28,2,372
47,164,0.7491,corridors,470163,True,73,2,327
47,165,0.7488,detour,470164,False,120,1,80
47,166,0.7484,room,470165,True,32,2,368
47,167,0.7481,corridors,470166,False,120,1,80
47,168,0.7478,detour,470167,True,120,2,280
47,169,0.7475,room,470168,True,8,2,392
47,170,0.7472,corridors,470169,True,58,2,342
47,171,0.7469,detour,470170,True,40,2,360
47,172,0.7466,room,470171,True,52,2,348
47,173,0.7463,corridors,470172,True,9,2,391
47,174,0.7459,detour,470173,True,25,2,375
47,175,0.7456,room,470174,True,54,2,346
47,176,0.7453,corridors,470175,True,79,2,321
47,177,0.745,detour,470176,True,31,2,369
47,178,0.7447,room,470177,True,27,2,373
47,179,0.7444,corridors,470178,True,42,2,358
47,180,0.7441,detour,470179,True,114,2,286
47,181,0.7438,room,470180,True,46,2,354
47,182,0.7434,corridors,470181,True,44,2,356
47,183,0.7431,detour,470182,True,21,2,379
47,184,0.7428,room,470183,True,44,2,356
47,185,0.7425,corridors,470184,True,34,2,366
47,186,0.7422,detour,470185,True,4,2,396
47,187,0.7419,room,470186,True,59,2,341
47,188,0.7416,corridors,470187,True,7,2,393
47,189,0.7413,detour,470188,True,18,2,382
47,190,0.7409,room,470189,True,21,2,379
47,191,0.7406,corridors,470190,True,33,2,367
47,192,0.7403,detour,470191,True,29,2,371
47,193,0.74,room,470192,True,32,2,368
47,194,0.7397,corridors,470193,True,43,2,357
47,195,0.7394,detour,470194,True,17,2,383
47,196,0.7391,room,470195,True,64,2,336
47,197,0.7388,corridors,470196,True,40,2,360
47,198,0.7384,detour,470197,False,120,1,80
47,199,0.7381,room,470198,True,31,2,369
47,200,0.7378,corridors,470199,True,34,2,366
47,201,0.7375,detour,470200,True,111,2,289
47,202,0.7372,room,470201,True,19,2,381
47,203,0.7369,corridors,470202,False,120,0,-120
47,204,0.7366,detour,470203,True,41,2,359
47,205,0.7363,room,470204,True,13,2,387
47,206,0.7359,corridors,470205,True,38,2,362
47,207,0.7356,detour,470206,True,29,2,371
47,208,0.7353,room,470207,True,61,2,339
47,209,0.735,corridors,470208,True,65,2,335
47,210,0.7347,detour,470209,True,41,2,359
47,211,0.7344,room,470210,True,65,2,335
47,212,0.7341,corridors,470211,True,52,2,348
47,213,0.7338,detour,470212,True,36,2,364
47,214,0.7334,room,470213,True,53,2,347
47,215,0.7331,corridors,470214,True,104,2,296
47,216,0.7328,detour,470215,False,120,1,80
47,217,0.7325,room,470216,True,41,2,359
47,218,0.7322,corridors,470217,True,5,2,395
47,219,0.7319,detour,470218,True,64,2,336
47,220,0.7316,room,470219,True,8,2,392
47,221,0.7313,corridors,470220,True,50,2,350
47,222,0.7309,detour,470221,True,83,2,317
47,223,0.7306,room,470222,True,14,2,386
47,224,0.7303,corridors,470223,True,11,2,389
47,225,0.73,detour,470224,True,46,2,354
47,226,0.7297,room,470225,True,38,2,362
47,227,0.7294,corridors,470226,True,33,2,367
47,228,0.7291,detour,470227,True,17,2,383
47,229,0.7288,room,470228,True,26,2,374
47,230,0.7284,corridors,470229,True,78,2,322
47,231,0.7281,detour,470230,True,91,2,309
47,232,0.7278,room,470231,True,27,2,373
47,233,0.7275,corridors,470232,True,11,2,389
47,234,0.7272,detour,470233,True,50,2,350
47,235,0.7269,room,470234,True,28,2,372
47,236,0.7266,corridors,470235,True,95,2,305
47,237,0.7263,detour,470236,True,48,2,352
47,238,0.7259,room,470237,True,29,2,371
47,239,0.7256,corridors,470238,True,89,2,311
47,240,0.7253,detour,470239,True,53,2,347
47,241,0.725,room,470240,True,27,2,373
47,242,0.7247,corridors,470241,True,85,2,315
47,243,0.7244,detour,470242,True,31,2,369
47,244,0.7241,room,470243,True,39,2,361
47,245,0.7238,corridors,470244,True,37,2,363
47,246,0.7234,detour,470245,True,63,2,337
47,247,0.7231,room,470246,True,10,2,390
47,248,0.7228,corridors,470247,True,70,2,330
47,249,0.7225,detour,470248,True,33,2,367
47,250,0.7222,room,470249,True,28,2,372
47,251,0.7219,corridors,470250,True,5,2,395
47,252,0.7216,detour,470251,True,84,2,316
47,253,0.7213,room,470252,True,42,2,358
47,254,0.7209,corridors,470253,True,26,2,374
47,255,0.7206,detour,470254,True,92,2,308
47,256,0.7203,room,470255,True,28,2,372
47,257,0.72,corridors,470256,True,55,2,345
47,258,0.7197,detour,470257,True,40,2,360
47,259,0.7194,room,470258,True,19,2,381
47,260,0.7191,corridors,470259,True,71,2,329
47,261,0.7188,detour,470260,True,47,2,353
47,262,0.7184,room,470261,True,18,2,382
47,263,0.7181,corridors,470262,True,42,2,358
47,264,0.7178,detour,470263,True,20,2,380
47,265,0.7175,room,470264,True,25,2,375
47,266,0.7172,corridors,470265,True,77,2,323
47,267,0.7169,detour,470266,True,69,2,331
47,268,0.7166,room,470267,True,59,2,341
47,269,0.7163,corridors,470268,True,34,2,366
47,270,0.7159,detour,470269,True,42,2,358
47,271,0.7156,room,470270,True,42,2,358
47,272,0.7153,corridors,470271,True,65,2,335
47,273,0.715,detour,470272,True,15,2,385
47,274,0.7147,room,470273,True,66,2,334
47,275,0.7144,corridors,470274,True,10,2,390
47,276,0.7141,detour,470275,True,32,2,368
47,277,0.7137,room,470276,True,77,2,323
47,278,0.7134,corridors,470277,True,41,2,359
47,279,0.7131,detour,470278,True,25,2,375
47,280,0.7128,room,470279,True,22,2,378
47,281,0.7125,corridors,470280,True,74,2,326
47,282,0.7122,detour,470281,True,15,2,385
47,283,0.7119,room,470282,True,43,2,357
47,284,0.7116,corridors,470283,True,56,2,344
47,285,0.7113,detour,470284,True,81,2,319
47,286,0.7109,room,470285,True,7,2,393
47,287,0.7106,corridors,470286,True,17,2,383
47,288,0.7103,detour,470287,True,50,2,350
47,289,0.71,room,470288,True,44,2,356
47,290,0.7097,corridors,470289,True,53,2,347
47,291,0.7094,detour,470290,True,39,2,361
47,292,0.7091,room,470291,True,62,2,338
47,293,0.7087,corridors,470292,True,14,2,386
47,294,0.7084,detour,470293,True,39,2,361
47,295,0.7081,room,470294,True,19,2,381
47,296,0.7078,corridors,470295,True,36,2,364
47,297,0.7075,detour,470296,False,120,1,80
47,298,0.7072,room,470297,True,19,2,381
47,299,0.7069,corridors,470298,True,61,2,339
47,300,0.7066,detour,470299,True,31,2,369
47,301,0.7063,room,470300,True,21,2,379
47,302,0.7059,corridors,470301,True,17,2,383
47,303,0.7056,detour,470302,True,6,2,394
47,304,0.7053,room,470303,True,36,2,364
47,305,0.705,corridors,470304,True,7,2,393
47,306,0.7047,detour,470305,True,18,2,382
47,307,0.7044,room,470306,True,13,2,387
47,308,0.7041,corridors,470307,True,17,2,383
47,309,0.7038,detour,470308,True,53,2,347
47,310,0.7034,room,470309,True,23,2,377
47,311,0.7031,corridors,470310,True,56,2,344
47,312,0.7028,detour,470311,True,24,2,376
47,313,0.7025,room,470312,True,22,2,378
47,314,0.7022,corridors,470313,True,11,2,389
47,315,0.7019,detour,470314,True,49,2,351
47,316,0.7016,room,470315,True,21,2,379
47,317,0.7013,corridors,470316,True,59,2,341
47,318,0.7009,detour,470317,True,46,2,354
47,319,0.7006,room,470318,True,9,2,391
47,320,0.7003,corridors,470319,True,8,2,392
47,321,0.7,detour,470320,True,17,2,383
47,322,0.6997,room,470321,True,33,2,367
47,323,0.6994,corridors,470322,True,63,2,337
47,324,0.6991,detour,470323,True,7,2,393
47,325,0.6987,room,470324,True,17,2,383
47,326,0.6984,corridors,470325,True,14,2,386
47,327,0.6981,detour,470326,True,51,2,349
47,328,0.6978,room,470327,True,36,2,364
47,329,0.6975,corridors,470328,True,8,2,392
47,330,0.6972,detour,470329,True,36,2,364
47,331,0.6969,room,470330,True,29,2,371
47,332,0.6966,corridors,470331,True,55,2,345
47,333,0.6963,detour,470332,True,57,2,343
47,334,0.6959,room,470333,True,23,2,377
47,335,0.6956,corridors,470334,True,78,2,322
47,336,0.6953,detour,470335,True,21,2,379
47,337,0.695,room,470336,True,15,2,385
47,338,0.6947,corridors,470337,True,10,2,390
47,339,0.6944,detour,470338,True,56,2,344
47,340,0.6941,room,470339,True,23,2,377
47,341,0.6938,corridors,470340,True,11,2,389
47,342,0.6934,detour,470341,True,70,2,330
47,343,0.6931,room,470342,True,59,2,341
47,344,0.6928,corridors,470343,True,16,2,384
47,345,0.6925,detour,470344,True,35,2,365
47,346,0.6922,room,470345,True,21,2,379
47,347,0.6919,corridors,470346,True,23,2,377
47,348,0.6916,detour,470347,False,120,0,-120
47,349,0.6913,room,470348,True,8,2,392
47,350,0.6909,corridors,470349,True,26,2,374
47,351,0.6906,detour,470350,True,58,2,342
47,352,0.6903,room,470351,True,46,2,354
47,353,0.69,corridors,470352,True,36,2,364
47,354,0.6897,detour,470353,True,24,2,376
47,355,0.6894,room,470354,True,25,2,375
47,356,0.6891,corridors,470355,True,17,2,383
47,357,0.6887,detour,470356,True,28,2,372
47,358,0.6884,room,470357,True,6,2,394
47,359,0.6881,corridors,470358,True,45,2,355
47,360,0.6878,detour,470359,True,5,2,395
47,361,0.6875,room,470360,True,21,2,379
47,362,0.6872,corridors,470361,True,57,2,343
47,363,0.6869,detour,470362,True,41,2,359
47,364,0.6866,room,470363,True,13,2,387
47,365,0.6863,corridors,470364,True,34,2,366
47,366,0.6859,detour,470365,True,54,2,346
47,367,0.6856,room,470366,True,39,2,361
47,368,0.6853,corridors,470367,True,40,2,360
47,369,0.685,detour,470368,True,21,2,379
47,370,0.6847,room,470369,True,46,2,354
47,371,0.6844,corridors,470370,True,31,2,369
47,372,0.6841,detour,470371,True,93,2,307
47,373,0.6838,room,470372,True,9,2,391
47,374,0.6834,corridors,470373,True,29,2,371
47,375,0.6831,detour,470374,True,50,2,350
47,376,0.6828,room,470375,True,38,2,362
47,377,0.6825,corridors,470376,True,46,2,354
47,378,0.6822,detour,470377,True,44,2,356
47,379,0.6819,room,470378,True,16,2,384
47,380,0.6816,corridors,470379,True,22,2,378
47,381,0.6813,detour,470380,True,11,2,389
47,382,0.6809,room,470381,True,11,2,389
47,383,0.6806,corridors,470382,True,33,2,367
47,384,0.6803,detour,470383,True,47,2,353
47,385,0.68,room,470384,True,24,2,376
47,386,0.6797,corridors,470385,True,33,2,367
47,387,0.6794,detour,470386,True,15,2,385
47,388,0.6791,room,470387,True,15,2,385
47,389,0.6788,corridors,470388,True,12,2,388
47,390,0.6784,detour,470389,True,13,2,387
47,391,0.6781,room,470390,True,37,2,363
47,392,0.6778,corridors,470391,True,65,2,335
47,393,0.6775,detour,470392,True,25,2,375
47,394,0.6772,room,470393,True,6,2,394
47,395,0.6769,corridors,470394,True,72,2,328
47,396,0.6766,detour,470395,True,59,2,341
47,397,0.6763,room,470396,True,19,2,381
47,398,0.6759,corridors,470397,True,13,2,387
47,399,0.6756,detour,470398,True,28,2,372
47,400,0.6753,room,470399,True,10,2,390
47,401,0.675,corridors,470400,True,19,2,381
47,402,0.6747,detour,470401,True,35,2,365
47,403,0.6744,room,470402,True,59,2,341
47,404,0.6741,corridors,470403,True,30,2,370
47,405,0.6738,detour,470404,True,76,2,324
47,406,0.6734,room,470405,True,12,2,388
47,407,0.6731,corridors,470406,True,11,2,389
47,408,0.6728,detour,470407,True,69,2,331
47,409,0.6725,room,470408,True,31,2,369
47,410,0.6722,corridors,470409,True,26,2,374
47,411,0.6719,detour,470410,True,10,2,390
47,412,0.6716,room,470411,True,12,2,388
47,413,0.6713,corridors,470412,True,79,2,321
47,414,0.6709,detour,470413,True,83,2,317
47,415,0.6706,room,470414,True,8,2,392
47,416,0.6703,corridors,470415,True,14,2,386
47,417,0.67,detour,470416,True,20,2,380
47,418,0.6697,room,470417,True,37,2,363
47,419,0.6694,corridors,470418,True,21,2,379
47,420,0.6691,detour,470419,True,41,2,359
47,421,0.6688,room,470420,True,9,2,391
47,422,0.6684,corridors,470421,True,11,2,389
47,423,0.6681,detour,470422,True,29,2,371
47,424,0.6678,room,470423,True,12,2,388
47,425,0.6675,corridors,470424,True,7,2,393
47,426,0.6672,detour,470425,True,41,2,359
47,427,0.6669,room,470426,True,22,2,378
47,428,0.6666,corridors,470427,True,58,2,342
47,429,0.6663,detour,470428,True,11,2,389
47,430,0.6659,room,470429,True,10,2,390
47,431,0.6656,corridors,470430,True,53,2,347
47,432,0.6653,detour,470431,True,13,2,387
47,433,0.665,room,470432,True,56,2,344
47,434,0.6647,corridors,470433,True,51,2,349
47,435,0.6644,detour,470434,True,57,2,343
47,436,0.6641,room,470435,True,21,2,379
47,437,0.6638,corridors,470436,True,37,2,363
47,438,0.6634,detour,470437,True,14,2,386
47,439,0.6631,room,470438,True,35,2,365
47,440,0.6628,corridors,470439,True,35,2,365
47,441,0.6625,detour,470440,True,22,2,378
47,442,0.6622,room,470441,True,33,2,367
47,443,0.6619,corridors,470442,True,73,2,327
47,444,0.6616,detour,470443,True,8,2,392
47,445,0.6613,room,470444,True,28,2,372
47,446,0.6609,corridors,470445,True,13,2,387
47,447,0.6606,detour,470446,True,36,2,364
47,448,0.6603,room,470447,True,46,2,354
47,449,0.66,corridors,470448,True,2,2,398
47,450,0.6597,detour,470449,True,42,2,358
47,451,0.6594,room,470450,True,14,2,386
47,452,0.6591,corridors,470451,True,16,2,384
47,453,0.6588,detour,470452,True,36,2,364
47,454,0.6584,room,470453,True,29,2,371
47,455,0.6581,corridors,470454,True,70,2,330
47,456,0.6578,detour,470455,True,37,2,363
47,457,0.6575,room,470456,True,47,2,353
47,458,0.6572,corridors,470457,True,34,2,366
47,459,0.6569,detour,470458,True,32,2,368
47,460,0.6566,room,470459,True,25,2,375
47,461,0.6562,corridors,470460,True,5,2,395
47,462,0.6559,detour,470461,True,34,2,366
47,463,0.6556,room,470462,True,16,2,384
47,464,0.6553,corridors,470463,True,6,2,394
47,465,0.655,detour,470464,True,27,2,373
47,466,0.6547,room,470465,True,45,2,355
47,467,0.6544,corridors,470466,True,28,2,372
47,468,0.6541,detour,470467,True,30,2,370
47,469,0.6538,room,470468,True,15,2,385
47,470,0.6534,corridors,470469,True,24,2,376
47,471,0.6531,detour,470470,True,42,2,358
47,472,0.6528,room,470471,True,37,2,363
47,473,0.6525,corridors,470472,True,117,2,283
47,474,0.6522,detour,470473,True,17,2,383
47,475,0.6519,room,470474,True,21,2,379
47,476,0.6516,corridors,470475,True,18,2,382
47,477,0.6513,detour,470476,True,48,2,352
47,478,0.6509,room,470477,True,46,2,354
47,479,0.6506,corridors,470478,True,35,2,365
47,480,0.6503,detour,470479,True,51,2,349
47,481,0.65,room,470480,True,15,2,385
47,482,0.6497,corridors,470481,True,10,2,390
47,483,0.6494,detour,470482,True,85,2,315
47,484,0.6491,room,470483,True,50,2,350
47,485,0.6488,corridors,470484,True,15,2,385
47,486,0.6484,detour,470485,True,33,2,367
47,487,0.6481,room,470486,True,36,2,364
47,488,0.6478,corridors,470487,True,12,2,388
47,489,0.6475,detour,470488,True,40,2,360
47,490,0.6472,room,470489,True,19,2,381
47,491,0.6469,corridors,470490,True,3,2,397
47,492,0.6466,detour,470491,True,4,2,396
47,493,0.6462,room,470492,True,46,2,354
47,494,0.6459,corridors,470493,True,43,2,357
47,495,0.6456,detour,470494,True,33,2,367
47,496,0.6453,room,470495,True,37,2,363
47,497,0.645,corridors,470496,True,42,2,358
47,498,0.6447,detour,470497,True,10,2,390
47,499,0.6444,room,470498,True,40,2,360
47,500,0.6441,corridors,470499,True,21,2,379
47,501,0.6438,detour,470500,True,68,2,332
47,502,0.6434,room,470501,True,73,2,327
47,503,0.6431,corridors,470502,True,33,2,367
47,504,0.6428,detour,470503,True,15,2,385
47,505,0.6425,room,470504,True,47,2,353
47,506,0.6422,corridors,470505,True,13,2,387
47,507,0.6419,detour,470506,True,59,2,341
47,508,0.6416,room,470507,True,18,2,382
47,509,0.6413,corridors,470508,True,13,2,387
47,510,0.6409,detour,470509,True,22,2,378
47,511,0.6406,room,470510,True,6,2,394
47,512,0.6403,corridors,470511,True,57,2,343
47,513,0.64,detour,470512,True,50,2,350
47,514,0.6397,room,470513,True,15,2,385
47,515,0.6394,corridors,470514,True,61,2,339
47,516,0.6391,detour,470515,True,17,2,383
47,517,0.6388,room,470516,True,33,2,367
47,518,0.6384,corridors,470517,True,25,2,375
47,519,0.6381,detour,470518,True,49,2,351
47,520,0.6378,room,470519,True,28,2,372
47,521,0.6375,corridors,470520,True,19,2,381
47,522,0.6372,detour,470521,True,36,2,364
47,523,0.6369,room,470522,True,19,2,381
47,524,0.6366,corridors,470523,True,4,2,396
47,525,0.6362,detour,470524,True,43,2,357
47,526,0.6359,room,470525,True,18,2,382
47,527,0.6356,corridors,470526,True,34,2,366
47,528,0.6353,detour,470527,True,23,2,377
47,529,0.635,room,470528,True,48,2,352
47,530,0.6347,corridors,470529,True,13,2,387
47,531,0.6344,detour,470530,True,11,2,389
47,532,0.6341,room,470531,True,38,2,362
47,533,0.6338,corridors,470532,True,26,2,374
47,534,0.6334,detour,470533,True,36,2,364
47,535,0.6331,room,470534,True,18,2,382
47,536,0.6328,corridors,470535,True,30,2,370
47,537,0.6325,detour,470536,True,2,2,398
47,538,0.6322,room,470537,True,22,2,378
47,539,0.6319,corridors,470538,True,56,2,344
47,540,0.6316,detour,470539,True,52,2,348
47,541,0.6313,room,470540,True,3,2,397
47,542,0.6309,corridors,470541,True,14,2,386
47,543,0.6306,detour,470542,True,22,2,378
47,544,0.6303,room,470543,True,17,2,383
47,545,0.63,corridors,470544,True,37,2,363
47,546,0.6297,detour,470545,True,30,2,370
47,547,0.6294,room,470546,True,5,2,395
47,548,0.6291,corridors,470547,True,39,2,361
47,549,0.6288,detour,470548,True,31,2,369
47,550,0.6284,room,470549,True,11,2,389
47,551,0.6281,corridors,470550,True,13,2,387
47,552,0.6278,detour,470551,True,18,2,382
47,553,0.6275,room,470552,True,47,2,353
47,554,0.6272,corridors,470553,True,17,2,383
47,555,0.6269,detour,470554,True,28,2,372
47,556,0.6266,room,470555,True,12,2,388
47,557,0.6263,corridors,470556,True,27,2,373
47,558,0.6259,detour,470557,True,47,2,353
47,559,0.6256,room,470558,True,18,2,382
47,560,0.6253,corridors,470559,True,16,2,384
47,561,0.625,detour,470560,True,15,2,385
47,562,0.6247,room,470561,True,41,2,359
47,563,0.6244,corridors,470562,True,13,2,387
47,564,0.6241,detour,470563,True,65,2,335
47,565,0.6238,room,470564,True,26,2,374
47,566,0.6234,corridors,470565,True,13,2,387
47,567,0.6231,detour,470566,True,15,2,385
47,568,0.6228,room,470567,True,14,2,386
47,569,0.6225,corridors,470568,True,25,2,375
47,570,0.6222,detour,470569,True,17,2,383
47,571,0.6219,room,470570,True,21,2,379
47,572,0.6216,corridors,470571,True,10,2,390
47,573,0.6213,detour,470572,True,37,2,363
47,574,0.6209,room,470573,True,18,2,382
47,575,0.6206,corridors,470574,True,26,2,374
47,576,0.6203,detour,470575,True,28,2,372
47,577,0.62,room,470576,True,8,2,392
47,578,0.6197,corridors,470577,True,34,2,366
47,579,0.6194,detour,470578,True,11,2,389
47,580,0.6191,room,470579,True,7,2,393
47,581,0.6188,corridors,470580,True,17,2,383
47,582,0.6184,detour,470581,True,13,2,387
47,583,0.6181,room,470582,True,6,2,394
47,584,0.6178,corridors,470583,True,50,2,350
47,585,0.6175,detour,470584,True,28,2,372
47,586,0.6172,room,470585,True,17,2,383
47,587,0.6169,corridors,470586,True,42,2,358
47,588,0.6166,detour,470587,True,17,2,383
47,589,0.6163,room,470588,True,20,2,380
47,590,0.6159,corridors,470589,True,15,2,385
47,591,0.6156,detour,470590,True,10,2,390
47,592,0.6153,room,470591,True,17,2,383
47,593,0.615,corridors,470592,True,14,2,386
47,594,0.6147,detour,470593,True,15,2,385
47,595,0.6144,room,470594,True,26,2,374
47,596,0.6141,corridors,470595,True,23,2,377
47,597,0.6138,detour,470596,True,21,2,379
47,598,0.6134,room,470597,True,51,2,349
47,599,0.6131,corridors,470598,True,20,2,380
47,600,0.6128,detour,470599,True,22,2,378
47,601,0.6125,room,470600,True,19,2,381
47,602,0.6122,corridors,470601,True,22,2,378
47,603,0.6119,detour,470602,True,31,2,369
47,604,0.6116,room,470603,True,28,2,372
47,605,0.6113,corridors,470604,True,48,2,352
47,606,0.6109,detour,470605,True,29,2,371
47,607,0.6106,room,470606,True,19,2,381
47,608,0.6103,corridors,470607,True,40,2,360
47,609,0.61,detour,470608,True,32,2,368
47,610,0.6097,room,470609,True,25,2,375
47,611,0.6094,corridors,470610,True,21,2,379
47,612,0.6091,detour,470611,True,8,2,392
47,613,0.6088,room,470612,True,8,2,392
47,614,0.6084,corridors,470613,True,14,2,386
47,615,0.6081,detour,470614,True,18,2,382
47,616,0.6078,room,470615,True,8,2,392
47,617,0.6075,corridors,470616,True,10,2,390
47,618,0.6072,detour,470617,True,12,2,388
47,619,0.6069,room,470618,True,25,2,375
47,620,0.6066,corridors,470619,True,4,2,396
47,621,0.6062,detour,470620,True,16,2,384
47,622,0.6059,room,470621,True,25,2,375
47,623,0.6056,corridors,470622,True,67,2,333
47,624,0.6053,detour,470623,True,11,2,389
47,625,0.605,room,470624,True,28,2,372
47,626,0.6047,corridors,470625,True,34,2,366
47,627,0.6044,detour,470626,True,19,2,381
47,628,0.6041,room,470627,True,13,2,387
47,629,0.6038,corridors,470628,True,92,2,308
47,630,0.6034,detour,470629,True,5,2,395
47,631,0.6031,room,470630,True,15,2,385
47,632,0.6028,corridors,470631,True,28,2,372
47,633,0.6025,detour,470632,True,44,2,356
47,634,0.6022,room,470633,True,48,2,352
47,635,0.6019,corridors,470634,True,17,2,383
47,636,0.6016,detour,470635,True,58,2,342
47,637,0.6013,room,470636,True,49,2,351
47,638,0.6009,corridors,470637,True,20,2,380
47,639,0.6006,detour,470638,True,51,2,349
47,640,0.6003,room,470639,True,22,2,378
47,641,0.6,corridors,470640,True,27,2,373
47,642,0.5997,detour,470641,True,21,2,379
47,643,0.5994,room,470642,True,10,2,390
47,644,0.5991,corridors,470643,True,25,2,375
47,645,0.5988,detour,470644,True,71,2,329
47,646,0.5984,room,470645,True,6,2,394
47,647,0.5981,corridors,470646,True,21,2,379
47,648,0.5978,detour,470647,True,31,2,369
47,649,0.5975,room,470648,True,34,2,366
47,650,0.5972,corridors,470649,True,19,2,381
47,651,0.5969,detour,470650,True,23,2,377
47,652,0.5966,room,470651,True,45,2,355
47,653,0.5963,corridors,470652,True,45,2,355
47,654,0.5959,detour,470653,True,35,2,365
47,655,0.5956,room,470654,True,22,2,378
47,656,0.5953,corridors,470655,True,92,2,308
47,657,0.595,detour,470656,True,46,2,354
47,658,0.5947,room,470657,True,9,2,391
47,659,0.5944,corridors,470658,True,13,2,387
47,660,0.5941,detour,470659,True,81,2,319
47,661,0.5938,room,470660,True,33,2,367
47,662,0.5934,corridors,470661,True,38,2,362
47,663,0.5931,detour,470662,True,16,2,384
47,664,0.5928,room,470663,True,12,2,388
47,665,0.5925,corridors,470664,True,26,2,374
47,666,0.5922,detour,470665,True,85,2,315
47,667,0.5919,room,470666,True,12,2,388
47,668,0.5916,corridors,470667,True,16,2,384
47,669,0.5913,detour,470668,True,30,2,370
47,670,0.5909,room,470669,True,23,2,377
47,671,0.5906,corridors,470670,True,16,2,384
47,672,0.5903,detour,470671,True,22,2,378
47,673,0.59,room,470672,True,36,2,364
47,674,0.5897,corridors,470673,True,39,2,361
47,675,0.5894,detour,470674,True,37,2,363
47,676,0.5891,room,470675,True,15,2,385
47,677,0.5888,corridors,470676,True,56,2,344
47,678,0.5884,detour,470677,True,4,2,396
47,679,0.5881,room,470678,True,7,2,393
47,680,0.5878,corridors,470679,True,37,2,363
47,681,0.5875,detour,470680,True,42,2,358
47,682,0.5872,room,470681,True,32,2,368
47,683,0.5869,corridors,470682,True,38,2,362
47,684,0.5866,detour,470683,True,23,2,377
47,685,0.5863,room,470684,True,12,2,388
47,686,0.5859,corridors,470685,True,34,2,366
47,687,0.5856,detour,470686,True,29,2,371
47,688,0.5853,room,470687,True,5,2,395
47,689,0.585,corridors,470688,True,12,2,388
47,690,0.5847,detour,470689,True,18,2,382
47,691,0.5844,room,470690,True,21,2,379
47,692,0.5841,corridors,470691,True,14,2,386
47,693,0.5837,detour,470692,True,7,2,393
47,694,0.5834,room,470693,True,23,2,377
47,695,0.5831,corridors,470694,True,6,2,394
47,696,0.5828,detour,470695,True,19,2,381
47,697,0.5825,room,470696,True,12,2,388
47,698,0.5822,corridors,470697,True,19,2,381
47,699,0.5819,detour,470698,True,16,2,384
47,700,0.5816,room,470699,True,28,2,372
47,701,0.5813,corridors,470700,True,12,2,388
47,702,0.5809,detour,470701,True,18,2,382
47,703,0.5806,room,470702,True,29,2,371
47,704,0.5803,corridors,470703,True,104,2,296
47,705,0.58,detour,470704,True,11,2,389
47,706,0.5797,room,470705,True,45,2,355
47,707,0.5794,corridors,470706,True,40,2,360
47,708,0.5791,detour,470707,True,20,2,380
47,709,0.5788,room,470708,True,38,2,362
47,710,0.5784,corridors,470709,True,4,2,396
47,711,0.5781,detour,470710,True,5,2,395
47,712,0.5778,room,470711,True,25,2,375
47,713,0.5775,corridors,470712,True,14,2,386
47,714,0.5772,detour,470713,True,14,2,386
47,715,0.5769,room,470714,True,8,2,392
47,716,0.5766,corridors,470715,True,10,2,390
47,717,0.5763,detour,470716,True,26,2,374
47,718,0.5759,room,470717,True,5,2,395
47,719,0.5756,corridors,470718,True,15,2,385
47,720,0.5753,detour,470719,True,16,2,384
47,721,0.575,room,470720,True,31,2,369
47,722,0.5747,corridors,470721,True,36,2,364
47,723,0.5744,detour,470722,True,29,2,371
47,724,0.5741,room,470723,True,42,2,358
47,725,0.5737,corridors,470724,True,50,2,350
47,726,0.5734,detour,470725,True,35,2,365
47,727,0.5731,room,470726,True,8,2,392
47,728,0.5728,corridors,470727,True,24,2,376
47,729,0.5725,detour,470728,True,35,2,365
47,730,0.5722,room,470729,True,49,2,351
47,731,0.5719,corridors,470730,True,47,2,353
47,732,0.5716,detour,470731,True,16,2,384
47,733,0.5713,room,470732,True,21,2,379
47,734,0.5709,corridors,470733,True,23,2,377
47,735,0.5706,detour,470734,True,19,2,381
47,736,0.5703,room,470735,True,19,2,381
47,737,0.57,corridors,470736,True,31,2,369
47,738,0.5697,detour,470737,True,18,2,382
47,739,0.5694,room,470738,True,19,2,381
47,740,0.5691,corridors,470739,True,26,2,374
47,741,0.5688,detour,470740,True,67,2,333
47,742,0.5684,room,470741,True,36,2,364
47,743,0.5681,corridors,470742,True,37,2,363
47,744,0.5678,detour,470743,True,9,2,391
47,745,0.5675,room,470744,True,16,2,384
47,746,0.5672,corridors,470745,True,8,2,392
47,747,0.5669,detour,470746,True,24,2,376
47,748,0.5666,room,470747,True,16,2,384
47,749,0.5663,corridors,470748,True,26,2,374
47,750,0.5659,detour,470749,True,11,2,389
47,751,0.5656,room,470750,True,44,2,356
47,752,0.5653,corridors,470751,True,28,2,372
47,753,0.565,detour,470752,True,20,2,380
47,754,0.5647,room,470753,True,20,2,380
47,755,0.5644,corridors,470754,True,21,2,379
47,756,0.5641,detour,470755,True,21,2,379
47,757,0.5637,room,470756,True,25,2,375
47,758,0.5634,corridors,470757,True,43,2,357
47,759,0.5631,detour,470758,True,50,2,350
47,760,0.5628,room,470759,True,13,2,387
47,761,0.5625,corridors,470760,True,24,2,376
47,762,0.5622,detour,470761,True,20,2,380
47,763,0.5619,room,470762,True,40,2,360
47,764,0.5616,corridors,470763,True,40,2,360
47,765,0.5613,detour,470764,True,15,2,385
47,766,0.5609,room,470765,True,5,2,395
47,767,0.5606,corridors,470766,True,45,2,355
47,768,0.5603,detour,470767,True,19,2,381
47,769,0.56,room,470768,True,8,2,392
47,770,0.5597,corridors,470769,True,7,2,393
47,771,0.5594,detour,470770,True,57,2,343
47,772,0.5591,room,470771,True,14,2,386
47,773,0.5588,corridors,470772,True,10,2,390
47,774,0.5584,detour,470773,True,32,2,368
47,775,0.5581,room,470774,True,21,2,379
47,776,0.5578,corridors,470775,True,32,2,368
47,777,0.5575,detour,470776,True,20,2,380
47,778,0.5572,room,470777,True,9,2,391
47,779,0.5569,corridors,470778,True,9,2,391
47,780,0.5566,detour,470779,True,19,2,381
47,781,0.5563,room,470780,True,19,2,381
47,782,0.5559,corridors,470781,True,24,2,376
47,783,0.5556,detour,470782,True,28,2,372
47,784,0.5553,room,470783,True,5,2,395
47,785,0.555,corridors,470784,True,11,2,389
47,786,0.5547,detour,470785,True,17,2,383
47,787,0.5544,room,470786,True,17,2,383
47,788,0.5541,corridors,470787,True,44,2,356
47,789,0.5538,detour,470788,True,14,2,386
47,790,0.5534,room,470789,True,28,2,372
47,791,0.5531,corridors,470790,True,17,2,383
47,792,0.5528,detour,470791,True,27,2,373
47,793,0.5525,room,470792,True,17,2,383
47,794,0.5522,corridors,470793,True,82,2,318
47,795,0.5519,detour,470794,True,5,2,395
47,796,0.5516,room,470795,True,16,2,384
47,797,0.5513,corridors,470796,True,16,2,384
47,798,0.5509,detour,470797,True,23,2,377
47,799,0.5506,room,470798,True,7,2,393
47,800,0.5503,corridors,470799,True,37,2,363
47,801,0.55,detour,470800,True,24,2,376
47,802,0.5497,room,470801,True,20,2,380
47,803,0.5494,corridors,470802,True,10,2,390
47,804,0.5491,detour,470803,True,11,2,389
47,805,0.5488,room,470804,True,21,2,379
47,806,0.5484,corridors,470805,True,14,2,386
47,807,0.5481,detour,470806,True,17,2,383
47,808,0.5478,room,470807,True,34,2,366
47,809,0.5475,corridors,470808,True,9,2,391
47,810,0.5472,detour,470809,True,19,2,381
47,811,0.5469,room,470810,True,19,2,381
47,812,0.5466,corridors,470811,True,20,2,380
47,813,0.5463,detour,470812,True,33,2,367
47,814,0.5459,room,470813,True,10,2,390
47,815,0.5456,corridors,470814,True,67,2,333
47,816,0.5453,detour,470815,True,17,2,383
47,817,0.545,room,470816,True,7,2,393
47,818,0.5447,corridors,470817,True,25,2,375
47,819,0.5444,detour,470818,True,10,2,390
47,820,0.5441,room,470819,True,7,2,393
47,821,0.5438,corridors,470820,True,19,2,381
47,822,0.5434,detour,470821,True,10,2,390
47,823,0.5431,room,470822,True,17,2,383
47,824,0.5428,corridors,470823,True,43,2,357
47,825,0.5425,detour,470824,True,69,2,331
47,826,0.5422,room,470825,True,18,2,382
47,827,0.5419,corridors,470826,True,35,2,365
47,828,0.5416,detour,470827,True,19,2,381
47,829,0.5413,room,470828,True,25,2,375
47,830,0.5409,corridors,470829,True,6,2,394
47,831,0.5406,detour,470830,True,3,2,397
47,832,0.5403,room,470831,True,2,2,398
47,833,0.54,corridors,470832,True,30,2,370
47,834,0.5397,detour,470833,True,13,2,387
47,835,0.5394,room,470834,True,8,2,392
47,836,0.5391,corridors,470835,True,18,2,382
47,837,0.5388,detour,470836,True,4,2,396
47,838,0.5384,room,470837,True,7,2,393
47,839,0.5381,corridors,470838,True,14,2,386
47,840,0.5378,detour,470839,True,55,2,345
47,841,0.5375,room,470840,True,23,2,377
47,842,0.5372,corridors,470841,True,34,2,366
47,843,0.5369,detour,470842,True,29,2,371
47,844,0.5366,room,470843,True,38,2,362
47,845,0.5363,corridors,470844,True,21,2,379
47,846,0.5359,detour,470845,True,27,2,373
47,847,0.5356,room,470846,True,17,2,383
47,848,0.5353,corridors,470847,True,9,2,391
47,849,0.535,detour,470848,True,11,2,389
47,850,0.5347,room,470849,True,8,2,392
47,851,0.5344,corridors,470850,True,41,2,359
47,852,0.5341,detour,470851,True,36,2,364
47,853,0.5338,room,470852,True,9,2,391
47,854,0.5334,corridors,470853,True,9,2,391
47,855,0.5331,detour,470854,True,31,2,369
47,856,0.5328,room,470855,True,11,2,389
47,857,0.5325,corridors,470856,True,32,2,368
47,858,0.5322,detour,470857,True,12,2,388
47,859,0.5319,room,470858,True,18,2,382
47,860,0.5316,corridors,470859,True,26,2,374
47,861,0.5312,detour,470860,True,28,2,372
47,862,0.5309,room,470861,True,18,2,382
47,863,0.5306,corridors,470862,True,15,2,385
47,864,0.5303,detour,470863,True,34,2,366
47,865,0.53,room,470864,True,21,2,379
47,866,0.5297,corridors,470865,True,6,2,394
47,867,0.5294,detour,470866,True,24,2,376
47,868,0.5291,room,470867,True,15,2,385
47,869,0.5288,corridors,470868,True,29,2,371
47,870,0.5284,detour,470869,True,29,2,371
47,871,0.5281,room,470870,True,11,2,389
47,872,0.5278,corridors,470871,True,13,2,387
47,873,0.5275,detour,470872,True,9,2,391
47,874,0.5272,room,470873,True,17,2,383
47,875,0.5269,corridors,470874,True,41,2,359
47,876,0.5266,detour,470875,True,27,2,373
47,877,0.5263,room,470876,True,17,2,383
47,878,0.5259,corridors,470877,True,3,2,397
47,879,0.5256,detour,470878,True,14,2,386
47,880,0.5253,room,470879,True,10,2,390
47,881,0.525,corridors,470880,True,5,2,395
47,882,0.5247,detour,470881,True,48,2,352
47,883,0.5244,room,470882,True,23,2,377
47,884,0.5241,corridors,470883,True,26,2,374
47,885,0.5238,detour,470884,True,15,2,385
47,886,0.5234,room,470885,True,14,2,386
47,887,0.5231,corridors,470886,True,17,2,383
47,888,0.5228,detour,470887,True,44,2,356
47,889,0.5225,room,470888,True,19,2,381
47,890,0.5222,corridors,470889,True,15,2,385
47,891,0.5219,detour,470890,True,11,2,389
47,892,0.5216,room,470891,True,26,2,374
47,893,0.5212,corridors,470892,True,13,2,387
47,894,0.5209,detour,470893,True,15,2,385
47,895,0.5206,room,470894,True,15,2,385
47,896,0.5203,corridors,470895,True,14,2,386
47,897,0.52,detour,470896,True,34,2,366
47,898,0.5197,room,470897,True,12,2,388
47,899,0.5194,corridors,470898,True,19,2,381
47,900,0.5191,detour,470899,True,14,2,386
47,901,0.5188,room,470900,True,12,2,388
47,902,0.5184,corridors,470901,True,32,2,368
47,903,0.5181,detour,470902,True,56,2,344
47,904,0.5178,room,470903,True,27,2,373
47,905,0.5175,corridors,470904,True,13,2,387
47,906,0.5172,detour,470905,True,9,2,391
47,907,0.5169,room,470906,True,14,2,386
47,908,0.5166,corridors,470907,True,30,2,370
47,909,0.5163,detour,470908,True,20,2,380
47,910,0.5159,room,470909,True,18,2,382
47,911,0.5156,corridors,470910,True,29,2,371
47,912,0.5153,detour,470911,True,9,2,391
47,913,0.515,room,470912,True,12,2,388
47,914,0.5147,corridors,470913,True,24,2,376
47,915,0.5144,detour,470914,True,30,2,370
47,916,0.5141,room,470915,True,10,2,390
47,917,0.5138,corridors,470916,True,21,2,379
47,918,0.5134,detour,470917,True,27,2,373
47,919,0.5131,room,470918,True,5,2,395
47,920,0.5128,corridors,470919,True,13,2,387
47,921,0.5125,detour,470920,True,21,2,379
47,922,0.5122,room,470921,True,13,2,387
47,923,0.5119,corridors,470922,True,19,2,381
47,924,0.5116,detour,470923,True,19,2,381
47,925,0.5112,room,470924,True,9,2,391
47,926,0.5109,corridors,470925,True,24,2,376
47,927,0.5106,detour,470926,True,36,2,364
47,928,0.5103,room,470927,True,12,2,388
47,929,0.51,corridors,470928,True,34,2,366
47,930,0.5097,detour,470929,True,18,2,382
47,931,0.5094,room,470930,True,25,2,375
47,932,0.5091,corridors,470931,True,24,2,376
47,933,0.5088,detour,470932,True,14,2,386
47,934,0.5084,room,470933,True,11,2,389
47,935,0.5081,corridors,470934,True,29,2,371
47,936,0.5078,detour,470935,True,13,2,387
47,937,0.5075,room,470936,True,24,2,376
47,938,0.5072,corridors,470937,True,22,2,378
47,939,0.5069,detour,470938,True,26,2,374
47,940,0.5066,room,470939,True,26,2,374
47,941,0.5063,corridors,470940,True,10,2,390
47,942,0.5059,detour,470941,True,31,2,369
47,943,0.5056,room,470942,True,14,2,386
47,944,0.5053,corridors,470943,True,40,2,360
47,945,0.505,detour,470944,True,36,2,364
47,946,0.5047,room,470945,True,15,2,385
47,947,0.5044,corridors,470946,True,17,2,383
47,948,0.5041,detour,470947,True,12,2,388
47,949,0.5038,room,470948,True,24,2,376
47,950,0.5034,corridors,470949,True,20,2,380
47,951,0.5031,detour,470950,True,7,2,393
47,952,0.5028,room,470951,True,14,2,386
47,953,0.5025,corridors,470952,True,8,2,392
47,954,0.5022,detour,470953,True,13,2,387
47,955,0.5019,room,470954,True,9,2,391
47,956,0.5016,corridors,470955,True,30,2,370
47,957,0.5013,detour,470956,True,41,2,359
47,958,0.5009,room,470957,True,29,2,371
47,959,0.5006,corridors,470958,True,15,2,385
47,960,0.5003,detour,470959,True,23,2,377
47,961,0.5,room,470960,True,5,2,395
47,962,0.4997,corridors,470961,True,13,2,387
47,963,0.4994,detour,470962,True,7,2,393
47,964,0.4991,room,470963,True,14,2,386
47,965,0.4988,corridors,470964,True,25,2,375
47,966,0.4984,detour,470965,True,14,2,386
47,967,0.4981,room,470966,True,15,2,385
47,968,0.4978,corridors,470967,True,6,2,394
47,969,0.4975,detour,470968,True,27,2,373
47,970,0.4972,room,470969,True,10,2,390
47,971,0.4969,corridors,470970,True,11,2,389
47,972,0.4966,detour,470971,True,25,2,375
47,973,0.4963,room,470972,True,10,2,390
47,974,0.4959,corridors,470973,True,50,2,350
47,975,0.4956,detour,470974,True,9,2,391
47,976,0.4953,room,470975,True,9,2,391
47,977,0.495,corridors,470976,True,29,2,371
47,978,0.4947,detour,470977,True,36,2,364
47,979,0.4944,room,470978,True,10,2,390
47,980,0.4941,corridors,470979,True,10,2,390
47,981,0.4938,detour,470980,True,21,2,379
47,982,0.4934,room,470981,True,13,2,387
47,983,0.4931,corridors,470982,True,25,2,375
47,984,0.4928,detour,470983,True,21,2,379
47,985,0.4925,room,470984,True,8,2,392
47,986,0.4922,corridors,470985,True,21,2,379
47,987,0.4919,detour,470986,True,15,2,385
47,988,0.4916,room,470987,True,14,2,386
47,989,0.4913,corridors,470988,True,7,2,393
47,990,0.4909,detour,470989,True,6,2,394
47,991,0.4906,room,470990,True,29,2,371
47,992,0.4903,corridors,470991,True,19,2,381
47,993,0.49,detour,470992,True,4,2,396
47,994,0.4897,room,470993,True,5,2,395
47,995,0.4894,corridors,470994,True,22,2,378
47,996,0.4891,detour,470995,True,17,2,383
47,997,0.4888,room,470996,True,5,2,395
47,998,0.4884,corridors,470997,True,15,2,385
47,999,0.4881,detour,470998,True,27,2,373
47,1000,0.4878,room,470999,True,18,2,382
47,1001,0.4875,corridors,471000,True,11,2,389
47,1002,0.4872,detour,471001,True,29,2,371
47,1003,0.4869,room,471002,True,22,2,378
47,1004,0.4866,corridors,471003,True,16,2,384
47,1005,0.4863,detour,471004,True,10,2,390
47,1006,0.4859,room,471005,True,18,2,382
47,1007,0.4856,corridors,471006,True,21,2,379
47,1008,0.4853,detour,471007,True,22,2,378
47,1009,0.485,room,471008,True,19,2,381
47,1010,0.4847,corridors,471009,True,22,2,378
47,1011,0.4844,detour,471010,True,6,2,394
47,1012,0.4841,room,471011,True,11,2,389
47,1013,0.4838,corridors,471012,True,32,2,368
47,1014,0.4834,detour,471013,True,25,2,375
47,1015,0.4831,room,471014,True,24,2,376
47,1016,0.4828,corridors,471015,True,6,2,394
47,1017,0.4825,detour,471016,True,22,2,378
47,1018,0.4822,room,471017,True,15,2,385
47,1019,0.4819,corridors,471018,True,43,2,357
47,1020,0.4816,detour,471019,True,12,2,388
47,1021,0.4813,room,471020,True,20,2,380
47,1022,0.4809,corridors,471021,True,19,2,381
47,1023,0.4806,detour,471022,True,29,2,371
47,1024,0.4803,room,471023,True,11,2,389
47,1025,0.48,corridors,471024,True,26,2,374
47,1026,0.4797,detour,471025,True,17,2,383
47,1027,0.4794,room,471026,True,27,2,373
47,1028,0.4791,corridors,471027,True,11,2,389
47,1029,0.4788,detour,471028,True,21,2,379
47,1030,0.4784,room,471029,True,31,2,369
47,1031,0.4781,corridors,471030,True,19,2,381
47,1032,0.4778,detour,471031,True,8,2,392
47,1033,0.4775,room,471032,True,18,2,382
47,1034,0.4772,corridors,471033,True,28,2,372
47,1035,0.4769,detour,471034,True,15,2,385
47,1036,0.4766,room,471035,True,26,2,374
47,1037,0.4763,corridors,471036,True,36,2,364
47,1038,0.4759,detour,471037,True,17,2,383
47,1039,0.4756,room,471038,True,33,2,367
47,1040,0.4753,corridors,471039,True,9,2,391
47,1041,0.475,detour,471040,True,13,2,387
47,1042,0.4747,room,471041,True,16,2,384
47,1043,0.4744,corridors,471042,True,32,2,368
47,1044,0.4741,detour,471043,True,27,2,373
47,1045,0.4738,room,471044,True,18,2,382
47,1046,0.4734,corridors,471045,True,8,2,392
47,1047,0.4731,detour,471046,True,23,2,377
47,1048,0.4728,room,471047,True,16,2,384
47,1049,0.4725,corridors,471048,True,10,2,390
47,1050,0.4722,detour,471049,True,12,2,388
47,1051,0.4719,room,471050,True,31,2,369
47,1052,0.4716,corridors,471051,True,6,2,394
47,1053,0.4713,detour,471052,True,35,2,365
47,1054,0.4709,room,471053,True,15,2,385
47,1055,0.4706,corridors,471054,True,11,2,389
47,1056,0.4703,detour,471055,True,11,2,389
47,1057,0.47,room,471056,True,6,2,394
47,1058,0.4697,corridors,471057,True,8,2,392
47,1059,0.4694,detour,471058,True,11,2,389
47,1060,0.4691,room,471059,True,11,2,389
47,1061,0.4688,corridors,471060,True,30,2,370
47,1062,0.4684,detour,471061,True,19,2,381
47,1063,0.4681,room,471062,True,16,2,384
47,1064,0.4678,corridors,471063,True,12,2,388
47,1065,0.4675,detour,471064,True,25,2,375
47,1066,0.4672,room,471065,True,5,2,395
47,1067,0.4669,corridors,471066,True,18,2,382
47,1068,0.4666,detour,471067,True,21,2,379
47,1069,0.4663,room,471068,True,10,2,390
47,1070,0.4659,corridors,471069,True,38,2,362
47,1071,0.4656,detour,471070,True,11,2,389
47,1072,0.4653,room,471071,True,32,2,368
47,1073,0.465,corridors,471072,True,42,2,358
47,1074,0.4647,detour,471073,True,13,2,387
47,1075,0.4644,room,471074,True,20,2,380
47,1076,0.4641,corridors,471075,True,12,2,388
47,1077,0.4638,detour,471076,True,3,2,397
47,1078,0.4634,room,471077,True,17,2,383
47,1079,0.4631,corridors,471078,True,33,2,367
47,1080,0.4628,detour,471079,True,5,2,395
47,1081,0.4625,room,471080,True,5,2,395
47,1082,0.4622,corridors,471081,True,16,2,384
47,1083,0.4619,detour,471082,True,36,2,364
47,1084,0.4616,room,471083,True,12,2,388
47,1085,0.4613,corridors,471084,True,11,2,389
47,1086,0.4609,detour,471085,True,26,2,374
47,1087,0.4606,room,471086,True,8,2,392
47,1088,0.4603,corridors,471087,True,19,2,381
47,1089,0.46,detour,471088,True,35,2,365
47,1090,0.4597,room,471089,True,5,2,395
47,1091,0.4594,corridors,471090,True,23,2,377
47,1092,0.4591,detour,471091,True,9,2,391
47,1093,0.4588,room,471092,True,25,2,375
47,1094,0.4584,corridors,471093,True,18,2,382
47,1095,0.4581,detour,471094,True,27,2,373
47,1096,0.4578,room,471095,True,10,2,390
47,1097,0.4575,corridors,471096,True,15,2,385
47,1098,0.4572,detour,471097,True,4,2,396
47,1099,0.4569,room,471098,True,20,2,380
47,1100,0.4566,corridors,471099,True,22,2,378
47,1101,0.4563,detour,471100,True,3,2,397
47,1102,0.4559,room,471101,True,23,2,377
47,1103,0.4556,corridors,471102,True,12,2,388
47,1104,0.4553,detour,471103,True,33,2,367
47,1105,0.455,room,471104,True,10,2,390
47,1106,0.4547,corridors,471105,True,9,2,391
47,1107,0.4544,detour,471106,True,12,2,388
47,1108,0.4541,room,471107,True,6,2,394
47,1109,0.4538,corridors,471108,True,34,2,366
47,1110,0.4534,detour,471109,True,13,2,387
47,1111,0.4531,room,471110,True,12,2,388
47,1112,0.4528,corridors,471111,True,39,2,361
47,1113,0.4525,detour,471112,True,13,2,387
47,1114,0.4522,room,471113,True,6,2,394
47,1115,0.4519,corridors,471114,True,3,2,397
47,1116,0.4516,detour,471115,True,32,2,368
47,1117,0.4513,room,471116,True,9,2,391
47,1118,0.4509,corridors,471117,True,10,2,390
47,1119,0.4506,detour,471118,True,20,2,380
47,1120,0.4503,room,471119,True,10,2,390
47,1121,0.45,corridors,471120,True,8,2,392
47,1122,0.4497,detour,471121,True,15,2,385
47,1123,0.4494,room,471122,True,14,2,386
47,1124,0.4491,corridors,471123,True,11,2,389
47,1125,0.4488,detour,471124,True,23,2,377
47,1126,0.4484,room,471125,True,12,2,388
47,1127,0.4481,corridors,471126,True,36,2,364
47,1128,0.4478,detour,471127,True,7,2,393
47,1129,0.4475,room,471128,True,10,2,390
47,1130,0.4472,corridors,471129,True,24,2,376
47,1131,0.4469,detour,471130,True,8,2,392
47,1132,0.4466,room,471131,True,17,2,383
47,1133,0.4463,corridors,471132,True,25,2,375
47,1134,0.4459,detour,471133,True,45,2,355
47,1135,0.4456,room,471134,True,12,2,388
47,1136,0.4453,corridors,471135,True,5,2,395
47,1137,0.445,detour,471136,True,19,2,381
47,1138,0.4447,room,471137,True,31,2,369
47,1139,0.4444,corridors,471138,True,14,2,386
47,1140,0.4441,detour,471139,True,23,2,377
47,1141,0.4438,room,471140,True,24,2,376
47,1142,0.4434,corridors,471141,True,12,2,388
47,1143,0.4431,detour,471142,True,28,2,372
47,1144,0.4428,room,471143,True,21,2,379
47,1145,0.4425,corridors,471144,True,15,2,385
47,1146,0.4422,detour,471145,True,7,2,393
47,1147,0.4419,room,471146,True,13,2,387
47,1148,0.4416,corridors,471147,True,12,2,388
47,1149,0.4413,detour,471148,True,16,2,384
47,1150,0.4409,room,471149,True,4,2,396
47,1151,0.4406,corridors,471150,True,11,2,389
47,1152,0.4403,detour,471151,True,27,2,373
47,1153,0.44,room,471152,True,28,2,372
47,1154,0.4397,corridors,471153,True,13,2,387
47,1155,0.4394,detour,471154,True,31,2,369
47,1156,0.4391,room,471155,True,22,2,378
47,1157,0.4388,corridors,471156,True,7,2,393
47,1158,0.4384,detour,471157,True,27,2,373
47,1159,0.4381,room,471158,True,16,2,384
47,1160,0.4378,corridors,471159,True,19,2,381
47,1161,0.4375,detour,471160,True,10,2,390
47,1162,0.4372,room,471161,True,12,2,388
47,1163,0.4369,corridors,471162,True,12,2,388
47,1164,0.4366,detour,471163,True,32,2,368
47,1165,0.4363,room,471164,True,9,2,391
47,1166,0.4359,corridors,471165,True,8,2,392
47,1167,0.4356,detour,471166,True,15,2,385
47,1168,0.4353,room,471167,True,7,2,393
47,1169,0.435,corridors,471168,True,20,2,380
47,1170,0.4347,detour,471169,True,29,2,371
47,1171,0.4344,room,471170,True,20,2,380
47,1172,0.4341,corridors,471171,True,18,2,382
47,1173,0.4338,detour,471172,True,7,2,393
47,1174,0.4334,room,471173,True,6,2,394
47,1175,0.4331,corridors,471174,True,25,2,375
47,1176,0.4328,detour,471175,True,8,2,392
47,1177,0.4325,room,471176,True,11,2,389
47,1178,0.4322,corridors,471177,True,23,2,377
47,1179,0.4319,detour,471178,True,16,2,384
47,1180,0.4316,room,471179,True,13,2,387
47,1181,0.4313,corridors,471180,True,16,2,384
47,1182,0.4309,detour,471181,True,26,2,374
47,1183,0.4306,room,471182,True,15,2,385
47,1184,0.4303,corridors,471183,True,15,2,385
47,1185,0.43,detour,471184,True,20,2,380
47,1186,0.4297,room,471185,True,15,2,385
47,1187,0.4294,corridors,471186,True,15,2,385
47,1188,0.4291,detour,471187,True,9,2,391
47,1189,0.4288,room,471188,True,6,2,394
47,1190,0.4284,corridors,471189,True,4,2,396
47,1191,0.4281,detour,471190,True,26,2,374
47,1192,0.4278,room,471191,True,35,2,365
47,1193,0.4275,corridors,471192,True,28,2,372
47,1194,0.4272,detour,471193,True,8,2,392
47,1195,0.4269,room,471194,True,15,2,385
47,1196,0.4266,corridors,471195,True,17,2,383
47,1197,0.4263,detour,471196,True,14,2,386
47,1198,0.4259,room,471197,True,22,2,378
47,1199,0.4256,corridors,471198,True,18,2,382
47,1200,0.4253,detour,471199,True,21,2,379
47,1201,0.425,room,471200,True,15,2,385
47,1202,0.4247,corridors,471201,True,18,2,382
47,1203,0.4244,detour,471202,True,11,2,389
47,1204,0.4241,room,471203,True,17,2,383
47,1205,0.4238,corridors,471204,True,13,2,387
47,1206,0.4234,detour,471205,True,14,2,386
47,1207,0.4231,room,471206,True,21,2,379
47,1208,0.4228,corridors,471207,True,20,2,380
47,1209,0.4225,detour,471208,True,20,2,380
47,1210,0.4222,room,471209,True,18,2,382
47,1211,0.4219,corridors,471210,True,20,2,380
47,1212,0.4216,detour,471211,True,15,2,385
47,1213,0.4213,room,471212,True,18,2,382
47,1214,0.4209,corridors,471213,True,22,2,378
47,1215,0.4206,detour,471214,True,14,2,386
47,1216,0.4203,room,471215,True,11,2,389
47,1217,0.42,corridors,471216,True,19,2,381
47,1218,0.4197,detour,471217,True,10,2,390
47,1219,0.4194,room,471218,True,19,2,381
47,1220,0.4191,corridors,471219,True,12,2,388
47,1221,0.4188,detour,471220,True,34,2,366
47,1222,0.4184,room,471221,True,15,2,385
47,1223,0.4181,corridors,471222,True,9,2,391
47,1224,0.4178,detour,471223,True,19,2,381
47,1225,0.4175,room,471224,True,5,2,395
47,1226,0.4172,corridors,471225,True,7,2,393
47,1227,0.4169,detour,471226,True,16,2,384
47,1228,0.4166,room,471227,True,7,2,393
47,1229,0.4163,corridors,471228,True,22,2,378
47,1230,0.4159,detour,471229,True,16,2,384
47,1231,0.4156,room,471230,True,7,2,393
47,1232,0.4153,corridors,471231,True,16,2,384
47,1233,0.415,detour,471232,True,19,2,381
47,1234,0.4147,room,471233,True,9,2,391
47,1235,0.4144,corridors,471234,True,18,2,382
47,1236,0.4141,detour,471235,True,19,2,381
47,1237,0.4138,room,471236,True,12,2,388
47,1238,0.4134,corridors,471237,True,11,2,389
47,1239,0.4131,detour,471238,True,30,2,370
47,1240,0.4128,room,471239,True,7,2,393
47,1241,0.4125,corridors,471240,True,24,2,376
47,1242,0.4122,detour,471241,True,29,2,371
47,1243,0.4119,room,471242,True,18,2,382
47,1244,0.4116,corridors,471243,True,11,2,389
47,1245,0.4113,detour,471244,True,25,2,375
47,1246,0.4109,room,471245,True,9,2,391
47,1247,0.4106,corridors,471246,True,7,2,393
47,1248,0.4103,detour,471247,True,9,2,391
47,1249,0.41,room,471248,True,17,2,383
47,1250,0.4097,corridors,471249,True,22,2,378
47,1251,0.4094,detour,471250,True,9,2,391
47,1252,0.4091,room,471251,True,23,2,377
47,1253,0.4088,corridors,471252,True,27,2,373
47,1254,0.4084,detour,471253,True,11,2,389
47,1255,0.4081,room,471254,True,8,2,392
47,1256,0.4078,corridors,471255,True,4,2,396
47,1257,0.4075,detour,471256,True,25,2,375
47,1258,0.4072,room,471257,True,15,2,385
47,1259,0.4069,corridors,471258,True,8,2,392
47,1260,0.4066,detour,471259,True,15,2,385
47,1261,0.4062,room,471260,True,17,2,383
47,1262,0.4059,corridors,471261,True,23,2,377
47,1263,0.4056,detour,471262,True,16,2,384
47,1264,0.4053,room,471263,True,18,2,382
47,1265,0.405,corridors,471264,True,6,2,394
47,1266,0.4047,detour,471265,True,18,2,382
47,1267,0.4044,room,471266,True,13,2,387
47,1268,0.4041,corridors,471267,True,24,2,376
47,1269,0.4038,detour,471268,True,14,2,386
47,1270,0.4034,room,471269,True,7,2,393
47,1271,0.4031,corridors,471270,True,24,2,376
47,1272,0.4028,detour,471271,True,12,2,388
47,1273,0.4025,room,471272,True,18,2,382
47,1274,0.4022,corridors,471273,True,17,2,383
47,1275,0.4019,detour,471274,True,27,2,373
47,1276,0.4016,room,471275,True,13,2,387
47,1277,0.4013,corridors,471276,True,8,2,392
47,1278,0.4009,detour,471277,True,33,2,367
47,1279,0.4006,room,471278,True,18,2,382
47,1280,0.4003,corridors,471279,True,18,2,382
47,1281,0.4,detour,471280,True,7,2,393
47,1282,0.3997,room,471281,True,7,2,393
47,1283,0.3994,corridors,471282,True,15,2,385
47,1284,0.3991,detour,471283,True,4,2,396
47,1285,0.3988,room,471284,True,17,2,383
47,1286,0.3984,corridors,471285,True,21,2,379
47,1287,0.3981,detour,471286,True,35,2,365
47,1288,0.3978,room,471287,True,18,2,382
47,1289,0.3975,corridors,471288,True,17,2,383
47,1290,0.3972,detour,471289,True,6,2,394
47,1291,0.3969,room,471290,True,8,2,392
47,1292,0.3966,corridors,471291,True,7,2,393
47,1293,0.3963,detour,471292,True,24,2,376
47,1294,0.3959,room,471293,True,7,2,393
47,1295,0.3956,corridors,471294,True,15,2,385
47,1296,0.3953,detour,471295,True,14,2,386
47,1297,0.395,room,471296,True,19,2,381
47,1298,0.3947,corridors,471297,True,53,2,347
47,1299,0.3944,detour,471298,True,4,2,396
47,1300,0.3941,room,471299,True,12,2,388
47,1301,0.3938,corridors,471300,True,11,2,389
47,1302,0.3934,detour,471301,True,8,2,392
47,1303,0.3931,room,471302,True,6,2,394
47,1304,0.3928,corridors,471303,True,24,2,376
47,1305,0.3925,detour,471304,True,25,2,375
47,1306,0.3922,room,471305,True,13,2,387
47,1307,0.3919,corridors,471306,True,25,2,375
47,1308,0.3916,detour,471307,True,24,2,376
47,1309,0.3912,room,471308,True,12,2,388
47,1310,0.3909,corridors,471309,True,15,2,385
47,1311,0.3906,detour,471310,True,24,2,376
47,1312,0.3903,room,471311,True,10,2,390
47,1313,0.39,corridors,471312,True,23,2,377
47,1314,0.3897,detour,471313,True,4,2,396
47,1315,0.3894,room,471314,True,10,2,390
47,1316,0.3891,corridors,471315,True,19,2,381
47,1317,0.3888,detour,471316,True,8,2,392
47,1318,0.3884,room,471317,True,11,2,389
47,1319,0.3881,corridors,471318,True,17,2,383
47,1320,0.3878,detour,471319,True,21,2,379
47,1321,0.3875,room,471320,True,16,2,384
47,1322,0.3872,corridors,471321,True,20,2,380
47,1323,0.3869,detour,471322,True,10,2,390
47,1324,0.3866,room,471323,True,9,2,391
47,1325,0.3863,corridors,471324,True,16,2,384
47,1326,0.3859,detour,471325,True,8,2,392
47,1327,0.3856,room,471326,True,11,2,389
47,1328,0.3853,corridors,471327,True,6,2,394
47,1329,0.385,detour,471328,True,28,2,372
47,1330,0.3847,room,471329,True,10,2,390
47,1331,0.3844,corridors,471330,True,15,2,385
47,1332,0.3841,detour,471331,True,27,2,373
47,1333,0.3838,room,471332,True,16,2,384
47,1334,0.3834,corridors,471333,True,12,2,388
47,1335,0.3831,detour,471334,True,10,2,390
47,1336,0.3828,room,471335,True,7,2,393
47,1337,0.3825,corridors,471336,True,9,2,391
47,1338,0.3822,detour,471337,True,17,2,383
47,1339,0.3819,room,471338,True,10,2,390
47,1340,0.3816,corridors,471339,True,28,2,372
47,1341,0.3813,detour,471340,True,18,2,382
47,1342,0.3809,room,471341,True,7,2,393
47,1343,0.3806,corridors,471342,True,32,2,368
47,1344,0.3803,detour,471343,True,13,2,387
47,1345,0.38,room,471344,True,8,2,392
47,1346,0.3797,corridors,471345,True,14,2,386
47,1347,0.3794,detour,471346,True,23,2,377
47,1348,0.3791,room,471347,True,18,2,382
47,1349,0.3788,corridors,471348,True,9,2,391
47,1350,0.3784,detour,471349,True,20,2,380
47,1351,0.3781,room,471350,True,3,2,397
47,1352,0.3778,corridors,471351,True,16,2,384
47,1353,0.3775,detour,471352,True,11,2,389
47,1354,0.3772,room,471353,True,5,2,395
47,1355,0.3769,corridors,471354,True,14,2,386
47,1356,0.3766,detour,471355,True,15,2,385
47,1357,0.3763,room,471356,True,6,2,394
47,1358,0.3759,corridors,471357,True,15,2,385
47,1359,0.3756,detour,471358,True,36,2,364
47,1360,0.3753,room,471359,True,6,2,394
47,1361,0.375,corridors,471360,True,6,2,394
47,1362,0.3747,detour,471361,True,15,2,385
47,1363,0.3744,room,471362,True,14,2,386
47,1364,0.3741,corridors,471363,True,16,2,384
47,1365,0.3738,detour,471364,True,7,2,393
47,1366,0.3734,room,471365,True,15,2,385
47,1367,0.3731,corridors,471366,True,12,2,388
47,1368,0.3728,detour,471367,True,12,2,388
47,1369,0.3725,room,471368,True,12,2,388
47,1370,0.3722,corridors,471369,True,11,2,389
47,1371,0.3719,detour,471370,True,9,2,391
47,1372,0.3716,room,471371,True,11,2,389
47,1373,0.3713,corridors,471372,True,9,2,391
47,1374,0.3709,detour,471373,True,15,2,385
47,1375,0.3706,room,471374,True,7,2,393
47,1376,0.3703,corridors,471375,True,7,2,393
47,1377,0.37,detour,471376,True,33,2,367
47,1378,0.3697,room,471377,True,3,2,397
47,1379,0.3694,corridors,471378,True,20,2,380
47,1380,0.3691,detour,471379,True,20,2,380
47,1381,0.3688,room,471380,True,13,2,387
47,1382,0.3684,corridors,471381,True,11,2,389
47,1383,0.3681,detour,471382,True,38,2,362
47,1384,0.3678,room,471383,True,8,2,392
47,1385,0.3675,corridors,471384,True,8,2,392
47,1386,0.3672,detour,471385,True,21,2,379
47,1387,0.3669,room,471386,True,7,2,393
47,1388,0.3666,corridors,471387,True,11,2,389
47,1389,0.3663,detour,471388,True,25,2,375
47,1390,0.3659,room,471389,True,8,2,392
47,1391,0.3656,corridors,471390,True,21,2,379
47,1392,0.3653,detour,471391,True,22,2,378
47,1393,0.365,room,471392,True,22,2,378
47,1394,0.3647,corridors,471393,True,9,2,391
47,1395,0.3644,detour,471394,True,8,2,392
47,1396,0.3641,room,471395,True,31,2,369
47,1397,0.3638,corridors,471396,True,19,2,381
47,1398,0.3634,detour,471397,True,23,2,377
47,1399,0.3631,room,471398,True,3,2,397
47,1400,0.3628,corridors,471399,True,21,2,379
47,1401,0.3625,detour,471400,True,16,2,384
47,1402,0.3622,room,471401,True,13,2,387
47,1403,0.3619,corridors,471402,True,5,2,395
47,1404,0.3616,detour,471403,True,27,2,373
47,1405,0.3613,room,471404,True,3,2,397
47,1406,0.3609,corridors,471405,True,23,2,377
47,1407,0.3606,detour,471406,True,5,2,395
47,1408,0.3603,room,471407,True,14,2,386
47,1409,0.36,corridors,471408,True,13,2,387
47,1410,0.3597,detour,471409,True,11,2,389
47,1411,0.3594,room,471410,True,20,2,380
47,1412,0.3591,corridors,471411,True,26,2,374
47,1413,0.3588,detour,471412,True,20,2,380
47,1414,0.3584,room,471413,True,7,2,393
47,1415,0.3581,corridors,471414,True,4,2,396
47,1416,0.3578,detour,471415,True,21,2,379
47,1417,0.3575,room,471416,True,13,2,387
47,1418,0.3572,corridors,471417,True,15,2,385
47,1419,0.3569,detour,471418,True,10,2,390
47,1420,0.3566,room,471419,True,13,2,387
47,1421,0.3563,corridors,471420,True,7,2,393
47,1422,0.3559,detour,471421,True,20,2,380
47,1423,0.3556,room,471422,True,6,2,394
47,1424,0.3553,corridors,471423,True,9,2,391
47,1425,0.355,detour,471424,True,22,2,378
47,1426,0.3547,room,471425,True,6,2,394
47,1427,0.3544,corridors,471426,True,10,2,390
47,1428,0.3541,detour,471427,True,6,2,394
47,1429,0.3538,room,471428,True,10,2,390
47,1430,0.3534,corridors,471429,True,21,2,379
47,1431,0.3531,detour,471430,True,14,2,386
47,1432,0.3528,room,471431,True,6,2,394
47,1433,0.3525,corridors,471432,True,16,2,384
47,1434,0.3522,detour,471433,True,13,2,387
47,1435,0.3519,room,471434,True,11,2,389
47,1436,0.3516,corridors,471435,True,7,2,393
47,1437,0.3513,detour,471436,True,13,2,387
47,1438,0.3509,room,471437,True,15,2,385
47,1439,0.3506,corridors,471438,True,18,2,382
47,1440,0.3503,detour,471439,True,6,2,394
47,1441,0.35,room,471440,True,4,2,396
47,1442,0.3497,corridors,471441,True,21,2,379
47,1443,0.3494,detour,471442,True,37,2,363
47,1444,0.3491,room,471443,True,17,2,383
47,1445,0.3488,corridors,471444,True,14,2,386
47,1446,0.3484,detour,471445,True,10,2,390
47,1447,0.3481,room,471446,True,4,2,396
47,1448,0.3478,corridors,471447,True,24,2,376
47,1449,0.3475,detour,471448,True,21,2,379
47,1450,0.3472,room,471449,True,12,2,388
47,1451,0.3469,corridors,471450,True,16,2,384
47,1452,0.3466,detour,471451,True,31,2,369
47,1453,0.3463,room,471452,True,7,2,393
47,1454,0.3459,corridors,471453,True,19,2,381
47,1455,0.3456,detour,471454,True,29,2,371
47,1456,0.3453,room,471455,True,11,2,389
47,1457,0.345,corridors,471456,True,35,2,365
47,1458,0.3447,detour,471457,True,37,2,363
47,1459,0.3444,room,471458,True,13,2,387
47,1460,0.3441,corridors,471459,True,11,2,389
47,1461,0.3438,detour,471460,True,36,2,364
47,1462,0.3434,room,471461,True,14,2,386
47,1463,0.3431,corridors,471462,True,10,2,390
47,1464,0.3428,detour,471463,True,7,2,393
47,1465,0.3425,room,471464,True,11,2,389
47,1466,0.3422,corridors,471465,True,8,2,392
47,1467,0.3419,detour,471466,True,20,2,380
47,1468,0.3416,room,471467,True,7,2,393
47,1469,0.3413,corridors,471468,True,5,2,395
47,1470,0.3409,detour,471469,True,20,2,380
47,1471,0.3406,room,471470,True,15,2,385
47,1472,0.3403,corridors,471471,True,8,2,392
47,1473,0.34,detour,471472,True,13,2,387
47,1474,0.3397,room,471473,True,9,2,391
47,1475,0.3394,corridors,471474,True,6,2,394
47,1476,0.3391,detour,471475,True,9,2,391
47,1477,0.3388,room,471476,True,10,2,390
47,1478,0.3384,corridors,471477,True,5,2,395
47,1479,0.3381,detour,471478,True,14,2,386
47,1480,0.3378,room,471479,True,6,2,394
47,1481,0.3375,corridors,471480,True,16,2,384
47,1482,0.3372,detour,471481,True,23,2,377
47,1483,0.3369,room,471482,True,15,2,385
47,1484,0.3366,corridors,471483,True,9,2,391
47,1485,0.3363,detour,471484,True,17,2,383
47,1486,0.3359,room,471485,True,25,2,375
47,1487,0.3356,corridors,471486,True,15,2,385
47,1488,0.3353,detour,471487,True,33,2,367
47,1489,0.335,room,471488,True,4,2,396
47,1490,0.3347,corridors,471489,True,18,2,382
47,1491,0.3344,detour,471490,True,23,2,377
47,1492,0.3341,room,471491,True,13,2,387
47,1493,0.3337,corridors,471492,True,16,2,384
47,1494,0.3334,detour,471493,True,20,2,380
47,1495,0.3331,room,471494,True,5,2,395
47,1496,0.3328,corridors,471495,True,10,2,390
47,1497,0.3325,detour,471496,True,25,2,375
47,1498,0.3322,room,471497,True,6,2,394
47,1499,0.3319,corridors,471498,True,7,2,393
47,1500,0.3316,detour,471499,True,7,2,393
47,1501,0.3313,room,471500,True,6,2,394
47,1502,0.3309,corridors,471501,True,3,2,397
47,1503,0.3306,detour,471502,True,10,2,390
47,1504,0.3303,room,471503,True,9,2,391
47,1505,0.33,corridors,471504,True,20,2,380
47,1506,0.3297,detour,471505,True,26,2,374
47,1507,0.3294,room,471506,True,9,2,391
47,1508,0.3291,corridors,471507,True,19,2,381
47,1509,0.3288,detour,471508,True,17,2,383
47,1510,0.3284,room,471509,True,9,2,391
47,1511,0.3281,corridors,471510,True,10,2,390
47,1512,0.3278,detour,471511,True,11,2,389
47,1513,0.3275,room,471512,True,13,2,387
47,1514,0.3272,corridors,471513,True,10,2,390
47,1515,0.3269,detour,471514,True,20,2,380
47,1516,0.3266,room,471515,True,17,2,383
47,1517,0.3263,corridors,471516,True,12,2,388
47,1518,0.3259,detour,471517,True,16,2,384
47,1519,0.3256,room,471518,True,14,2,386
47,1520,0.3253,corridors,471519,True,23,2,377
47,1521,0.325,detour,471520,True,16,2,384
47,1522,0.3247,room,471521,True,11,2,389
47,1523,0.3244,corridors,471522,True,12,2,388
47,1524,0.3241,detour,471523,True,27,2,373
47,1525,0.3238,room,471524,True,13,2,387
47,1526,0.3234,corridors,471525,True,3,2,397
47,1527,0.3231,detour,471526,True,15,2,385
47,1528,0.3228,room,471527,True,13,2,387
47,1529,0.3225,corridors,471528,True,20,2,380
47,1530,0.3222,detour,471529,True,17,2,383
47,1531,0.3219,room,471530,True,7,2,393
47,1532,0.3216,corridors,471531,True,9,2,391
47,1533,0.3213,detour,471532,True,11,2,389
47,1534,0.3209,room,471533,True,5,2,395
47,1535,0.3206,corridors,471534,True,15,2,385
47,1536,0.3203,detour,471535,True,8,2,392
47,1537,0.32,room,471536,True,19,2,381
47,1538,0.3197,corridors,471537,True,12,2,388
47,1539,0.3194,detour,471538,True,13,2,387
47,1540,0.3191,room,471539,True,23,2,377
47,1541,0.3187,corridors,471540,True,17,2,383
47,1542,0.3184,detour,471541,True,8,2,392
47,1543,0.3181,room,471542,True,8,2,392
47,1544,0.3178,corridors,471543,True,15,2,385
47,1545,0.3175,detour,471544,True,24,2,376
47,1546,0.3172,room,471545,True,28,2,372
47,1547,0.3169,corridors,471546,True,15,2,385
47,1548,0.3166,detour,471547,True,12,2,388
47,1549,0.3163,room,471548,True,9,2,391
47,1550,0.3159,corridors,471549,True,7,2,393
47,1551,0.3156,detour,471550,True,3,2,397
47,1552,0.3153,room,471551,True,8,2,392
47,1553,0.315,corridors,471552,True,12,2,388
47,1554,0.3147,detour,471553,True,10,2,390
47,1555,0.3144,room,471554,True,8,2,392
47,1556,0.3141,corridors,471555,True,17,2,383
47,1557,0.3138,detour,471556,True,19,2,381
47,1558,0.3134,room,471557,True,7,2,393
47,1559,0.3131,corridors,471558,True,12,2,388
47,1560,0.3128,detour,471559,True,7,2,393
47,1561,0.3125,room,471560,True,7,2,393
47,1562,0.3122,corridors,471561,True,20,2,380
47,1563,0.3119,detour,471562,True,5,2,395
47,1564,0.3116,room,471563,True,11,2,389
47,1565,0.3113,corridors,471564,True,6,2,394
47,1566,0.3109,detour,471565,True,4,2,396
47,1567,0.3106,room,471566,True,14,2,386
47,1568,0.3103,corridors,471567,True,17,2,383
47,1569,0.31,detour,471568,True,23,2,377
47,1570,0.3097,room,471569,True,7,2,393
47,1571,0.3094,corridors,471570,True,11,2,389
47,1572,0.3091,detour,471571,True,22,2,378
47,1573,0.3088,room,471572,True,9,2,391
47,1574,0.3084,corridors,471573,True,13,2,387
47,1575,0.3081,detour,471574,True,13,2,387
47,1576,0.3078,room,471575,True,12,2,388
47,1577,0.3075,corridors,471576,True,14,2,386
47,1578,0.3072,detour,471577,True,17,2,383
47,1579,0.3069,room,471578,True,10,2,390
47,1580,0.3066,corridors,471579,True,19,2,381
47,1581,0.3063,detour,471580,True,16,2,384
47,1582,0.3059,room,471581,True,14,2,386
47,1583,0.3056,corridors,471582,True,13,2,387
47,1584,0.3053,detour,471583,True,20,2,380
47,1585,0.305,room,471584,True,6,2,394
47,1586,0.3047,corridors,471585,True,3,2,397
47,1587,0.3044,detour,471586,True,19,2,381
47,1588,0.3041,room,471587,True,11,2,389
47,1589,0.3038,corridors,471588,True,11,2,389
47,1590,0.3034,detour,471589,True,8,2,392
47,1591,0.3031,room,471590,True,9,2,391
47,1592,0.3028,corridors,471591,True,11,2,389
47,1593,0.3025,detour,471592,True,13,2,387
47,1594,0.3022,room,471593,True,4,2,396
47,1595,0.3019,corridors,471594,True,15,2,385
47,1596,0.3016,detour,471595,True,19,2,381
47,1597,0.3013,room,471596,True,12,2,388
47,1598,0.3009,corridors,471597,True,20,2,380
47,1599,0.3006,detour,471598,True,11,2,389
47,1600,0.3003,room,471599,True,12,2,388
47,1601,0.3,corridors,471600,True,10,2,390
47,1602,0.2997,detour,471601,True,11,2,389
47,1603,0.2994,room,471602,True,7,2,393
47,1604,0.2991,corridors,471603,True,10,2,390
47,1605,0.2988,detour,471604,True,11,2,389
47,1606,0.2984,room,471605,True,8,2,392
47,1607,0.2981,corridors,471606,True,5,2,395
47,1608,0.2978,detour,471607,True,19,2,381
47,1609,0.2975,room,471608,True,10,2,390
47,1610,0.2972,corridors,471609,True,5,2,395
47,1611,0.2969,detour,471610,True,8,2,392
47,1612,0.2966,room,471611,True,10,2,390
47,1613,0.2963,corridors,471612,True,8,2,392
47,1614,0.2959,detour,471613,True,18,2,382
47,1615,0.2956,room,471614,True,21,2,379
47,1616,0.2953,corridors,471615,True,13,2,387
47,1617,0.295,detour,471616,True,18,2,382
47,1618,0.2947,room,471617,True,10,2,390
47,1619,0.2944,corridors,471618,True,15,2,385
47,1620,0.2941,detour,471619,True,15,2,385
47,1621,0.2937,room,471620,True,4,2,396
47,1622,0.2934,corridors,471621,True,3,2,397
47,1623,0.2931,detour,471622,True,9,2,391
47,1624,0.2928,room,471623,True,14,2,386
47,1625,0.2925,corridors,471624,True,13,2,387
47,1626,0.2922,detour,471625,True,13,2,387
47,1627,0.2919,room,471626,True,7,2,393
47,1628,0.2916,corridors,471627,True,11,2,389
47,1629,0.2913,detour,471628,True,10,2,390
47,1630,0.2909,room,471629,True,8,2,392
47,1631,0.2906,corridors,471630,True,14,2,386
47,1632,0.2903,detour,471631,True,8,2,392
47,1633,0.29,room,471632,True,9,2,391
47,1634,0.2897,corridors,471633,True,43,2,357
47,1635,0.2894,detour,471634,True,16,2,384
47,1636,0.2891,room,471635,True,5,2,395
47,1637,0.2888,corridors,471636,True,20,2,380
47,1638,0.2884,detour,471637,True,32,2,368
47,1639,0.2881,room,471638,True,4,2,396
47,1640,0.2878,corridors,471639,True,26,2,374
47,1641,0.2875,detour,471640,True,8,2,392
47,1642,0.2872,room,471641,True,16,2,384
47,1643,0.2869,corridors,471642,True,16,2,384
47,1644,0.2866,detour,471643,True,17,2,383
47,1645,0.2863,room,471644,True,10,2,390
47,1646,0.2859,corridors,471645,True,8,2,392
47,1647,0.2856,detour,471646,True,17,2,383
47,1648,0.2853,room,471647,True,9,2,391
47,1649,0.285,corridors,471648,True,21,2,379
47,1650,0.2847,detour,471649,True,17,2,383
47,1651,0.2844,room,471650,True,7,2,393
47,1652,0.2841,corridors,471651,True,9,2,391
47,1653,0.2838,detour,471652,True,15,2,385
47,1654,0.2834,room,471653,True,10,2,390
47,1655,0.2831,corridors,471654,True,17,2,383
47,1656,0.2828,detour,471655,True,18,2,382
47,1657,0.2825,room,471656,True,10,2,390
47,1658,0.2822,corridors,471657,True,7,2,393
47,1659,0.2819,detour,471658,True,28,2,372
47,1660,0.2816,room,471659,True,8,2,392
47,1661,0.2812,corridors,471660,True,11,2,389
47,1662,0.2809,detour,471661,True,30,2,370
47,1663,0.2806,room,471662,True,12,2,388
47,1664,0.2803,corridors,471663,True,18,2,382
47,1665,0.28,detour,471664,True,16,2,384
47,1666,0.2797,room,471665,True,25,2,375
47,1667,0.2794,corridors,471666,True,12,2,388
47,1668,0.2791,detour,471667,True,36,2,364
47,1669,0.2788,room,471668,True,18,2,382
47,1670,0.2784,corridors,471669,True,15,2,385
47,1671,0.2781,detour,471670,True,9,2,391
47,1672,0.2778,room,471671,True,8,2,392
47,1673,0.2775,corridors,471672,True,14,2,386
47,1674,0.2772,detour,471673,True,20,2,380
47,1675,0.2769,room,471674,True,5,2,395
47,1676,0.2766,corridors,471675,True,9,2,391
47,1677,0.2762,detour,471676,True,15,2,385
47,1678,0.2759,room,471677,True,10,2,390
47,1679,0.2756,corridors,471678,True,18,2,382
47,1680,0.2753,detour,471679,True,6,2,394
47,1681,0.275,room,471680,True,14,2,386
47,1682,0.2747,corridors,471681,True,9,2,391
47,1683,0.2744,detour,471682,True,18,2,382
47,1684,0.2741,room,471683,True,21,2,379
47,1685,0.2738,corridors,471684,True,5,2,395
47,1686,0.2734,detour,471685,True,16,2,384
47,1687,0.2731,room,471686,True,8,2,392
47,1688,0.2728,corridors,471687,True,10,2,390
47,1689,0.2725,detour,471688,True,14,2,386
47,1690,0.2722,room,471689,True,8,2,392
47,1691,0.2719,corridors,471690,True,7,2,393
47,1692,0.2716,detour,471691,True,17,2,383
47,1693,0.2713,room,471692,True,6,2,394
47,1694,0.2709,corridors,471693,True,25,2,375
47,1695,0.2706,detour,471694,True,11,2,389
47,1696,0.2703,room,471695,True,11,2,389
47,1697,0.27,corridors,471696,True,27,2,373
47,1698,0.2697,detour,471697,True,4,2,396
47,1699,0.2694,room,471698,True,12,2,388
47,1700,0.2691,corridors,471699,True,6,2,394
47,1701,0.2688,detour,471700,True,13,2,387
47,1702,0.2684,room,471701,True,19,2,381
47,1703,0.2681,corridors,471702,True,11,2,389
47,1704,0.2678,detour,471703,True,19,2,381
47,1705,0.2675,room,471704,True,28,2,372
47,1706,0.2672,corridors,471705,True,10,2,390
47,1707,0.2669,detour,471706,True,13,2,387
47,1708,0.2666,room,471707,True,2,2,398
47,1709,0.2663,corridors,471708,True,14,2,386
47,1710,0.2659,detour,471709,True,13,2,387
47,1711,0.2656,room,471710,True,5,2,395
47,1712,0.2653,corridors,471711,True,12,2,388
47,1713,0.265,detour,471712,True,17,2,383
47,1714,0.2647,room,471713,True,15,2,385
47,1715,0.2644,corridors,471714,True,11,2,389
47,1716,0.2641,detour,471715,True,15,2,385
47,1717,0.2638,room,471716,True,4,2,396
47,1718,0.2634,corridors,471717,True,8,2,392
47,1719,0.2631,detour,471718,True,15,2,385
47,1720,0.2628,room,471719,True,6,2,394
47,1721,0.2625,corridors,471720,True,19,2,381
47,1722,0.2622,detour,471721,True,27,2,373
47,1723,0.2619,room,471722,True,10,2,390
47,1724,0.2616,corridors,471723,True,10,2,390
47,1725,0.2612,detour,471724,True,13,2,387
47,1726,0.2609,room,471725,True,9,2,391
47,1727,0.2606,corridors,471726,True,15,2,385
47,1728,0.2603,detour,471727,True,13,2,387
47,1729,0.26,room,471728,True,5,2,395
47,1730,0.2597,corridors,471729,True,9,2,391
47,1731,0.2594,detour,471730,True,26,2,374
47,1732,0.2591,room,471731,True,9,2,391
47,1733,0.2588,corridors,471732,True,3,2,397
47,1734,0.2584,detour,471733,True,10,2,390
47,1735,0.2581,room,471734,True,3,2,397
47,1736,0.2578,corridors,471735,True,9,2,391
47,1737,0.2575,detour,471736,True,20,2,380
47,1738,0.2572,room,471737,True,5,2,395
47,1739,0.2569,corridors,471738,True,11,2,389
47,1740,0.2566,detour,471739,True,19,2,381
47,1741,0.2563,room,471740,True,10,2,390
47,1742,0.2559,corridors,471741,True,6,2,394
47,1743,0.2556,detour,471742,True,7,2,393
47,1744,0.2553,room,471743,True,9,2,391
47,1745,0.255,corridors,471744,True,11,2,389
47,1746,0.2547,detour,471745,True,10,2,390
47,1747,0.2544,room,471746,True,12,2,388
47,1748,0.2541,corridors,471747,True,10,2,390
47,1749,0.2538,detour,471748,True,36,2,364
47,1750,0.2534,room,471749,True,3,2,397
47,1751,0.2531,corridors,471750,True,11,2,389
47,1752,0.2528,detour,471751,True,6,2,394
47,1753,0.2525,room,471752,True,7,2,393
47,1754,0.2522,corridors,471753,True,14,2,386
47,1755,0.2519,detour,471754,True,18,2,382
47,1756,0.2516,room,471755,True,8,2,392
47,1757,0.2512,corridors,471756,True,19,2,381
47,1758,0.2509,detour,471757,True,17,2,383
47,1759,0.2506,room,471758,True,9,2,391
47,1760,0.2503,corridors,471759,True,4,2,396
47,1761,0.25,detour,471760,True,15,2,385
47,1762,0.2497,room,471761,True,5,2,395
47,1763,0.2494,corridors,471762,True,14,2,386
47,1764,0.2491,detour,471763,True,9,2,391
47,1765,0.2488,room,471764,True,14,2,386
47,1766,0.2484,corridors,471765,True,15,2,385
47,1767,0.2481,detour,471766,True,24,2,376
47,1768,0.2478,room,471767,True,5,2,395
47,1769,0.2475,corridors,471768,True,15,2,385
47,1770,0.2472,detour,471769,True,14,2,386
47,1771,0.2469,room,471770,True,11,2,389
47,1772,0.2466,corridors,471771,True,10,2,390
47,1773,0.2463,detour,471772,True,30,2,370
47,1774,0.2459,room,471773,True,10,2,390
47,1775,0.2456,corridors,471774,True,15,2,385
47,1776,0.2453,detour,471775,True,18,2,382
47,1777,0.245,room,471776,True,12,2,388
47,1778,0.2447,corridors,471777,True,11,2,389
47,1779,0.2444,detour,471778,True,8,2,392
47,1780,0.2441,room,471779,True,18,2,382
47,1781,0.2438,corridors,471780,True,12,2,388
47,1782,0.2434,detour,471781,True,13,2,387
47,1783,0.2431,room,471782,True,5,2,395
47,1784,0.2428,corridors,471783,True,19,2,381
47,1785,0.2425,detour,471784,True,9,2,391
47,1786,0.2422,room,471785,True,8,2,392
47,1787,0.2419,corridors,471786,True,6,2,394
47,1788,0.2416,detour,471787,True,11,2,389
47,1789,0.2413,room,471788,True,6,2,394
47,1790,0.2409,corridors,471789,True,10,2,390
47,1791,0.2406,detour,471790,True,17,2,383
47,1792,0.2403,room,471791,True,8,2,392
47,1793,0.24,corridors,471792,True,8,2,392
47,1794,0.2397,detour,471793,True,21,2,379
47,1795,0.2394,room,471794,True,7,2,393
47,1796,0.2391,corridors,471795,True,10,2,390
47,1797,0.2388,detour,471796,True,17,2,383
47,1798,0.2384,room,471797,True,6,2,394
47,1799,0.2381,corridors,471798,True,17,2,383
47,1800,0.2378,detour,471799,True,10,2,390
47,1801,0.2375,room,471800,True,6,2,394
47,1802,0.2372,corridors,471801,True,14,2,386
47,1803,0.2369,detour,471802,True,10,2,390
47,1804,0.2366,room,471803,True,4,2,396
47,1805,0.2363,corridors,471804,True,18,2,382
47,1806,0.2359,detour,471805,True,9,2,391
47,1807,0.2356,room,471806,True,8,2,392
47,1808,0.2353,corridors,471807,True,13,2,387
47,1809,0.235,detour,471808,True,12,2,388
47,1810,0.2347,room,471809,True,13,2,387
47,1811,0.2344,corridors,471810,True,7,2,393
47,1812,0.2341,detour,471811,True,19,2,381
47,1813,0.2338,room,471812,True,10,2,390
47,1814,0.2334,corridors,471813,True,8,2,392
47,1815,0.2331,detour,471814,True,12,2,388
47,1816,0.2328,room,471815,True,17,2,383
47,1817,0.2325,corridors,471816,True,14,2,386
47,1818,0.2322,detour,471817,True,6,2,394
47,1819,0.2319,room,471818,True,4,2,396
47,1820,0.2316,corridors,471819,True,11,2,389
47,1821,0.2313,detour,471820,True,14,2,386
47,1822,0.2309,room,471821,True,7,2,393
47,1823,0.2306,corridors,471822,True,15,2,385
47,1824,0.2303,detour,471823,True,18,2,382
47,1825,0.23,room,471824,True,14,2,386
47,1826,0.2297,corridors,471825,True,5,2,395
47,1827,0.2294,detour,471826,True,6,2,394
47,1828,0.2291,room,471827,True,8,2,392
47,1829,0.2288,corridors,471828,True,21,2,379
47,1830,0.2284,detour,471829,True,10,2,390
47,1831,0.2281,room,471830,True,9,2,391
47,1832,0.2278,corridors,471831,True,18,2,382
47,1833,0.2275,detour,471832,True,40,2,360
47,1834,0.2272,room,471833,True,7,2,393
47,1835,0.2269,corridors,471834,True,16,2,384
47,1836,0.2266,detour,471835,True,11,2,389
47,1837,0.2263,room,471836,True,5,2,395
47,1838,0.2259,corridors,471837,True,14,2,386
47,1839,0.2256,detour,471838,True,9,2,391
47,1840,0.2253,room,471839,True,16,2,384
47,1841,0.225,corridors,471840,True,7,2,393
47,1842,0.2247,detour,471841,True,23,2,377
47,1843,0.2244,room,471842,True,18,2,382
47,1844,0.2241,corridors,471843,True,15,2,385
47,1845,0.2238,detour,471844,True,16,2,384
47,1846,0.2234,room,471845,True,4,2,396
47,1847,0.2231,corridors,471846,True,11,2,389
47,1848,0.2228,detour,471847,True,23,2,377
47,1849,0.2225,room,471848,True,9,2,391
47,1850,0.2222,corridors,471849,True,5,2,395
47,1851,0.2219,detour,471850,True,18,2,382
47,1852,0.2216,room,471851,True,8,2,392
47,1853,0.2213,corridors,471852,True,9,2,391
47,1854,0.2209,detour,471853,True,12,2,388
47,1855,0.2206,room,471854,True,7,2,393
47,1856,0.2203,corridors,471855,True,11,2,389
47,1857,0.22,detour,471856,True,12,2,388
47,1858,0.2197,room,471857,True,13,2,387
47,1859,0.2194,corridors,471858,True,14,2,386
47,1860,0.2191,detour,471859,True,23,2,377
47,1861,0.2188,room,471860,True,8,2,392
47,1862,0.2184,corridors,471861,True,13,2,387
47,1863,0.2181,detour,471862,True,18,2,382
47,1864,0.2178,room,471863,True,15,2,385
47,1865,0.2175,corridors,471864,True,12,2,388
47,1866,0.2172,detour,471865,True,9,2,391
47,1867,0.2169,room,471866,True,21,2,379
47,1868,0.2166,corridors,471867,True,12,2,388
47,1869,0.2163,detour,471868,True,14,2,386
47,1870,0.2159,room,471869,True,8,2,392
47,1871,0.2156,corridors,471870,True,27,2,373
47,1872,0.2153,detour,471871,True,20,2,380
47,1873,0.215,room,471872,True,5,2,395
47,1874,0.2147,corridors,471873,True,16,2,384
47,1875,0.2144,detour,471874,True,25,2,375
47,1876,0.2141,room,471875,True,8,2,392
47,1877,0.2138,corridors,471876,True,6,2,394
47,1878,0.2134,detour,471877,True,23,2,377
47,1879,0.2131,room,471878,True,9,2,391
47,1880,0.2128,corridors,471879,True,22,2,378
47,1881,0.2125,detour,471880,True,23,2,377
47,1882,0.2122,room,471881,True,3,2,397
47,1883,0.2119,corridors,471882,True,19,2,381
47,1884,0.2116,detour,471883,True,11,2,389
47,1885,0.2113,room,471884,True,12,2,388
47,1886,0.2109,corridors,471885,True,4,2,396
47,1887,0.2106,detour,471886,True,9,2,391
47,1888,0.2103,room,471887,True,11,2,389
47,1889,0.21,corridors,471888,True,12,2,388
47,1890,0.2097,detour,471889,True,19,2,381
47,1891,0.2094,room,471890,True,22,2,378
47,1892,0.2091,corridors,471891,True,12,2,388
47,1893,0.2087,detour,471892,True,13,2,387
47,1894,0.2084,room,471893,True,8,2,392
47,1895,0.2081,corridors,471894,True,19,2,381
47,1896,0.2078,detour,471895,True,9,2,391
47,1897,0.2075,room,471896,True,10,2,390
47,1898,0.2072,corridors,471897,True,11,2,389
47,1899,0.2069,detour,471898,True,28,2,372
47,1900,0.2066,room,471899,True,7,2,393
47,1901,0.2063,corridors,471900,True,14,2,386
47,1902,0.2059,detour,471901,True,7,2,393
47,1903,0.2056,room,471902,True,8,2,392
47,1904,0.2053,corridors,471903,True,10,2,390
47,1905,0.205,detour,471904,True,5,2,395
47,1906,0.2047,room,471905,True,16,2,384
47,1907,0.2044,corridors,471906,True,4,2,396
47,1908,0.2041,detour,471907,True,25,2,375
47,1909,0.2037,room,471908,True,7,2,393
47,1910,0.2034,corridors,471909,True,8,2,392
47,1911,0.2031,detour,471910,True,7,2,393
47,1912,0.2028,room,471911,True,6,2,394
47,1913,0.2025,corridors,471912,True,19,2,381
47,1914,0.2022,detour,471913,True,12,2,388
47,1915,0.2019,room,471914,True,16,2,384
47,1916,0.2016,corridors,471915,True,11,2,389
47,1917,0.2013,detour,471916,True,20,2,380
47,1918,0.2009,room,471917,True,10,2,390
47,1919,0.2006,corridors,471918,True,18,2,382
47,1920,0.2003,detour,471919,True,4,2,396
47,1921,0.2,room,471920,True,6,2,394
47,1922,0.1997,corridors,471921,True,10,2,390
47,1923,0.1994,detour,471922,True,21,2,379
47,1924,0.1991,room,471923,True,7,2,393
47,1925,0.1988,corridors,471924,True,13,2,387
47,1926,0.1984,detour,471925,True,4,2,396
47,1927,0.1981,room,471926,True,4,2,396
47,1928,0.1978,corridors,471927,True,15,2,385
47,1929,0.1975,detour,471928,True,20,2,380
47,1930,0.1972,room,471929,True,13,2,387
47,1931,0.1969,corridors,471930,True,10,2,390
47,1932,0.1966,detour,471931,True,19,2,381
47,1933,0.1963,room,471932,True,10,2,390
47,1934,0.1959,corridors,471933,True,10,2,390
47,1935,0.1956,detour,471934,True,9,2,391
47,1936,0.1953,room,471935,True,8,2,392
47,1937,0.195,corridors,471936,True,23,2,377
47,1938,0.1947,detour,471937,True,24,2,376
47,1939,0.1944,room,471938,True,10,2,390
47,1940,0.1941,corridors,471939,True,9,2,391
47,1941,0.1938,detour,471940,True,17,2,383
47,1942,0.1934,room,471941,True,8,2,392
47,1943,0.1931,corridors,471942,True,4,2,396
47,1944,0.1928,detour,471943,True,16,2,384
47,1945,0.1925,room,471944,True,12,2,388
47,1946,0.1922,corridors,471945,True,10,2,390
47,1947,0.1919,detour,471946,True,13,2,387
47,1948,0.1916,room,471947,True,13,2,387
47,1949,0.1913,corridors,471948,True,9,2,391
47,1950,0.1909,detour,471949,True,8,2,392
47,1951,0.1906,room,471950,True,9,2,391
47,1952,0.1903,corridors,471951,True,21,2,379
47,1953,0.19,detour,471952,True,13,2,387
47,1954,0.1897,room,471953,True,7,2,393
47,1955,0.1894,corridors,471954,True,11,2,389
47,1956,0.1891,detour,471955,True,14,2,386
47,1957,0.1888,room,471956,True,8,2,392
47,1958,0.1884,corridors,471957,True,14,2,386
47,1959,0.1881,detour,471958,True,32,2,368
47,1960,0.1878,room,471959,True,9,2,391
47,1961,0.1875,corridors,471960,True,13,2,387
47,1962,0.1872,detour,471961,True,21,2,379
47,1963,0.1869,room,471962,True,9,2,391
47,1964,0.1866,corridors,471963,True,6,2,394
47,1965,0.1863,detour,471964,True,27,2,373
47,1966,0.1859,room,471965,True,14,2,386
47,1967,0.1856,corridors,471966,True,9,2,391
47,1968,0.1853,detour,471967,True,17,2,383
47,1969,0.185,room,471968,True,5,2,395
47,1970,0.1847,corridors,471969,True,9,2,391
47,1971,0.1844,detour,471970,True,7,2,393
47,1972,0.1841,room,471971,True,5,2,395
47,1973,0.1838,corridors,471972,True,27,2,373
47,1974,0.1834,detour,471973,True,4,2,396
47,1975,0.1831,room,471974,True,10,2,390
47,1976,0.1828,corridors,471975,True,8,2,392
47,1977,0.1825,detour,471976,True,21,2,379
47,1978,0.1822,room,471977,True,15,2,385
47,1979,0.1819,corridors,471978,True,8,2,392
47,1980,0.1816,detour,471979,True,7,2,393
47,1981,0.1813,room,471980,True,10,2,390
47,1982,0.1809,corridors,471981,True,17,2,383
47,1983,0.1806,detour,471982,True,10,2,390
47,1984,0.1803,room,471983,True,6,2,394
47,1985,0.18,corridors,471984,True,13,2,387
47,1986,0.1797,detour,471985,True,18,2,382
47,1987,0.1794,room,471986,True,9,2,391
47,1988,0.1791,corridors,471987,True,13,2,387
47,1989,0.1787,detour,471988,True,8,2,392
47,1990,0.1784,room,471989,True,15,2,385
47,1991,0.1781,corridors,471990,True,14,2,386
47,1992,0.1778,detour,471991,True,13,2,387
47,1993,0.1775,room,471992,True,3,2,397
47,1994,0.1772,corridors,471993,True,32,2,368
47,1995,0.1769,detour,471994,True,7,2,393
47,1996,0.1766,room,471995,True,5,2,395
47,1997,0.1763,corridors,471996,True,16,2,384
47,1998,0.1759,detour,471997,True,22,2,378
47,1999,0.1756,room,471998,True,10,2,390
47,2000,0.1753,corridors,471999,True,8,2,392
47,2001,0.175,detour,472000,True,10,2,390
47,2002,0.1747,room,472001,True,12,2,388
47,2003,0.1744,corridors,472002,True,13,2,387
47,2004,0.1741,detour,472003,True,15,2,385
47,2005,0.1738,room,472004,True,11,2,389
47,2006,0.1734,corridors,472005,True,5,2,395
47,2007,0.1731,detour,472006,True,10,2,390
47,2008,0.1728,room,472007,True,4,2,396
47,2009,0.1725,corridors,472008,True,21,2,379
47,2010,0.1722,detour,472009,True,14,2,386
47,2011,0.1719,room,472010,True,10,2,390
47,2012,0.1716,corridors,472011,True,20,2,380
47,2013,0.1713,detour,472012,True,14,2,386
47,2014,0.1709,room,472013,True,11,2,389
47,2015,0.1706,corridors,472014,True,9,2,391
47,2016,0.1703,detour,472015,True,12,2,388
47,2017,0.17,room,472016,True,12,2,388
47,2018,0.1697,corridors,472017,True,15,2,385
47,2019,0.1694,detour,472018,True,12,2,388
47,2020,0.1691,room,472019,True,6,2,394
47,2021,0.1688,corridors,472020,True,16,2,384
47,2022,0.1684,detour,472021,True,11,2,389
47,2023,0.1681,room,472022,True,11,2,389
47,2024,0.1678,corridors,472023,True,11,2,389
47,2025,0.1675,detour,472024,True,22,2,378
47,2026,0.1672,room,472025,True,14,2,386
47,2027,0.1669,corridors,472026,True,10,2,390
47,2028,0.1666,detour,472027,True,3,2,397
47,2029,0.1663,room,472028,True,7,2,393
47,2030,0.1659,corridors,472029,True,17,2,383
47,2031,0.1656,detour,472030,True,4,2,396
47,2032,0.1653,room,472031,True,10,2,390
47,2033,0.165,corridors,472032,True,25,2,375
47,2034,0.1647,detour,472033,True,18,2,382
47,2035,0.1644,room,472034,True,11,2,389
47,2036,0.1641,corridors,472035,True,13,2,387
47,2037,0.1638,detour,472036,True,18,2,382
47,2038,0.1634,room,472037,True,9,2,391
47,2039,0.1631,corridors,472038,True,8,2,392
47,2040,0.1628,detour,472039,True,15,2,385
47,2041,0.1625,room,472040,True,9,2,391
47,2042,0.1622,corridors,472041,True,13,2,387
47,2043,0.1619,detour,472042,True,19,2,381
47,2044,0.1616,room,472043,True,7,2,393
47,2045,0.1613,corridors,472044,True,12,2,388
47,2046,0.1609,detour,472045,True,7,2,393
47,2047,0.1606,room,472046,True,8,2,392
47,2048,0.1603,corridors,472047,True,5,2,395
47,2049,0.16,detour,472048,True,21,2,379
47,2050,0.1597,room,472049,True,8,2,392
47,2051,0.1594,corridors,472050,True,13,2,387
47,2052,0.1591,detour,472051,True,11,2,389
47,2053,0.1588,room,472052,True,4,2,396
47,2054,0.1584,corridors,472053,True,9,2,391
47,2055,0.1581,detour,472054,True,18,2,382
47,2056,0.1578,room,472055,True,14,2,386
47,2057,0.1575,corridors,472056,True,8,2,392
47,2058,0.1572,detour,472057,True,18,2,382
47,2059,0.1569,room,472058,True,5,2,395
47,2060,0.1566,corridors,472059,True,3,2,397
47,2061,0.1563,detour,472060,True,16,2,384
47,2062,0.1559,room,472061,True,9,2,391
47,2063,0.1556,corridors,472062,True,6,2,394
47,2064,0.1553,detour,472063,True,16,2,384
47,2065,0.155,room,472064,True,17,2,383
47,2066,0.1547,corridors,472065,True,3,2,397
47,2067,0.1544,detour,472066,True,14,2,386
47,2068,0.1541,room,472067,True,10,2,390
47,2069,0.1538,corridors,472068,True,11,2,389
47,2070,0.1534,detour,472069,True,15,2,385
47,2071,0.1531,room,472070,True,5,2,395
47,2072,0.1528,corridors,472071,True,19,2,381
47,2073,0.1525,detour,472072,True,16,2,384
47,2074,0.1522,room,472073,True,6,2,394
47,2075,0.1519,corridors,472074,True,12,2,388
47,2076,0.1516,detour,472075,True,3,2,397
47,2077,0.1513,room,472076,True,7,2,393
47,2078,0.1509,corridors,472077,True,9,2,391
47,2079,0.1506,detour,472078,True,19,2,381
47,2080,0.1503,room,472079,True,9,2,391
47,2081,0.15,corridors,472080,True,6,2,394
47,2082,0.1497,detour,472081,True,10,2,390
47,2083,0.1494,room,472082,True,9,2,391
47,2084,0.1491,corridors,472083,True,16,2,384
47,2085,0.1488,detour,472084,True,17,2,383
47,2086,0.1484,room,472085,True,9,2,391
47,2087,0.1481,corridors,472086,True,12,2,388
47,2088,0.1478,detour,472087,True,24,2,376
47,2089,0.1475,room,472088,True,12,2,388
47,2090,0.1472,corridors,472089,True,11,2,389
47,2091,0.1469,detour,472090,True,25,2,375
47,2092,0.1466,room,472091,True,9,2,391
47,2093,0.1462,corridors,472092,True,8,2,392
47,2094,0.1459,detour,472093,True,11,2,389
47,2095,0.1456,room,472094,True,5,2,395
47,2096,0.1453,corridors,472095,True,14,2,386
47,2097,0.145,detour,472096,True,14,2,386
47,2098,0.1447,room,472097,True,10,2,390
47,2099,0.1444,corridors,472098,True,16,2,384
47,2100,0.1441,detour,472099,True,10,2,390
47,2101,0.1438,room,472100,True,15,2,385
47,2102,0.1434,corridors,472101,True,12,2,388
47,2103,0.1431,detour,472102,True,8,2,392
47,2104,0.1428,room,472103,True,9,2,391
47,2105,0.1425,corridors,472104,True,9,2,391
47,2106,0.1422,detour,472105,True,12,2,388
47,2107,0.1419,room,472106,True,5,2,395
47,2108,0.1416,corridors,472107,True,15,2,385
47,2109,0.1413,detour,472108,True,9,2,391
47,2110,0.1409,room,472109,True,10,2,390
47,2111,0.1406,corridors,472110,True,9,2,391
47,2112,0.1403,detour,472111,True,8,2,392
47,2113,0.14,room,472112,True,5,2,395
47,2114,0.1397,corridors,472113,True,4,2,396
47,2115,0.1394,detour,472114,True,13,2,387
47,2116,0.1391,room,472115,True,15,2,385
47,2117,0.1388,corridors,472116,True,7,2,393
47,2118,0.1384,detour,472117,True,6,2,394
47,2119,0.1381,room,472118,True,8,2,392
47,2120,0.1378,corridors,472119,True,23,2,377
47,2121,0.1375,detour,472120,True,6,2,394
47,2122,0.1372,room,472121,True,9,2,391
47,2123,0.1369,corridors,472122,True,7,2,393
47,2124,0.1366,detour,472123,True,25,2,375
47,2125,0.1362,room,472124,True,6,2,394
47,2126,0.1359,corridors,472125,True,18,2,382
47,2127,0.1356,detour,472126,True,11,2,389
47,2128,0.1353,room,472127,True,6,2,394
47,2129,0.135,corridors,472128,True,7,2,393
47,2130,0.1347,detour,472129,True,11,2,389
47,2131,0.1344,room,472130,True,18,2,382
47,2132,0.1341,corridors,472131,True,19,2,381
47,2133,0.1338,detour,472132,True,16,2,384
47,2134,0.1334,room,472133,True,11,2,389
47,2135,0.1331,corridors,472134,True,10,2,390
47,2136,0.1328,detour,472135,True,9,2,391
47,2137,0.1325,room,472136,True,7,2,393
47,2138,0.1322,corridors,472137,True,21,2,379
47,2139,0.1319,detour,472138,True,10,2,390
47,2140,0.1316,room,472139,True,7,2,393
47,2141,0.1312,corridors,472140,True,4,2,396
47,2142,0.1309,detour,472141,True,12,2,388
47,2143,0.1306,room,472142,True,10,2,390
47,2144,0.1303,corridors,472143,True,8,2,392
47,2145,0.13,detour,472144,True,20,2,380
47,2146,0.1297,room,472145,True,12,2,388
47,2147,0.1294,corridors,472146,True,4,2,396
47,2148,0.1291,detour,472147,True,25,2,375
47,2149,0.1288,room,472148,True,5,2,395
47,2150,0.1284,corridors,472149,True,6,2,394
47,2151,0.1281,detour,472150,True,14,2,386
47,2152,0.1278,room,472151,True,12,2,388
47,2153,0.1275,corridors,472152,True,14,2,386
47,2154,0.1272,detour,472153,True,13,2,387
47,2155,0.1269,room,472154,True,10,2,390
47,2156,0.1266,corridors,472155,True,7,2,393
47,2157,0.1263,detour,472156,True,19,2,381
47,2158,0.1259,room,472157,True,13,2,387
47,2159,0.1256,corridors,472158,True,12,2,388
47,2160,0.1253,detour,472159,True,11,2,389
47,2161,0.125,room,472160,True,8,2,392
47,2162,0.1247,corridors,472161,True,13,2,387
47,2163,0.1244,detour,472162,True,11,2,389
47,2164,0.1241,room,472163,True,8,2,392
47,2165,0.1238,corridors,472164,True,18,2,382
47,2166,0.1234,detour,472165,True,9,2,391
47,2167,0.1231,room,472166,True,8,2,392
47,2168,0.1228,corridors,472167,True,9,2,391
47,2169,0.1225,detour,472168,True,23,2,377
47,2170,0.1222,room,472169,True,14,2,386
47,2171,0.1219,corridors,472170,True,9,2,391
47,2172,0.1216,detour,472171,True,3,2,397
47,2173,0.1213,room,472172,True,10,2,390
47,2174,0.1209,corridors,472173,True,11,2,389
47,2175,0.1206,detour,472174,True,10,2,390
47,2176,0.1203,room,472175,True,3,2,397
47,2177,0.12,corridors,472176,True,10,2,390
47,2178,0.1197,detour,472177,True,7,2,393
47,2179,0.1194,room,472178,True,5,2,395
47,2180,0.1191,corridors,472179,True,15,2,385
47,2181,0.1188,detour,472180,True,11,2,389
47,2182,0.1184,room,472181,True,8,2,392
47,2183,0.1181,corridors,472182,True,6,2,394
47,2184,0.1178,detour,472183,True,4,2,396
47,2185,0.1175,room,472184,True,17,2,383
47,2186,0.1172,corridors,472185,True,8,2,392
47,2187,0.1169,detour,472186,True,12,2,388
47,2188,0.1166,room,472187,True,5,2,395
47,2189,0.1163,corridors,472188,True,7,2,393
47,2190,0.1159,detour,472189,True,15,2,385
47,2191,0.1156,room,472190,True,13,2,387
47,2192,0.1153,corridors,472191,True,10,2,390
47,2193,0.115,detour,472192,True,4,2,396
47,2194,0.1147,room,472193,True,4,2,396
47,2195,0.1144,corridors,472194,True,4,2,396
47,2196,0.1141,detour,472195,True,6,2,394
47,2197,0.1138,room,472196,True,5,2,395
47,2198,0.1134,corridors,472197,True,8,2,392
47,2199,0.1131,detour,472198,True,4,2,396
47,2200,0.1128,room,472199,True,6,2,394
47,2201,0.1125,corridors,472200,True,12,2,388
47,2202,0.1122,detour,472201,True,13,2,387
47,2203,0.1119,room,472202,True,6,2,394
47,2204,0.1116,corridors,472203,True,11,2,389
47,2205,0.1113,detour,472204,True,13,2,387
47,2206,0.1109,room,472205,True,9,2,391
47,2207,0.1106,corridors,472206,True,14,2,386
47,2208,0.1103,detour,472207,True,11,2,389
47,2209,0.11,room,472208,True,15,2,385
47,2210,0.1097,corridors,472209,True,13,2,387
47,2211,0.1094,detour,472210,True,16,2,384
47,2212,0.1091,room,472211,True,9,2,391
47,2213,0.1088,corridors,472212,True,14,2,386
47,2214,0.1084,detour,472213,True,9,2,391
47,2215,0.1081,room,472214,True,8,2,392
47,2216,0.1078,corridors,472215,True,15,2,385
47,2217,0.1075,detour,472216,True,7,2,393
47,2218,0.1072,room,472217,True,12,2,388
47,2219,0.1069,corridors,472218,True,14,2,386
47,2220,0.1066,detour,472219,True,9,2,391
47,2221,0.1062,room,472220,True,6,2,394
47,2222,0.1059,corridors,472221,True,7,2,393
47,2223,0.1056,detour,472222,True,7,2,393
47,2224,0.1053,room,472223,True,5,2,395
47,2225,0.105,corridors,472224,True,20,2,380
47,2226,0.1047,detour,472225,True,23,2,377
47,2227,0.1044,room,472226,True,12,2,388
47,2228,0.1041,corridors,472227,True,4,2,396
47,2229,0.1038,detour,472228,True,7,2,393
47,2230,0.1034,room,472229,True,7,2,393
47,2231,0.1031,corridors,472230,True,10,2,390
47,2232,0.1028,detour,472231,True,15,2,385
47,2233,0.1025,room,472232,True,12,2,388
47,2234,0.1022,corridors,472233,True,10,2,390
47,2235,0.1019,detour,472234,True,16,2,384
47,2236,0.1016,room,472235,True,8,2,392
47,2237,0.1013,corridors,472236,True,16,2,384
47,2238,0.1009,detour,472237,True,14,2,386
47,2239,0.1006,room,472238,True,8,2,392
47,2240,0.1003,corridors,472239,True,15,2,385
47,2241,0.1,detour,472240,True,18,2,382
47,2242,0.0997,room,472241,True,14,2,386
47,2243,0.0994,corridors,472242,True,12,2,388
47,2244,0.0991,detour,472243,True,9,2,391
47,2245,0.0988,room,472244,True,6,2,394
47,2246,0.0984,corridors,472245,True,13,2,387
47,2247,0.0981,detour,472246,True,11,2,389
47,2248,0.0978,room,472247,True,7,2,393
47,2249,0.0975,corridors,472248,True,8,2,392
47,2250,0.0972,detour,472249,True,16,2,384
47,2251,0.0969,room,472250,True,12,2,388
47,2252,0.0966,corridors,472251,True,16,2,384
47,2253,0.0963,detour,472252,True,18,2,382
47,2254,0.0959,room,472253,True,13,2,387
47,2255,0.0956,corridors,472254,True,6,2,394
47,2256,0.0953,detour,472255,True,16,2,384
47,2257,0.095,room,472256,True,7,2,393
47,2258,0.0947,corridors,472257,True,4,2,396
47,2259,0.0944,detour,472258,True,6,2,394
47,2260,0.0941,room,472259,True,12,2,388
47,2261,0.0938,corridors,472260,True,6,2,394
47,2262,0.0934,detour,472261,True,20,2,380
47,2263,0.0931,room,472262,True,7,2,393
47,2264,0.0928,corridors,472263,True,18,2,382
47,2265,0.0925,detour,472264,True,14,2,386
47,2266,0.0922,room,472265,True,5,2,395
47,2267,0.0919,corridors,472266,True,17,2,383
47,2268,0.0916,detour,472267,True,16,2,384
47,2269,0.0913,room,472268,True,7,2,393
47,2270,0.0909,corridors,472269,True,11,2,389
47,2271,0.0906,detour,472270,True,15,2,385
47,2272,0.0903,room,472271,True,9,2,391
47,2273,0.09,corridors,472272,True,12,2,388
47,2274,0.0897,detour,472273,True,9,2,391
47,2275,0.0894,room,472274,True,10,2,390
47,2276,0.0891,corridors,472275,True,3,2,397
47,2277,0.0887,detour,472276,True,3,2,397
47,2278,0.0884,room,472277,True,5,2,395
47,2279,0.0881,corridors,472278,True,11,2,389
47,2280,0.0878,detour,472279,True,12,2,388
47,2281,0.0875,room,472280,True,4,2,396
47,2282,0.0872,corridors,472281,True,5,2,395
47,2283,0.0869,detour,472282,True,15,2,385
47,2284,0.0866,room,472283,True,4,2,396
47,2285,0.0863,corridors,472284,True,12,2,388
47,2286,0.0859,detour,472285,True,16,2,384
47,2287,0.0856,room,472286,True,10,2,390
47,2288,0.0853,corridors,472287,True,3,2,397
47,2289,0.085,detour,472288,True,14,2,386
47,2290,0.0847,room,472289,True,4,2,396
47,2291,0.0844,corridors,472290,True,8,2,392
47,2292,0.0841,detour,472291,True,9,2,391
47,2293,0.0838,room,472292,True,6,2,394
47,2294,0.0834,corridors,472293,True,13,2,387
47,2295,0.0831,detour,472294,True,10,2,390
47,2296,0.0828,room,472295,True,5,2,395
47,2297,0.0825,corridors,472296,True,13,2,387
47,2298,0.0822,detour,472297,True,7,2,393
47,2299,0.0819,room,472298,True,5,2,395
47,2300,0.0816,corridors,472299,True,14,2,386
47,2301,0.0813,detour,472300,True,5,2,395
47,2302,0.0809,room,472301,True,12,2,388
47,2303,0.0806,corridors,472302,True,15,2,385
47,2304,0.0803,detour,472303,True,16,2,384
47,2305,0.08,room,472304,True,5,2,395
47,2306,0.0797,corridors,472305,True,10,2,390
47,2307,0.0794,detour,472306,True,15,2,385
47,2308,0.0791,room,472307,True,8,2,392
47,2309,0.0788,corridors,472308,True,8,2,392
47,2310,0.0784,detour,472309,True,11,2,389
47,2311,0.0781,room,472310,True,13,2,387
47,2312,0.0778,corridors,472311,True,8,2,392
47,2313,0.0775,detour,472312,True,15,2,385
47,2314,0.0772,room,472313,True,13,2,387
47,2315,0.0769,corridors,472314,True,11,2,389
47,2316,0.0766,detour,472315,True,9,2,391
47,2317,0.0763,room,472316,True,13,2,387
47,2318,0.0759,corridors,472317,True,16,2,384
47,2319,0.0756,detour,472318,True,16,2,384
47,2320,0.0753,room,472319,True,6,2,394
47,2321,0.075,corridors,472320,True,13,2,387
47,2322,0.0747,detour,472321,True,6,2,394
47,2323,0.0744,room,472322,True,14,2,386
47,2324,0.0741,corridors,472323,True,2,2,398
47,2325,0.0737,detour,472324,True,6,2,394
47,2326,0.0734,room,472325,True,9,2,391
47,2327,0.0731,corridors,472326,True,12,2,388
47,2328,0.0728,detour,472327,True,8,2,392
47,2329,0.0725,room,472328,True,4,2,396
47,2330,0.0722,corridors,472329,True,12,2,388
47,2331,0.0719,detour,472330,True,9,2,391
47,2332,0.0716,room,472331,True,11,2,389
47,2333,0.0713,corridors,472332,True,7,2,393
47,2334,0.0709,detour,472333,True,9,2,391
47,2335,0.0706,room,472334,True,9,2,391
47,2336,0.0703,corridors,472335,True,9,2,391
47,2337,0.07,detour,472336,True,14,2,386
47,2338,0.0697,room,472337,True,5,2,395
47,2339,0.0694,corridors,472338,True,14,2,386
47,2340,0.0691,detour,472339,True,15,2,385
47,2341,0.0688,room,472340,True,6,2,394
47,2342,0.0684,corridors,472341,True,9,2,391
47,2343,0.0681,detour,472342,True,5,2,395
47,2344,0.0678,room,472343,True,4,2,396
47,2345,0.0675,corridors,472344,True,17,2,383
47,2346,0.0672,detour,472345,True,11,2,389
47,2347,0.0669,room,472346,True,12,2,388
47,2348,0.0666,corridors,472347,True,4,2,396
47,2349,0.0663,detour,472348,True,14,2,386
47,2350,0.0659,room,472349,True,12,2,388
47,2351,0.0656,corridors,472350,True,13,2,387
47,2352,0.0653,detour,472351,True,14,2,386
47,2353,0.065,room,472352,True,10,2,390
47,2354,0.0647,corridors,472353,True,12,2,388
47,2355,0.0644,detour,472354,True,11,2,389
47,2356,0.0641,room,472355,True,8,2,392
47,2357,0.0637,corridors,472356,True,15,2,385
47,2358,0.0634,detour,472357,True,14,2,386
47,2359,0.0631,room,472358,True,8,2,392
47,2360,0.0628,corridors,472359,True,8,2,392
47,2361,0.0625,detour,472360,True,14,2,386
47,2362,0.0622,room,472361,True,4,2,396
47,2363,0.0619,corridors,472362,True,10,2,390
47,2364,0.0616,detour,472363,True,17,2,383
47,2365,0.0613,room,472364,True,8,2,392
47,2366,0.0609,corridors,472365,True,9,2,391
47,2367,0.0606,detour,472366,True,22,2,378
47,2368,0.0603,room,472367,True,12,2,388
47,2369,0.06,corridors,472368,True,15,2,385
47,2370,0.0597,detour,472369,True,14,2,386
47,2371,0.0594,room,472370,True,8,2,392
47,2372,0.0591,corridors,472371,True,10,2,390
47,2373,0.0588,detour,472372,True,11,2,389
47,2374,0.0584,room,472373,True,3,2,397
47,2375,0.0581,corridors,472374,True,11,2,389
47,2376,0.0578,detour,472375,True,7,2,393
47,2377,0.0575,room,472376,True,6,2,394
47,2378,0.0572,corridors,472377,True,6,2,394
47,2379,0.0569,detour,472378,True,18,2,382
47,2380,0.0566,room,472379,True,4,2,396
47,2381,0.0563,corridors,472380,True,6,2,394
47,2382,0.0559,detour,472381,True,26,2,374
47,2383,0.0556,room,472382,True,8,2,392
47,2384,0.0553,corridors,472383,True,10,2,390
47,2385,0.055,detour,472384,True,15,2,385
47,2386,0.0547,room,472385,True,5,2,395
47,2387,0.0544,corridors,472386,True,12,2,388
47,2388,0.0541,detour,472387,True,22,2,378
47,2389,0.0538,room,472388,True,6,2,394
47,2390,0.0534,corridors,472389,True,8,2,392
47,2391,0.0531,detour,472390,True,8,2,392
47,2392,0.0528,room,472391,True,5,2,395
47,2393,0.0525,corridors,472392,True,18,2,382
47,2394,0.0522,detour,472393,True,14,2,386
47,2395,0.0519,room,472394,True,4,2,396
47,2396,0.0516,corridors,472395,True,14,2,386
47,2397,0.0513,detour,472396,True,10,2,390
47,2398,0.0509,room,472397,True,5,2,395
47,2399,0.0506,corridors,472398,True,5,2,395
47,2400,0.0503,detour,472399,True,6,2,394
47,2401,0.05,room,472400,True,10,2,390
47,2402,0.05,corridors,472401,True,6,2,394
47,2403,0.05,detour,472402,True,17,2,383
47,2404,0.05,room,472403,True,3,2,397
47,2405,0.05,corridors,472404,True,6,2,394
47,2406,0.05,detour,472405,True,11,2,389
47,2407,0.05,room,472406,True,8,2,392
47,2408,0.05,corridors,472407,True,8,2,392
47,2409,0.05,detour,472408,True,14,2,386
47,2410,0.05,room,472409,True,5,2,395
47,2411,0.05,corridors,472410,True,3,2,397
47,2412,0.05,detour,472411,True,8,2,392
47,2413,0.05,room,472412,True,7,2,393
47,2414,0.05,corridors,472413,True,11,2,389
47,2415,0.05,detour,472414,True,5,2,395
47,2416,0.05,room,472415,True,6,2,394
47,2417,0.05,corridors,472416,True,9,2,391
47,2418,0.05,detour,472417,True,5,2,395
47,2419,0.05,room,472418,True,9,2,391
47,2420,0.05,corridors,472419,True,14,2,386
47,2421,0.05,detour,472420,True,10,2,390
47,2422,0.05,room,472421,True,8,2,392
47,2423,0.05,corridors,472422,True,12,2,388
47,2424,0.05,detour,472423,True,10,2,390
47,2425,0.05,room,472424,True,7,2,393
47,2426,0.05,corridors,472425,True,10,2,390
47,2427,0.05,detour,472426,True,13,2,387
47,2428,0.05,room,472427,True,6,2,394
47,2429,0.05,corridors,472428,True,10,2,390
47,2430,0.05,detour,472429,True,19,2,381
47,2431,0.05,room,472430,True,8,2,392
47,2432,0.05,corridors,472431,True,8,2,392
47,2433,0.05,detour,472432,True,16,2,384
47,2434,0.05,room,472433,True,4,2,396
47,2435,0.05,corridors,472434,True,12,2,388
47,2436,0.05,detour,472435,True,16,2,384
47,2437,0.05,room,472436,True,8,2,392
47,2438,0.05,corridors,472437,True,3,2,397
47,2439,0.05,detour,472438,True,5,2,395
47,2440,0.05,room,472439,True,11,2,389
47,2441,0.05,corridors,472440,True,7,2,393
47,2442,0.05,detour,472441,True,11,2,389
47,2443,0.05,room,472442,True,5,2,395
47,2444,0.05,corridors,472443,True,5,2,395
47,2445,0.05,detour,472444,True,10,2,390
47,2446,0.05,room,472445,True,6,2,394
47,2447,0.05,corridors,472446,True,7,2,393
47,2448,0.05,detour,472447,True,15,2,385
47,2449,0.05,room,472448,True,9,2,391
47,2450,0.05,corridors,472449,True,9,2,391
47,2451,0.05,detour,472450,True,11,2,389
47,2452,0.05,room,472451,True,3,2,397
47,2453,0.05,corridors,472452,True,11,2,389
47,2454,0.05,detour,472453,True,19,2,381
47,2455,0.05,room,472454,True,10,2,390
47,2456,0.05,corridors,472455,True,10,2,390
47,2457,0.05,detour,472456,True,9,2,391
47,2458,0.05,room,472457,True,2,2,398
47,2459,0.05,corridors,472458,True,13,2,387
47,2460,0.05,detour,472459,True,7,2,393
47,2461,0.05,room,472460,True,4,2,396
47,2462,0.05,corridors,472461,True,7,2,393
47,2463,0.05,detour,472462,True,8,2,392
47,2464,0.05,room,472463,True,6,2,394
47,2465,0.05,corridors,472464,True,5,2,395
47,2466,0.05,detour,472465,True,14,2,386
47,2467,0.05,room,472466,True,6,2,394
47,2468,0.05,corridors,472467,True,8,2,392
47,2469,0.05,detour,472468,True,21,2,379
47,2470,0.05,room,472469,True,3,2,397
47,2471,0.05,corridors,472470,True,9,2,391
47,2472,0.05,detour,472471,True,14,2,386
47,2473,0.05,room,472472,True,9,2,391
47,2474,0.05,corridors,472473,True,8,2,392
47,2475,0.05,detour,472474,True,17,2,383
47,2476,0.05,room,472475,True,10,2,390
47,2477,0.05,corridors,472476,True,8,2,392
47,2478,0.05,detour,472477,True,18,2,382
47,2479,0.05,room,472478,True,6,2,394
47,2480,0.05,corridors,472479,True,10,2,390
47,2481,0.05,detour,472480,True,12,2,388
47,2482,0.05,room,472481,True,5,2,395
47,2483,0.05,corridors,472482,True,10,2,390
47,2484,0.05,detour,472483,True,5,2,395
47,2485,0.05,room,472484,True,8,2,392
47,2486,0.05,corridors,472485,True,12,2,388
47,2487,0.05,detour,472486,True,23,2,377
47,2488,0.05,room,472487,True,10,2,390
47,2489,0.05,corridors,472488,True,4,2,396
47,2490,0.05,detour,472489,True,8,2,392
47,2491,0.05,room,472490,True,10,2,390
47,2492,0.05,corridors,472491,True,11,2,389
47,2493,0.05,detour,472492,True,12,2,388
47,2494,0.05,room,472493,True,11,2,389
47,2495,0.05,corridors,472494,True,4,2,396
47,2496,0.05,detour,472495,True,16,2,384
47,2497,0.05,room,472496,True,7,2,393
47,2498,0.05,corridors,472497,True,11,2,389
47,2499,0.05,detour,472498,True,20,2,380
47,2500,0.05,room,472499,True,8,2,392
47,2501,0.05,corridors,472500,True,13,2,387
47,2502,0.05,detour,472501,True,15,2,385
47,2503,0.05,room,472502,True,8,2,392
47,2504,0.05,corridors,472503,True,10,2,390
47,2505,0.05,detour,472504,True,10,2,390
47,2506,0.05,room,472505,True,6,2,394
47,2507,0.05,corridors,472506,True,12,2,388
47,2508,0.05,detour,472507,True,20,2,380
47,2509,0.05,room,472508,True,9,2,391
47,2510,0.05,corridors,472509,True,9,2,391
47,2511,0.05,detour,472510,True,19,2,381
47,2512,0.05,room,472511,True,5,2,395
47,2513,0.05,corridors,472512,True,17,2,383
47,2514,0.05,detour,472513,True,18,2,382
47,2515,0.05,room,472514,True,7,2,393
47,2516,0.05,corridors,472515,True,7,2,393
47,2517,0.05,detour,472516,True,14,2,386
47,2518,0.05,room,472517,True,14,2,386
47,2519,0.05,corridors,472518,True,5,2,395
47,2520,0.05,detour,472519,True,11,2,389
47,2521,0.05,room,472520,True,11,2,389
47,2522,0.05,corridors,472521,True,13,2,387
47,2523,0.05,detour,472522,True,20,2,380
47,2524,0.05,room,472523,True,11,2,389
47,2525,0.05,corridors,472524,True,8,2,392
47,2526,0.05,detour,472525,True,8,2,392
47,2527,0.05,room,472526,True,7,2,393
47,2528,0.05,corridors,472527,True,12,2,388
47,2529,0.05,detour,472528,True,10,2,390
47,2530,0.05,room,472529,True,2,2,398
47,2531,0.05,corridors,472530,True,11,2,389
47,2532,0.05,detour,472531,True,6,2,394
47,2533,0.05,room,472532,True,5,2,395
47,2534,0.05,corridors,472533,True,5,2,395
47,2535,0.05,detour,472534,True,11,2,389
47,2536,0.05,room,472535,True,4,2,396
47,2537,0.05,corridors,472536,True,10,2,390
47,2538,0.05,detour,472537,True,19,2,381
47,2539,0.05,room,472538,True,10,2,390
47,2540,0.05,corridors,472539,True,9,2,391
47,2541,0.05,detour,472540,True,16,2,384
47,2542,0.05,room,472541,True,6,2,394
47,2543,0.05,corridors,472542,True,8,2,392
47,2544,0.05,detour,472543,True,4,2,396
47,2545,0.05,room,472544,True,11,2,389
47,2546,0.05,corridors,472545,True,12,2,388
47,2547,0.05,detour,472546,True,6,2,394
47,2548,0.05,room,472547,True,12,2,388
47,2549,0.05,corridors,472548,True,7,2,393
47,2550,0.05,detour,472549,True,10,2,390
47,2551,0.05,room,472550,True,8,2,392
47,2552,0.05,corridors,472551,True,6,2,394
47,2553,0.05,detour,472552,True,16,2,384
47,2554,0.05,room,472553,True,4,2,396
47,2555,0.05,corridors,472554,True,14,2,386
47,2556,0.05,detour,472555,True,11,2,389
47,2557,0.05,room,472556,True,8,2,392
47,2558,0.05,corridors,472557,True,13,2,387
47,2559,0.05,detour,472558,True,2,2,398
47,2560,0.05,room,472559,True,5,2,395
47,2561,0.05,corridors,472560,True,13,2,387
47,2562,0.05,detour,472561,True,13,2,387
47,2563,0.05,room,472562,True,4,2,396
47,2564,0.05,corridors,472563,True,6,2,394
47,2565,0.05,detour,472564,True,12,2,388
47,2566,0.05,room,472565,True,6,2,394
47,2567,0.05,corridors,472566,True,12,2,388
47,2568,0.05,detour,472567,True,17,2,383
47,2569,0.05,room,472568,True,6,2,394
47,2570,0.05,corridors,472569,True,13,2,387
47,2571,0.05,detour,472570,True,7,2,393
47,2572,0.05,room,472571,True,5,2,395
47,2573,0.05,corridors,472572,True,6,2,394
47,2574,0.05,detour,472573,True,10,2,390
47,2575,0.05,room,472574,True,13,2,387
47,2576,0.05,corridors,472575,True,9,2,391
47,2577,0.05,detour,472576,True,11,2,389
47,2578,0.05,room,472577,True,8,2,392
47,2579,0.05,corridors,472578,True,6,2,394
47,2580,0.05,detour,472579,True,13,2,387
47,2581,0.05,room,472580,True,8,2,392
47,2582,0.05,corridors,472581,True,13,2,387
47,2583,0.05,detour,472582,True,12,2,388
47,2584,0.05,room,472583,True,5,2,395
47,2585,0.05,corridors,472584,True,11,2,389
47,2586,0.05,detour,472585,True,9,2,391
47,2587,0.05,room,472586,True,9,2,391
47,2588,0.05,corridors,472587,True,11,2,389
47,2589,0.05,detour,472588,True,15,2,385
47,2590,0.05,room,472589,True,4,2,396
47,2591,0.05,corridors,472590,True,8,2,392
47,2592,0.05,detour,472591,True,9,2,391
47,2593,0.05,room,472592,True,5,2,395
47,2594,0.05,corridors,472593,True,12,2,388
47,2595,0.05,detour,472594,True,14,2,386
47,2596,0.05,room,472595,True,4,2,396
47,2597,0.05,corridors,472596,True,15,2,385
47,2598,0.05,detour,472597,True,5,2,395
47,2599,0.05,room,472598,True,10,2,390
47,2600,0.05,corridors,472599,True,8,2,392
47,2601,0.05,detour,472600,True,12,2,388
47,2602,0.05,room,472601,True,9,2,391
47,2603,0.05,corridors,472602,True,7,2,393
47,2604,0.05,detour,472603,True,11,2,389
47,2605,0.05,room,472604,True,6,2,394
47,2606,0.05,corridors,472605,True,11,2,389
47,2607,0.05,detour,472606,True,3,2,397
47,2608,0.05,room,472607,True,3,2,397
47,2609,0.05,corridors,472608,True,7,2,393
47,2610,0.05,detour,472609,True,17,2,383
47,2611,0.05,room,472610,True,7,2,393
47,2612,0.05,corridors,472611,True,13,2,387
47,2613,0.05,detour,472612,True,14,2,386
47,2614,0.05,room,472613,True,9,2,391
47,2615,0.05,corridors,472614,True,9,2,391
47,2616,0.05,detour,472615,True,19,2,381
47,2617,0.05,room,472616,True,5,2,395
47,2618,0.05,corridors,472617,True,16,2,384
47,2619,0.05,detour,472618,True,14,2,386
47,2620,0.05,room,472619,True,12,2,388
47,2621,0.05,corridors,472620,True,11,2,389
47,2622,0.05,detour,472621,True,11,2,389
47,2623,0.05,room,472622,True,6,2,394
47,2624,0.05,corridors,472623,True,14,2,386
47,2625,0.05,detour,472624,True,9,2,391
47,2626,0.05,room,472625,True,11,2,389
47,2627,0.05,corridors,472626,True,7,2,393
47,2628,0.05,detour,472627,True,9,2,391
47,2629,0.05,room,472628,True,5,2,395
47,2630,0.05,corridors,472629,True,5,2,395
47,2631,0.05,detour,472630,True,16,2,384
47,2632,0.05,room,472631,True,4,2,396
47,2633,0.05,corridors,472632,True,7,2,393
47,2634,0.05,detour,472633,True,7,2,393
47,2635,0.05,room,472634,True,10,2,390
47,2636,0.05,corridors,472635,True,10,2,390
47,2637,0.05,detour,472636,True,10,2,390
47,2638,0.05,room,472637,True,5,2,395
47,2639,0.05,corridors,472638,True,3,2,397
47,2640,0.05,detour,472639,True,16,2,384
47,2641,0.05,room,472640,True,3,2,397
47,2642,0.05,corridors,472641,True,14,2,386
47,2643,0.05,detour,472642,True,16,2,384
47,2644,0.05,room,472643,True,9,2,391
47,2645,0.05,corridors,472644,True,12,2,388
47,2646,0.05,detour,472645,True,13,2,387
47,2647,0.05,room,472646,True,9,2,391
47,2648,0.05,corridors,472647,True,3,2,397
47,2649,0.05,detour,472648,True,9,2,391
47,2650,0.05,room,472649,True,7,2,393
47,2651,0.05,corridors,472650,True,13,2,387
47,2652,0.05,detour,472651,True,3,2,397
47,2653,0.05,room,472652,True,9,2,391
47,2654,0.05,corridors,472653,True,12,2,388
47,2655,0.05,detour,472654,True,10,2,390
47,2656,0.05,room,472655,True,7,2,393
47,2657,0.05,corridors,472656,True,15,2,385
47,2658,0.05,detour,472657,True,13,2,387
47,2659,0.05,room,472658,True,9,2,391
47,2660,0.05,corridors,472659,True,13,2,387
47,2661,0.05,detour,472660,True,12,2,388
47,2662,0.05,room,472661,True,9,2,391
47,2663,0.05,corridors,472662,True,10,2,390
47,2664,0.05,detour,472663,True,11,2,389
47,2665,0.05,room,472664,True,5,2,395
47,2666,0.05,corridors,472665,True,8,2,392
47,2667,0.05,detour,472666,True,6,2,394
47,2668,0.05,room,472667,True,7,2,393
47,2669,0.05,corridors,472668,True,16,2,384
47,2670,0.05,detour,472669,True,16,2,384
47,2671,0.05,room,472670,True,6,2,394
47,2672,0.05,corridors,472671,True,3,2,397
47,2673,0.05,detour,472672,True,15,2,385
47,2674,0.05,room,472673,True,9,2,391
47,2675,0.05,corridors,472674,True,13,2,387
47,2676,0.05,detour,472675,True,7,2,393
47,2677,0.05,room,472676,True,10,2,390
47,2678,0.05,corridors,472677,True,14,2,386
47,2679,0.05,detour,472678,True,19,2,381
47,2680,0.05,room,472679,True,5,2,395
47,2681,0.05,corridors,472680,True,6,2,394
47,2682,0.05,detour,472681,True,11,2,389
47,2683,0.05,room,472682,True,11,2,389
47,2684,0.05,corridors,472683,True,11,2,389
47,2685,0.05,detour,472684,True,7,2,393
47,2686,0.05,room,472685,True,6,2,394
47,2687,0.05,corridors,472686,True,5,2,395
47,2688,0.05,detour,472687,True,10,2,390
47,2689,0.05,room,472688,True,7,2,393
47,2690,0.05,corridors,472689,True,12,2,388
47,2691,0.05,detour,472690,True,15,2,385
47,2692,0.05,room,472691,True,6,2,394
47,2693,0.05,corridors,472692,True,14,2,386
47,2694,0.05,detour,472693,True,18,2,382
47,2695,0.05,room,472694,True,7,2,393
47,2696,0.05,corridors,472695,True,16,2,384
47,2697,0.05,detour,472696,True,12,2,388
47,2698,0.05,room,472697,True,10,2,390
47,2699,0.05,corridors,472698,True,8,2,392
47,2700,0.05,detour,472699,True,14,2,386
47,2701,0.05,room,472700,True,13,2,387
47,2702,0.05,corridors,472701,True,7,2,393
47,2703,0.05,detour,472702,True,17,2,383
47,2704,0.05,room,472703,True,5,2,395
47,2705,0.05,corridors,472704,True,7,2,393
47,2706,0.05,detour,472705,True,11,2,389
47,2707,0.05,room,472706,True,7,2,393
47,2708,0.05,corridors,472707,True,4,2,396
47,2709,0.05,detour,472708,True,14,2,386
47,2710,0.05,room,472709,True,10,2,390
47,2711,0.05,corridors,472710,True,8,2,392
47,2712,0.05,detour,472711,True,7,2,393
47,2713,0.05,room,472712,True,9,2,391
47,2714,0.05,corridors,472713,True,11,2,389
47,2715,0.05,detour,472714,True,4,2,396
47,2716,0.05,room,472715,True,12,2,388
47,2717,0.05,corridors,472716,True,6,2,394
47,2718,0.05,detour,472717,True,7,2,393
47,2719,0.05,room,472718,True,3,2,397
47,2720,0.05,corridors,472719,True,12,2,388
47,2721,0.05,detour,472720,True,7,2,393
47,2722,0.05,room,472721,True,7,2,393
47,2723,0.05,corridors,472722,True,14,2,386
47,2724,0.05,detour,472723,True,8,2,392
47,2725,0.05,room,472724,True,10,2,390
47,2726,0.05,corridors,472725,True,11,2,389
47,2727,0.05,detour,472726,True,9,2,391
47,2728,0.05,room,472727,True,7,2,393
47,2729,0.05,corridors,472728,True,5,2,395
47,2730,0.05,detour,472729,True,12,2,388
47,2731,0.05,room,472730,True,10,2,390
47,2732,0.05,corridors,472731,True,10,2,390
47,2733,0.05,detour,472732,True,4,2,396
47,2734,0.05,room,472733,True,6,2,394
47,2735,0.05,corridors,472734,True,10,2,390
47,2736,0.05,detour,472735,True,11,2,389
47,2737,0.05,room,472736,True,6,2,394
47,2738,0.05,corridors,472737,True,15,2,385
47,2739,0.05,detour,472738,True,18,2,382
47,2740,0.05,room,472739,True,6,2,394
47,2741,0.05,corridors,472740,True,13,2,387
47,2742,0.05,detour,472741,True,10,2,390
47,2743,0.05,room,472742,True,11,2,389
47,2744,0.05,corridors,472743,True,13,2,387
47,2745,0.05,detour,472744,True,11,2,389
47,2746,0.05,room,472745,True,5,2,395
47,2747,0.05,corridors,472746,True,6,2,394
47,2748,0.05,detour,472747,True,7,2,393
47,2749,0.05,room,472748,True,2,2,398
47,2750,0.05,corridors,472749,True,10,2,390
47,2751,0.05,detour,472750,True,10,2,390
47,2752,0.05,room,472751,True,5,2,395
47,2753,0.05,corridors,472752,True,10,2,390
47,2754,0.05,detour,472753,True,14,2,386
47,2755,0.05,room,472754,True,7,2,393
47,2756,0.05,corridors,472755,True,13,2,387
47,2757,0.05,detour,472756,True,16,2,384
47,2758,0.05,room,472757,True,13,2,387
47,2759,0.05,corridors,472758,True,10,2,390
47,2760,0.05,detour,472759,True,11,2,389
47,2761,0.05,room,472760,True,9,2,391
47,2762,0.05,corridors,472761,True,5,2,395
47,2763,0.05,detour,472762,True,11,2,389
47,2764,0.05,room,472763,True,6,2,394
47,2765,0.05,corridors,472764,True,11,2,389
47,2766,0.05,detour,472765,True,18,2,382
47,2767,0.05,room,472766,True,10,2,390
47,2768,0.05,corridors,472767,True,13,2,387
47,2769,0.05,detour,472768,True,10,2,390
47,2770,0.05,room,472769,True,9,2,391
47,2771,0.05,corridors,472770,True,9,2,391
47,2772,0.05,detour,472771,True,5,2,395
47,2773,0.05,room,472772,True,12,2,388
47,2774,0.05,corridors,472773,True,8,2,392
47,2775,0.05,detour,472774,True,3,2,397
47,2776,0.05,room,472775,True,4,2,396
47,2777,0.05,corridors,472776,True,13,2,387
47,2778,0.05,detour,472777,True,13,2,387
47,2779,0.05,room,472778,True,11,2,389
47,2780,0.05,corridors,472779,True,12,2,388
47,2781,0.05,detour,472780,True,15,2,385
47,2782,0.05,room,472781,True,5,2,395
47,2783,0.05,corridors,472782,True,9,2,391
47,2784,0.05,detour,472783,True,13,2,387
47,2785,0.05,room,472784,True,7,2,393
47,2786,0.05,corridors,472785,True,11,2,389
47,2787,0.05,detour,472786,True,10,2,390
47,2788,0.05,room,472787,True,5,2,395
47,2789,0.05,corridors,472788,True,11,2,389
47,2790,0.05,detour,472789,True,8,2,392
47,2791,0.05,room,472790,True,11,2,389
47,2792,0.05,corridors,472791,True,11,2,389
47,2793,0.05,detour,472792,True,8,2,392
47,2794,0.05,room,472793,True,8,2,392
47,2795,0.05,corridors,472794,True,6,2,394
47,2796,0.05,detour,472795,True,9,2,391
47,2797,0.05,room,472796,True,10,2,390
47,2798,0.05,corridors,472797,True,9,2,391
47,2799,0.05,detour,472798,True,8,2,392
47,2800,0.05,room,472799,True,6,2,394
47,2801,0.05,corridors,472800,True,14,2,386
47,2802,0.05,detour,472801,True,13,2,387
47,2803,0.05,room,472802,True,8,2,392
47,2804,0.05,corridors,472803,True,14,2,386
47,2805,0.05,detour,472804,True,9,2,391
47,2806,0.05,room,472805,True,10,2,390
47,2807,0.05,corridors,472806,True,11,2,389
47,2808,0.05,detour,472807,True,19,2,381
47,2809,0.05,room,472808,True,8,2,392
47,2810,0.05,corridors,472809,True,18,2,382
47,2811,0.05,detour,472810,True,16,2,384
47,2812,0.05,room,472811,True,13,2,387
47,2813,0.05,corridors,472812,True,17,2,383
47,2814,0.05,detour,472813,True,19,2,381
47,2815,0.05,room,472814,True,4,2,396
47,2816,0.05,corridors,472815,True,5,2,395
47,2817,0.05,detour,472816,True,13,2,387
47,2818,0.05,room,472817,True,16,2,384
47,2819,0.05,corridors,472818,True,10,2,390
47,2820,0.05,detour,472819,True,11,2,389
47,2821,0.05,room,472820,True,5,2,395
47,2822,0.05,corridors,472821,True,7,2,393
47,2823,0.05,detour,472822,True,13,2,387
47,2824,0.05,room,472823,True,6,2,394
47,2825,0.05,corridors,472824,True,8,2,392
47,2826,0.05,detour,472825,True,11,2,389
47,2827,0.05,room,472826,True,9,2,391
47,2828,0.05,corridors,472827,True,4,2,396
47,2829,0.05,detour,472828,True,4,2,396
47,2830,0.05,room,472829,True,4,2,396
47,2831,0.05,corridors,472830,True,11,2,389
47,2832,0.05,detour,472831,True,6,2,394
47,2833,0.05,room,472832,True,5,2,395
47,2834,0.05,corridors,472833,True,9,2,391
47,2835,0.05,detour,472834,True,16,2,384
47,2836,0.05,room,472835,True,6,2,394
47,2837,0.05,corridors,472836,True,7,2,393
47,2838,0.05,detour,472837,True,10,2,390
47,2839,0.05,room,472838,True,9,2,391
47,2840,0.05,corridors,472839,True,8,2,392
47,2841,0.05,detour,472840,True,13,2,387
47,2842,0.05,room,472841,True,5,2,395
47,2843,0.05,corridors,472842,True,11,2,389
47,2844,0.05,detour,472843,True,12,2,388
47,2845,0.05,room,472844,True,8,2,392
47,2846,0.05,corridors,472845,True,16,2,384
47,2847,0.05,detour,472846,True,11,2,389
47,2848,0.05,room,472847,True,12,2,388
47,2849,0.05,corridors,472848,True,8,2,392
47,2850,0.05,detour,472849,True,15,2,385
47,2851,0.05,room,472850,True,9,2,391
47,2852,0.05,corridors,472851,True,9,2,391
47,2853,0.05,detour,472852,True,14,2,386
47,2854,0.05,room,472853,True,13,2,387
47,2855,0.05,corridors,472854,True,6,2,394
47,2856,0.05,detour,472855,True,13,2,387
47,2857,0.05,room,472856,True,13,2,387
47,2858,0.05,corridors,472857,True,13,2,387
47,2859,0.05,detour,472858,True,19,2,381
47,2860,0.05,room,472859,True,6,2,394
47,2861,0.05,corridors,472860,True,2,2,398
47,2862,0.05,detour,472861,True,12,2,388
47,2863,0.05,room,472862,True,6,2,394
47,2864,0.05,corridors,472863,True,12,2,388
47,2865,0.05,detour,472864,True,9,2,391
47,2866,0.05,room,472865,True,11,2,389
47,2867,0.05,corridors,472866,True,4,2,396
47,2868,0.05,detour,472867,True,16,2,384
47,2869,0.05,room,472868,True,5,2,395
47,2870,0.05,corridors,472869,True,6,2,394
47,2871,0.05,detour,472870,True,14,2,386
47,2872,0.05,room,472871,True,6,2,394
47,2873,0.05,corridors,472872,True,9,2,391
47,2874,0.05,detour,472873,True,13,2,387
47,2875,0.05,room,472874,True,7,2,393
47,2876,0.05,corridors,472875,True,4,2,396
47,2877,0.05,detour,472876,True,15,2,385
47,2878,0.05,room,472877,True,8,2,392
47,2879,0.05,corridors,472878,True,15,2,385
47,2880,0.05,detour,472879,True,8,2,392
47,2881,0.05,room,472880,True,10,2,390
47,2882,0.05,corridors,472881,True,13,2,387
47,2883,0.05,detour,472882,True,11,2,389
47,2884,0.05,room,472883,True,11,2,389
47,2885,0.05,corridors,472884,True,10,2,390
47,2886,0.05,detour,472885,True,9,2,391
47,2887,0.05,room,472886,True,8,2,392
47,2888,0.05,corridors,472887,True,18,2,382
47,2889,0.05,detour,472888,True,20,2,380
47,2890,0.05,room,472889,True,11,2,389
47,2891,0.05,corridors,472890,True,16,2,384
47,2892,0.05,detour,472891,True,15,2,385
47,2893,0.05,room,472892,True,3,2,397
47,2894,0.05,corridors,472893,True,11,2,389
47,2895,0.05,detour,472894,True,17,2,383
47,2896,0.05,room,472895,True,11,2,389
47,2897,0.05,corridors,472896,True,12,2,388
47,2898,0.05,detour,472897,True,9,2,391
47,2899,0.05,room,472898,True,5,2,395
47,2900,0.05,corridors,472899,True,16,2,384
47,2901,0.05,detour,472900,True,17,2,383
47,2902,0.05,room,472901,True,3,2,397
47,2903,0.05,corridors,472902,True,11,2,389
47,2904,0.05,detour,472903,True,16,2,384
47,2905,0.05,room,472904,True,8,2,392
47,2906,0.05,corridors,472905,True,17,2,383
47,2907,0.05,detour,472906,True,14,2,386
47,2908,0.05,room,472907,True,4,2,396
47,2909,0.05,corridors,472908,True,10,2,390
47,2910,0.05,detour,472909,True,14,2,386
47,2911,0.05,room,472910,True,5,2,395
47,2912,0.05,corridors,472911,True,9,2,391
47,2913,0.05,detour,472912,True,8,2,392
47,2914,0.05,room,472913,True,5,2,395
47,2915,0.05,corridors,472914,True,10,2,390
47,2916,0.05,detour,472915,True,5,2,395
47,2917,0.05,room,472916,True,5,2,395
47,2918,0.05,corridors,472917,True,16,2,384
47,2919,0.05,detour,472918,True,7,2,393
47,2920,0.05,room,472919,True,5,2,395
47,2921,0.05,corridors,472920,True,9,2,391
47,2922,0.05,detour,472921,True,8,2,392
47,2923,0.05,room,472922,True,4,2,396
47,2924,0.05,corridors,472923,True,13,2,387
47,2925,0.05,detour,472924,True,17,2,383
47,2926,0.05,room,472925,True,14,2,386
47,2927,0.05,corridors,472926,True,15,2,385
47,2928,0.05,detour,472927,True,15,2,385
47,2929,0.05,room,472928,True,11,2,389
47,2930,0.05,corridors,472929,True,8,2,392
47,2931,0.05,detour,472930,True,5,2,395
47,2932,0.05,room,472931,True,9,2,391
47,2933,0.05,corridors,472932,True,8,2,392
47,2934,0.05,detour,472933,True,11,2,389
47,2935,0.05,room,472934,True,10,2,390
47,2936,0.05,corridors,472935,True,9,2,391
47,2937,0.05,detour,472936,True,17,2,383
47,2938,0.05,room,472937,True,10,2,390
47,2939,0.05,corridors,472938,True,7,2,393
47,2940,0.05,detour,472939,True,12,2,388
47,2941,0.05,room,472940,True,7,2,393
47,2942,0.05,corridors,472941,True,11,2,389
47,2943,0.05,detour,472942,True,11,2,389
47,2944,0.05,room,472943,True,9,2,391
47,2945,0.05,corridors,472944,True,12,2,388
47,2946,0.05,detour,472945,True,14,2,386
47,2947,0.05,room,472946,True,7,2,393
47,2948,0.05,corridors,472947,True,10,2,390
47,2949,0.05,detour,472948,True,6,2,394
47,2950,0.05,room,472949,True,6,2,394
47,2951,0.05,corridors,472950,True,4,2,396
47,2952,0.05,detour,472951,True,11,2,389
47,2953,0.05,room,472952,True,8,2,392
47,2954,0.05,corridors,472953,True,4,2,396
47,2955,0.05,detour,472954,True,9,2,391
47,2956,0.05,room,472955,True,4,2,396
47,2957,0.05,corridors,472956,True,4,2,396
47,2958,0.05,detour,472957,True,17,2,383
47,2959,0.05,room,472958,True,9,2,391
47,2960,0.05,corridors,472959,True,7,2,393
47,2961,0.05,detour,472960,True,13,2,387
47,2962,0.05,room,472961,True,3,2,397
47,2963,0.05,corridors,472962,True,5,2,395
47,2964,0.05,detour,472963,True,8,2,392
47,2965,0.05,room,472964,True,8,2,392
47,2966,0.05,corridors,472965,True,11,2,389
47,2967,0.05,detour,472966,True,20,2,380
47,2968,0.05,room,472967,True,11,2,389
47,2969,0.05,corridors,472968,True,9,2,391
47,2970,0.05,detour,472969,True,5,2,395
47,2971,0.05,room,472970,True,6,2,394
47,2972,0.05,corridors,472971,True,7,2,393
47,2973,0.05,detour,472972,True,6,2,394
47,2974,0.05,room,472973,True,8,2,392
47,2975,0.05,corridors,472974,True,8,2,392
47,2976,0.05,detour,472975,True,5,2,395
47,2977,0.05,room,472976,True,15,2,385
47,2978,0.05,corridors,472977,True,13,2,387
47,2979,0.05,detour,472978,True,9,2,391
47,2980,0.05,room,472979,True,7,2,393
47,2981,0.05,corridors,472980,True,18,2,382
47,2982,0.05,detour,472981,True,9,2,391
47,2983,0.05,room,472982,True,10,2,390
47,2984,0.05,corridors,472983,True,9,2,391
47,2985,0.05,detour,472984,True,16,2,384
47,2986,0.05,room,472985,True,6,2,394
47,2987,0.05,corridors,472986,True,9,2,391
47,2988,0.05,detour,472987,True,16,2,384
47,2989,0.05,room,472988,True,12,2,388
47,2990,0.05,corridors,472989,True,8,2,392
47,2991,0.05,detour,472990,True,16,2,384
47,2992,0.05,room,472991,True,10,2,390
47,2993,0.05,corridors,472992,True,10,2,390
47,2994,0.05,detour,472993,True,8,2,392
47,2995,0.05,room,472994,True,7,2,393
47,2996,0.05,corridors,472995,True,6,2,394
47,2997,0.05,detour,472996,True,8,2,392
47,2998,0.05,room,472997,True,7,2,393
47,2999,0.05,corridors,472998,True,10,2,390
47,3000,0.05,detour,472999,True,5,2,395
